ISO-10303-21;
HEADER;
/* Generated by software containing ST-Developer
 * from STEP Tools, Inc. (www.steptools.com) 
 */

FILE_DESCRIPTION(
/* description */ (''),
/* implementation_level */ '2;1');

FILE_NAME(
/* name */ 'antenna-enclosure.step',
/* time_stamp */ '2026-10-08T05:29:06+02:00',
/* author */ (''),
/* organization */ (''),
/* preprocessor_version */ 'ST-DEVELOPER v20.2',
/* originating_system */ 'Autodesk Translation Framework v15.15.0.0',
/* authorisation */ '');

FILE_SCHEMA (('AUTOMOTIVE_DESIGN { 1 0 10303 214 3 1 1 }'));
ENDSEC;

DATA;
#10=MECHANICAL_DESIGN_GEOMETRIC_PRESENTATION_REPRESENTATION('',(#13),#3397);
#11=SHAPE_REPRESENTATION_RELATIONSHIP('SRR','None',#3404,#12);
#12=ADVANCED_BREP_SHAPE_REPRESENTATION('',(#14),#3396);
#13=STYLED_ITEM('',(#3414),#14);
#14=MANIFOLD_SOLID_BREP('Body1',#1357);
#15=FACE_BOUND('',#163,.T.);
#16=FACE_BOUND('',#166,.T.);
#17=FACE_BOUND('',#167,.T.);
#18=FACE_BOUND('',#225,.T.);
#19=PLANE('',#1372);
#20=PLANE('',#1373);
#21=PLANE('',#1374);
#22=PLANE('',#1375);
#23=PLANE('',#1376);
#24=PLANE('',#1377);
#25=PLANE('',#1378);
#26=PLANE('',#1379);
#27=PLANE('',#1380);
#28=PLANE('',#1381);
#29=PLANE('',#1382);
#30=PLANE('',#1383);
#31=PLANE('',#1384);
#32=PLANE('',#1385);
#33=PLANE('',#1386);
#34=PLANE('',#1387);
#35=PLANE('',#1388);
#36=PLANE('',#1389);
#37=PLANE('',#1390);
#38=PLANE('',#1391);
#39=PLANE('',#1392);
#40=PLANE('',#1393);
#41=PLANE('',#1394);
#42=PLANE('',#1395);
#43=PLANE('',#1396);
#44=PLANE('',#1397);
#45=PLANE('',#1398);
#46=PLANE('',#1399);
#47=PLANE('',#1400);
#48=PLANE('',#1401);
#49=PLANE('',#1402);
#50=PLANE('',#1403);
#51=PLANE('',#1404);
#52=PLANE('',#1405);
#53=PLANE('',#1406);
#54=PLANE('',#1407);
#55=PLANE('',#1408);
#56=PLANE('',#1409);
#57=PLANE('',#1410);
#58=PLANE('',#1411);
#59=PLANE('',#1412);
#60=PLANE('',#1413);
#61=PLANE('',#1414);
#62=PLANE('',#1415);
#63=PLANE('',#1416);
#64=PLANE('',#1417);
#65=PLANE('',#1418);
#66=B_SPLINE_SURFACE_WITH_KNOTS('',3,1,((#1729,#1730),(#1731,#1732),(#1733,
#1734),(#1735,#1736),(#1737,#1738),(#1739,#1740),(#1741,#1742),(#1743,#1744),
(#1745,#1746),(#1747,#1748),(#1749,#1750),(#1751,#1752),(#1753,#1754),(#1755,
#1756),(#1757,#1758),(#1759,#1760)),.UNSPECIFIED.,.F.,.F.,.F.,(4,3,3,3,
3,4),(2,2),(0.,1.37649283232768,2.40040460947817,3.90530797329374,4.648568920407,
5.37389201611323),(0.,1.9),.UNSPECIFIED.);
#67=B_SPLINE_SURFACE_WITH_KNOTS('',3,1,((#1770,#1771),(#1772,#1773),(#1774,
#1775),(#1776,#1777),(#1778,#1779),(#1780,#1781),(#1782,#1783),(#1784,#1785),
(#1786,#1787),(#1788,#1789),(#1790,#1791),(#1792,#1793),(#1794,#1795),(#1796,
#1797),(#1798,#1799),(#1800,#1801)),.UNSPECIFIED.,.F.,.F.,.F.,(4,3,3,3,
3,4),(2,2),(-5.37389201611323,-4.648568920407,-3.90530797329374,-2.40040460947817,
-1.37649283232768,0.),(0.,1.9),.UNSPECIFIED.);
#68=B_SPLINE_SURFACE_WITH_KNOTS('',3,1,((#1811,#1812),(#1813,#1814),(#1815,
#1816),(#1817,#1818),(#1819,#1820),(#1821,#1822),(#1823,#1824),(#1825,#1826),
(#1827,#1828),(#1829,#1830),(#1831,#1832),(#1833,#1834),(#1835,#1836),(#1837,
#1838),(#1839,#1840),(#1841,#1842)),.UNSPECIFIED.,.F.,.F.,.F.,(4,3,3,3,
3,4),(2,2),(0.,1.37649283232768,2.40040460947817,3.90530797329374,4.648568920407,
5.37389201611323),(0.,1.9),.UNSPECIFIED.);
#69=B_SPLINE_SURFACE_WITH_KNOTS('',3,1,((#1850,#1851),(#1852,#1853),(#1854,
#1855),(#1856,#1857),(#1858,#1859),(#1860,#1861),(#1862,#1863),(#1864,#1865),
(#1866,#1867),(#1868,#1869),(#1870,#1871),(#1872,#1873),(#1874,#1875),(#1876,
#1877),(#1878,#1879),(#1880,#1881)),.UNSPECIFIED.,.F.,.F.,.F.,(4,3,3,3,
3,4),(2,2),(-5.37389201611323,-4.648568920407,-3.90530797329374,-2.40040460947817,
-1.37649283232768,0.),(0.,1.9),.UNSPECIFIED.);
#70=B_SPLINE_SURFACE_WITH_KNOTS('',3,1,((#1889,#1890),(#1891,#1892),(#1893,
#1894),(#1895,#1896),(#1897,#1898),(#1899,#1900),(#1901,#1902),(#1903,#1904),
(#1905,#1906),(#1907,#1908),(#1909,#1910),(#1911,#1912),(#1913,#1914),(#1915,
#1916),(#1917,#1918),(#1919,#1920)),.UNSPECIFIED.,.F.,.F.,.F.,(4,3,3,3,
3,4),(2,2),(0.,1.37649283232768,2.40040460947817,3.90530797329374,4.648568920407,
5.37389201611323),(0.,0.32),.UNSPECIFIED.);
#71=B_SPLINE_SURFACE_WITH_KNOTS('',3,1,((#1964,#1965),(#1966,#1967),(#1968,
#1969),(#1970,#1971),(#1972,#1973),(#1974,#1975),(#1976,#1977),(#1978,#1979),
(#1980,#1981),(#1982,#1983),(#1984,#1985),(#1986,#1987),(#1988,#1989),(#1990,
#1991),(#1992,#1993),(#1994,#1995)),.UNSPECIFIED.,.F.,.F.,.F.,(4,3,3,3,
3,4),(2,2),(-5.37389201611323,-4.648568920407,-3.90530797329374,-2.40040460947817,
-1.37649283232768,0.),(-0.32,0.1),.UNSPECIFIED.);
#72=B_SPLINE_SURFACE_WITH_KNOTS('',3,1,((#2028,#2029),(#2030,#2031),(#2032,
#2033),(#2034,#2035),(#2036,#2037),(#2038,#2039),(#2040,#2041),(#2042,#2043),
(#2044,#2045),(#2046,#2047),(#2048,#2049),(#2050,#2051),(#2052,#2053),(#2054,
#2055),(#2056,#2057),(#2058,#2059)),.UNSPECIFIED.,.F.,.F.,.F.,(4,3,3,3,
3,4),(2,2),(0.,1.37649283232768,2.40040460947817,3.90530797329374,4.648568920407,
5.37389201611323),(0.,0.32),.UNSPECIFIED.);
#73=B_SPLINE_SURFACE_WITH_KNOTS('',3,1,((#2185,#2186),(#2187,#2188),(#2189,
#2190),(#2191,#2192),(#2193,#2194),(#2195,#2196),(#2197,#2198),(#2199,#2200),
(#2201,#2202),(#2203,#2204),(#2205,#2206),(#2207,#2208),(#2209,#2210),(#2211,
#2212),(#2213,#2214),(#2215,#2216)),.UNSPECIFIED.,.F.,.F.,.F.,(4,3,3,3,
3,4),(2,2),(0.,1.37649283232768,2.40040460947817,3.90530797329374,4.648568920407,
5.37389201611323),(-0.32,0.1),.UNSPECIFIED.);
#74=B_SPLINE_SURFACE_WITH_KNOTS('',3,1,((#2474,#2475),(#2476,#2477),(#2478,
#2479),(#2480,#2481),(#2482,#2483),(#2484,#2485),(#2486,#2487),(#2488,#2489),
(#2490,#2491),(#2492,#2493),(#2494,#2495),(#2496,#2497),(#2498,#2499),(#2500,
#2501),(#2502,#2503),(#2504,#2505),(#2506,#2507),(#2508,#2509),(#2510,#2511)),
 .UNSPECIFIED.,.F.,.F.,.F.,(4,3,3,3,3,3,4),(2,2),(0.,1.37649283232768,2.40040460947817,
3.75826301690066,3.90530797329374,4.648568920407,5.37389201611323),(-0.32,
0.1),.UNSPECIFIED.);
#75=B_SPLINE_SURFACE_WITH_KNOTS('',3,1,((#2688,#2689),(#2690,#2691),(#2692,
#2693),(#2694,#2695),(#2696,#2697),(#2698,#2699),(#2700,#2701),(#2702,#2703),
(#2704,#2705),(#2706,#2707),(#2708,#2709),(#2710,#2711),(#2712,#2713),(#2714,
#2715),(#2716,#2717),(#2718,#2719)),.UNSPECIFIED.,.F.,.F.,.F.,(4,3,3,3,
3,4),(2,2),(-5.37389201611323,-4.648568920407,-3.90530797329374,-2.40040460947817,
-1.37649283232768,0.),(0.,0.32),.UNSPECIFIED.);
#76=B_SPLINE_SURFACE_WITH_KNOTS('',3,1,((#2738,#2739),(#2740,#2741),(#2742,
#2743),(#2744,#2745),(#2746,#2747),(#2748,#2749),(#2750,#2751),(#2752,#2753),
(#2754,#2755),(#2756,#2757),(#2758,#2759),(#2760,#2761),(#2762,#2763),(#2764,
#2765),(#2766,#2767),(#2768,#2769)),.UNSPECIFIED.,.F.,.F.,.F.,(4,3,3,3,
3,4),(2,2),(0.,1.37649283232768,2.40040460947817,3.90530797329374,4.648568920407,
5.37389201611323),(0.,0.32),.UNSPECIFIED.);
#77=B_SPLINE_SURFACE_WITH_KNOTS('',3,1,((#2967,#2968),(#2969,#2970),(#2971,
#2972),(#2973,#2974),(#2975,#2976),(#2977,#2978),(#2979,#2980),(#2981,#2982),
(#2983,#2984),(#2985,#2986),(#2987,#2988),(#2989,#2990),(#2991,#2992),(#2993,
#2994),(#2995,#2996),(#2997,#2998),(#2999,#3000),(#3001,#3002),(#3003,#3004)),
 .UNSPECIFIED.,.F.,.F.,.F.,(4,3,3,3,3,3,4),(2,2),(-5.37389201611323,-4.648568920407,
-3.90530797329374,-3.75826301690066,-2.40040460947817,-1.37649283232768,
0.),(-0.32,0.1),.UNSPECIFIED.);
#78=B_SPLINE_SURFACE_WITH_KNOTS('',3,1,((#3020,#3021),(#3022,#3023),(#3024,
#3025),(#3026,#3027),(#3028,#3029),(#3030,#3031),(#3032,#3033),(#3034,#3035),
(#3036,#3037),(#3038,#3039),(#3040,#3041),(#3042,#3043),(#3044,#3045),(#3046,
#3047),(#3048,#3049),(#3050,#3051),(#3052,#3053),(#3054,#3055),(#3056,#3057)),
 .UNSPECIFIED.,.F.,.F.,.F.,(4,3,3,3,3,3,4),(2,2),(-5.37389201611323,-4.648568920407,
-3.90530797329374,-3.75826301690066,-2.40040460947817,-1.37649283232768,
0.),(-0.32,0.1),.UNSPECIFIED.);
#79=B_SPLINE_SURFACE_WITH_KNOTS('',3,1,((#3070,#3071),(#3072,#3073),(#3074,
#3075),(#3076,#3077),(#3078,#3079),(#3080,#3081),(#3082,#3083),(#3084,#3085),
(#3086,#3087),(#3088,#3089),(#3090,#3091),(#3092,#3093),(#3094,#3095),(#3096,
#3097),(#3098,#3099),(#3100,#3101),(#3102,#3103),(#3104,#3105),(#3106,#3107)),
 .UNSPECIFIED.,.F.,.F.,.F.,(4,3,3,3,3,3,4),(2,2),(0.,1.37649283232768,2.40040460947817,
3.75826301690066,3.90530797329374,4.648568920407,5.37389201611323),(-0.32,
0.1),.UNSPECIFIED.);
#80=B_SPLINE_SURFACE_WITH_KNOTS('',3,1,((#3124,#3125),(#3126,#3127),(#3128,
#3129),(#3130,#3131),(#3132,#3133),(#3134,#3135),(#3136,#3137),(#3138,#3139),
(#3140,#3141),(#3142,#3143),(#3144,#3145),(#3146,#3147),(#3148,#3149),(#3150,
#3151),(#3152,#3153),(#3154,#3155)),.UNSPECIFIED.,.F.,.F.,.F.,(4,3,3,3,
3,4),(2,2),(-5.37389201611323,-4.648568920407,-3.90530797329374,-2.40040460947817,
-1.37649283232768,0.),(0.,0.32),.UNSPECIFIED.);
#81=B_SPLINE_SURFACE_WITH_KNOTS('',3,1,((#3177,#3178),(#3179,#3180),(#3181,
#3182),(#3183,#3184),(#3185,#3186),(#3187,#3188),(#3189,#3190),(#3191,#3192),
(#3193,#3194),(#3195,#3196),(#3197,#3198),(#3199,#3200),(#3201,#3202),(#3203,
#3204),(#3205,#3206),(#3207,#3208)),.UNSPECIFIED.,.F.,.F.,.F.,(4,3,3,3,
3,4),(2,2),(-5.37389201611323,-4.648568920407,-3.90530797329374,-2.40040460947817,
-1.37649283232768,0.),(0.,0.32),.UNSPECIFIED.);
#82=B_SPLINE_SURFACE_WITH_KNOTS('',3,1,((#3230,#3231),(#3232,#3233),(#3234,
#3235),(#3236,#3237),(#3238,#3239),(#3240,#3241),(#3242,#3243),(#3244,#3245),
(#3246,#3247),(#3248,#3249),(#3250,#3251),(#3252,#3253),(#3254,#3255),(#3256,
#3257),(#3258,#3259),(#3260,#3261)),.UNSPECIFIED.,.F.,.F.,.F.,(4,3,3,3,
3,4),(2,2),(0.,1.37649283232768,2.40040460947817,3.90530797329374,4.648568920407,
5.37389201611323),(0.,0.32),.UNSPECIFIED.);
#83=B_SPLINE_SURFACE_WITH_KNOTS('',3,1,((#3280,#3281),(#3282,#3283),(#3284,
#3285),(#3286,#3287),(#3288,#3289),(#3290,#3291),(#3292,#3293),(#3294,#3295),
(#3296,#3297),(#3298,#3299),(#3300,#3301),(#3302,#3303),(#3304,#3305),(#3306,
#3307),(#3308,#3309),(#3310,#3311)),.UNSPECIFIED.,.F.,.F.,.F.,(4,3,3,3,
3,4),(2,2),(-5.37389201611323,-4.648568920407,-3.90530797329374,-2.40040460947817,
-1.37649283232768,0.),(0.,0.32),.UNSPECIFIED.);
#84=B_SPLINE_SURFACE_WITH_KNOTS('',3,1,((#3328,#3329),(#3330,#3331),(#3332,
#3333),(#3334,#3335),(#3336,#3337),(#3338,#3339),(#3340,#3341),(#3342,#3343),
(#3344,#3345),(#3346,#3347),(#3348,#3349),(#3350,#3351),(#3352,#3353),(#3354,
#3355),(#3356,#3357),(#3358,#3359)),.UNSPECIFIED.,.F.,.F.,.F.,(4,3,3,3,
3,4),(2,2),(-5.37389201611323,-4.648568920407,-3.90530797329374,-2.40040460947817,
-1.37649283232768,0.),(-0.32,0.1),.UNSPECIFIED.);
#85=B_SPLINE_SURFACE_WITH_KNOTS('',3,1,((#3361,#3362),(#3363,#3364),(#3365,
#3366),(#3367,#3368),(#3369,#3370),(#3371,#3372),(#3373,#3374),(#3375,#3376),
(#3377,#3378),(#3379,#3380),(#3381,#3382),(#3383,#3384),(#3385,#3386),(#3387,
#3388),(#3389,#3390),(#3391,#3392)),.UNSPECIFIED.,.F.,.F.,.F.,(4,3,3,3,
3,4),(2,2),(0.,1.37649283232768,2.40040460947817,3.90530797329374,4.648568920407,
5.37389201611323),(-0.32,0.1),.UNSPECIFIED.);
#86=FACE_OUTER_BOUND('',#154,.T.);
#87=FACE_OUTER_BOUND('',#155,.T.);
#88=FACE_OUTER_BOUND('',#156,.T.);
#89=FACE_OUTER_BOUND('',#157,.T.);
#90=FACE_OUTER_BOUND('',#158,.T.);
#91=FACE_OUTER_BOUND('',#159,.T.);
#92=FACE_OUTER_BOUND('',#160,.T.);
#93=FACE_OUTER_BOUND('',#161,.T.);
#94=FACE_OUTER_BOUND('',#162,.T.);
#95=FACE_OUTER_BOUND('',#164,.T.);
#96=FACE_OUTER_BOUND('',#165,.T.);
#97=FACE_OUTER_BOUND('',#168,.T.);
#98=FACE_OUTER_BOUND('',#169,.T.);
#99=FACE_OUTER_BOUND('',#170,.T.);
#100=FACE_OUTER_BOUND('',#171,.T.);
#101=FACE_OUTER_BOUND('',#172,.T.);
#102=FACE_OUTER_BOUND('',#173,.T.);
#103=FACE_OUTER_BOUND('',#174,.T.);
#104=FACE_OUTER_BOUND('',#175,.T.);
#105=FACE_OUTER_BOUND('',#176,.T.);
#106=FACE_OUTER_BOUND('',#177,.T.);
#107=FACE_OUTER_BOUND('',#178,.T.);
#108=FACE_OUTER_BOUND('',#179,.T.);
#109=FACE_OUTER_BOUND('',#180,.T.);
#110=FACE_OUTER_BOUND('',#181,.T.);
#111=FACE_OUTER_BOUND('',#182,.T.);
#112=FACE_OUTER_BOUND('',#183,.T.);
#113=FACE_OUTER_BOUND('',#184,.T.);
#114=FACE_OUTER_BOUND('',#185,.T.);
#115=FACE_OUTER_BOUND('',#186,.T.);
#116=FACE_OUTER_BOUND('',#187,.T.);
#117=FACE_OUTER_BOUND('',#188,.T.);
#118=FACE_OUTER_BOUND('',#189,.T.);
#119=FACE_OUTER_BOUND('',#190,.T.);
#120=FACE_OUTER_BOUND('',#191,.T.);
#121=FACE_OUTER_BOUND('',#192,.T.);
#122=FACE_OUTER_BOUND('',#193,.T.);
#123=FACE_OUTER_BOUND('',#194,.T.);
#124=FACE_OUTER_BOUND('',#195,.T.);
#125=FACE_OUTER_BOUND('',#196,.T.);
#126=FACE_OUTER_BOUND('',#197,.T.);
#127=FACE_OUTER_BOUND('',#198,.T.);
#128=FACE_OUTER_BOUND('',#199,.T.);
#129=FACE_OUTER_BOUND('',#200,.T.);
#130=FACE_OUTER_BOUND('',#201,.T.);
#131=FACE_OUTER_BOUND('',#202,.T.);
#132=FACE_OUTER_BOUND('',#203,.T.);
#133=FACE_OUTER_BOUND('',#204,.T.);
#134=FACE_OUTER_BOUND('',#205,.T.);
#135=FACE_OUTER_BOUND('',#206,.T.);
#136=FACE_OUTER_BOUND('',#207,.T.);
#137=FACE_OUTER_BOUND('',#208,.T.);
#138=FACE_OUTER_BOUND('',#209,.T.);
#139=FACE_OUTER_BOUND('',#210,.T.);
#140=FACE_OUTER_BOUND('',#211,.T.);
#141=FACE_OUTER_BOUND('',#212,.T.);
#142=FACE_OUTER_BOUND('',#213,.T.);
#143=FACE_OUTER_BOUND('',#214,.T.);
#144=FACE_OUTER_BOUND('',#215,.T.);
#145=FACE_OUTER_BOUND('',#216,.T.);
#146=FACE_OUTER_BOUND('',#217,.T.);
#147=FACE_OUTER_BOUND('',#218,.T.);
#148=FACE_OUTER_BOUND('',#219,.T.);
#149=FACE_OUTER_BOUND('',#220,.T.);
#150=FACE_OUTER_BOUND('',#221,.T.);
#151=FACE_OUTER_BOUND('',#222,.T.);
#152=FACE_OUTER_BOUND('',#223,.T.);
#153=FACE_OUTER_BOUND('',#224,.T.);
#154=EDGE_LOOP('',(#884,#885,#886,#887,#888,#889,#890,#891,#892,#893,#894,
#895,#896,#897));
#155=EDGE_LOOP('',(#898,#899,#900));
#156=EDGE_LOOP('',(#901,#902,#903));
#157=EDGE_LOOP('',(#904,#905,#906));
#158=EDGE_LOOP('',(#907,#908,#909));
#159=EDGE_LOOP('',(#910,#911,#912,#913,#914));
#160=EDGE_LOOP('',(#915,#916,#917,#918));
#161=EDGE_LOOP('',(#919,#920,#921,#922,#923));
#162=EDGE_LOOP('',(#924,#925,#926,#927));
#163=EDGE_LOOP('',(#928,#929,#930,#931,#932,#933,#934,#935,#936,#937,#938,
#939));
#164=EDGE_LOOP('',(#940,#941,#942,#943));
#165=EDGE_LOOP('',(#944,#945,#946,#947,#948,#949,#950,#951,#952,#953,#954,
#955,#956,#957,#958,#959,#960,#961,#962,#963,#964,#965,#966,#967,#968,#969,
#970,#971,#972,#973,#974,#975,#976,#977,#978,#979,#980,#981,#982));
#166=EDGE_LOOP('',(#983,#984,#985));
#167=EDGE_LOOP('',(#986,#987,#988));
#168=EDGE_LOOP('',(#989,#990,#991,#992,#993,#994));
#169=EDGE_LOOP('',(#995,#996,#997,#998,#999,#1000));
#170=EDGE_LOOP('',(#1001,#1002,#1003,#1004));
#171=EDGE_LOOP('',(#1005,#1006,#1007,#1008,#1009,#1010,#1011,#1012,#1013,
#1014,#1015,#1016));
#172=EDGE_LOOP('',(#1017,#1018,#1019,#1020,#1021,#1022,#1023,#1024,#1025,
#1026));
#173=EDGE_LOOP('',(#1027,#1028,#1029,#1030));
#174=EDGE_LOOP('',(#1031,#1032,#1033,#1034));
#175=EDGE_LOOP('',(#1035,#1036,#1037,#1038));
#176=EDGE_LOOP('',(#1039,#1040,#1041,#1042));
#177=EDGE_LOOP('',(#1043,#1044,#1045,#1046,#1047));
#178=EDGE_LOOP('',(#1048,#1049,#1050,#1051));
#179=EDGE_LOOP('',(#1052,#1053,#1054,#1055));
#180=EDGE_LOOP('',(#1056,#1057,#1058,#1059,#1060));
#181=EDGE_LOOP('',(#1061,#1062,#1063,#1064));
#182=EDGE_LOOP('',(#1065,#1066,#1067,#1068));
#183=EDGE_LOOP('',(#1069,#1070,#1071,#1072,#1073));
#184=EDGE_LOOP('',(#1074,#1075,#1076,#1077));
#185=EDGE_LOOP('',(#1078,#1079,#1080,#1081));
#186=EDGE_LOOP('',(#1082,#1083,#1084,#1085,#1086));
#187=EDGE_LOOP('',(#1087,#1088,#1089,#1090));
#188=EDGE_LOOP('',(#1091,#1092,#1093,#1094));
#189=EDGE_LOOP('',(#1095,#1096,#1097,#1098,#1099));
#190=EDGE_LOOP('',(#1100,#1101,#1102,#1103));
#191=EDGE_LOOP('',(#1104,#1105,#1106,#1107));
#192=EDGE_LOOP('',(#1108,#1109,#1110,#1111,#1112));
#193=EDGE_LOOP('',(#1113,#1114,#1115,#1116));
#194=EDGE_LOOP('',(#1117,#1118,#1119,#1120));
#195=EDGE_LOOP('',(#1121,#1122,#1123,#1124,#1125));
#196=EDGE_LOOP('',(#1126,#1127,#1128,#1129));
#197=EDGE_LOOP('',(#1130,#1131,#1132,#1133));
#198=EDGE_LOOP('',(#1134,#1135,#1136,#1137,#1138));
#199=EDGE_LOOP('',(#1139,#1140,#1141,#1142));
#200=EDGE_LOOP('',(#1143,#1144,#1145,#1146,#1147));
#201=EDGE_LOOP('',(#1148,#1149,#1150,#1151,#1152,#1153,#1154,#1155,#1156,
#1157,#1158,#1159));
#202=EDGE_LOOP('',(#1160,#1161,#1162,#1163));
#203=EDGE_LOOP('',(#1164,#1165,#1166,#1167,#1168));
#204=EDGE_LOOP('',(#1169,#1170,#1171,#1172));
#205=EDGE_LOOP('',(#1173,#1174,#1175,#1176,#1177));
#206=EDGE_LOOP('',(#1178,#1179,#1180,#1181,#1182,#1183,#1184,#1185,#1186,
#1187,#1188,#1189));
#207=EDGE_LOOP('',(#1190,#1191,#1192,#1193));
#208=EDGE_LOOP('',(#1194,#1195,#1196,#1197,#1198));
#209=EDGE_LOOP('',(#1199,#1200,#1201,#1202,#1203,#1204,#1205,#1206,#1207,
#1208,#1209,#1210));
#210=EDGE_LOOP('',(#1211,#1212,#1213,#1214));
#211=EDGE_LOOP('',(#1215,#1216,#1217,#1218,#1219));
#212=EDGE_LOOP('',(#1220,#1221,#1222,#1223));
#213=EDGE_LOOP('',(#1224,#1225,#1226,#1227,#1228));
#214=EDGE_LOOP('',(#1229,#1230,#1231,#1232));
#215=EDGE_LOOP('',(#1233,#1234,#1235,#1236,#1237));
#216=EDGE_LOOP('',(#1238,#1239,#1240,#1241));
#217=EDGE_LOOP('',(#1242,#1243,#1244,#1245,#1246));
#218=EDGE_LOOP('',(#1247,#1248,#1249,#1250,#1251));
#219=EDGE_LOOP('',(#1252,#1253,#1254,#1255,#1256));
#220=EDGE_LOOP('',(#1257,#1258,#1259,#1260));
#221=EDGE_LOOP('',(#1261,#1262,#1263,#1264));
#222=EDGE_LOOP('',(#1265,#1266,#1267,#1268));
#223=EDGE_LOOP('',(#1269,#1270,#1271,#1272));
#224=EDGE_LOOP('',(#1273,#1274,#1275,#1276,#1277,#1278,#1279));
#225=EDGE_LOOP('',(#1280,#1281,#1282,#1283,#1284,#1285,#1286,#1287));
#226=LINE('',#1650,#344);
#227=LINE('',#1670,#345);
#228=LINE('',#1683,#346);
#229=LINE('',#1696,#347);
#230=LINE('',#1716,#348);
#231=LINE('',#1728,#349);
#232=LINE('',#1762,#350);
#233=LINE('',#1810,#351);
#234=LINE('',#1940,#352);
#235=LINE('',#1963,#353);
#236=LINE('',#2014,#354);
#237=LINE('',#2079,#355);
#238=LINE('',#2102,#356);
#239=LINE('',#2233,#357);
#240=LINE('',#2240,#358);
#241=LINE('',#2242,#359);
#242=LINE('',#2244,#360);
#243=LINE('',#2257,#361);
#244=LINE('',#2259,#362);
#245=LINE('',#2261,#363);
#246=LINE('',#2291,#364);
#247=LINE('',#2293,#365);
#248=LINE('',#2295,#366);
#249=LINE('',#2308,#367);
#250=LINE('',#2310,#368);
#251=LINE('',#2312,#369);
#252=LINE('',#2324,#370);
#253=LINE('',#2326,#371);
#254=LINE('',#2328,#372);
#255=LINE('',#2341,#373);
#256=LINE('',#2343,#374);
#257=LINE('',#2345,#375);
#258=LINE('',#2375,#376);
#259=LINE('',#2377,#377);
#260=LINE('',#2379,#378);
#261=LINE('',#2392,#379);
#262=LINE('',#2394,#380);
#263=LINE('',#2396,#381);
#264=LINE('',#2403,#382);
#265=LINE('',#2404,#383);
#266=LINE('',#2434,#384);
#267=LINE('',#2436,#385);
#268=LINE('',#2445,#386);
#269=LINE('',#2461,#387);
#270=LINE('',#2470,#388);
#271=LINE('',#2471,#389);
#272=LINE('',#2473,#390);
#273=LINE('',#2532,#391);
#274=LINE('',#2721,#392);
#275=LINE('',#2787,#393);
#276=LINE('',#2791,#394);
#277=LINE('',#2793,#395);
#278=LINE('',#2795,#396);
#279=LINE('',#2796,#397);
#280=LINE('',#2798,#398);
#281=LINE('',#2799,#399);
#282=LINE('',#2801,#400);
#283=LINE('',#2805,#401);
#284=LINE('',#2807,#402);
#285=LINE('',#2809,#403);
#286=LINE('',#2810,#404);
#287=LINE('',#2812,#405);
#288=LINE('',#2813,#406);
#289=LINE('',#2815,#407);
#290=LINE('',#2819,#408);
#291=LINE('',#2821,#409);
#292=LINE('',#2823,#410);
#293=LINE('',#2824,#411);
#294=LINE('',#2827,#412);
#295=LINE('',#2833,#413);
#296=LINE('',#2835,#414);
#297=LINE('',#2843,#415);
#298=LINE('',#2845,#416);
#299=LINE('',#2847,#417);
#300=LINE('',#2848,#418);
#301=LINE('',#2851,#419);
#302=LINE('',#2857,#420);
#303=LINE('',#2859,#421);
#304=LINE('',#2867,#422);
#305=LINE('',#2869,#423);
#306=LINE('',#2871,#424);
#307=LINE('',#2872,#425);
#308=LINE('',#2875,#426);
#309=LINE('',#2881,#427);
#310=LINE('',#2883,#428);
#311=LINE('',#2891,#429);
#312=LINE('',#2893,#430);
#313=LINE('',#2895,#431);
#314=LINE('',#2896,#432);
#315=LINE('',#2899,#433);
#316=LINE('',#2905,#434);
#317=LINE('',#2907,#435);
#318=LINE('',#2915,#436);
#319=LINE('',#2917,#437);
#320=LINE('',#2919,#438);
#321=LINE('',#2920,#439);
#322=LINE('',#2923,#440);
#323=LINE('',#2929,#441);
#324=LINE('',#2931,#442);
#325=LINE('',#2939,#443);
#326=LINE('',#2941,#444);
#327=LINE('',#2943,#445);
#328=LINE('',#2944,#446);
#329=LINE('',#2947,#447);
#330=LINE('',#2953,#448);
#331=LINE('',#2955,#449);
#332=LINE('',#2961,#450);
#333=LINE('',#3005,#451);
#334=LINE('',#3011,#452);
#335=LINE('',#3014,#453);
#336=LINE('',#3062,#454);
#337=LINE('',#3064,#455);
#338=LINE('',#3113,#456);
#339=LINE('',#3116,#457);
#340=LINE('',#3119,#458);
#341=LINE('',#3122,#459);
#342=LINE('',#3279,#460);
#343=LINE('',#3360,#461);
#344=VECTOR('',#1423,10.);
#345=VECTOR('',#1424,10.);
#346=VECTOR('',#1425,10.);
#347=VECTOR('',#1426,10.);
#348=VECTOR('',#1427,10.);
#349=VECTOR('',#1428,10.);
#350=VECTOR('',#1429,10.);
#351=VECTOR('',#1430,10.);
#352=VECTOR('',#1431,10.);
#353=VECTOR('',#1432,10.);
#354=VECTOR('',#1433,10.);
#355=VECTOR('',#1434,10.);
#356=VECTOR('',#1435,10.);
#357=VECTOR('',#1440,10.);
#358=VECTOR('',#1441,10.);
#359=VECTOR('',#1442,10.);
#360=VECTOR('',#1443,10.);
#361=VECTOR('',#1444,10.);
#362=VECTOR('',#1445,10.);
#363=VECTOR('',#1446,10.);
#364=VECTOR('',#1447,10.);
#365=VECTOR('',#1448,10.);
#366=VECTOR('',#1449,10.);
#367=VECTOR('',#1450,10.);
#368=VECTOR('',#1451,10.);
#369=VECTOR('',#1452,10.);
#370=VECTOR('',#1453,10.);
#371=VECTOR('',#1454,10.);
#372=VECTOR('',#1455,10.);
#373=VECTOR('',#1456,10.);
#374=VECTOR('',#1457,10.);
#375=VECTOR('',#1458,10.);
#376=VECTOR('',#1459,10.);
#377=VECTOR('',#1460,10.);
#378=VECTOR('',#1461,10.);
#379=VECTOR('',#1462,10.);
#380=VECTOR('',#1463,10.);
#381=VECTOR('',#1464,10.);
#382=VECTOR('',#1465,10.);
#383=VECTOR('',#1466,10.);
#384=VECTOR('',#1469,10.);
#385=VECTOR('',#1470,10.);
#386=VECTOR('',#1471,10.);
#387=VECTOR('',#1474,10.);
#388=VECTOR('',#1475,10.);
#389=VECTOR('',#1476,10.);
#390=VECTOR('',#1479,10.);
#391=VECTOR('',#1480,10.);
#392=VECTOR('',#1483,10.);
#393=VECTOR('',#1484,10.);
#394=VECTOR('',#1487,10.);
#395=VECTOR('',#1488,10.);
#396=VECTOR('',#1489,10.);
#397=VECTOR('',#1490,10.);
#398=VECTOR('',#1493,10.);
#399=VECTOR('',#1494,10.);
#400=VECTOR('',#1497,10.);
#401=VECTOR('',#1500,10.);
#402=VECTOR('',#1501,10.);
#403=VECTOR('',#1502,10.);
#404=VECTOR('',#1503,10.);
#405=VECTOR('',#1506,10.);
#406=VECTOR('',#1507,10.);
#407=VECTOR('',#1510,10.);
#408=VECTOR('',#1513,10.);
#409=VECTOR('',#1514,10.);
#410=VECTOR('',#1515,10.);
#411=VECTOR('',#1516,10.);
#412=VECTOR('',#1519,10.);
#413=VECTOR('',#1520,10.);
#414=VECTOR('',#1523,10.);
#415=VECTOR('',#1526,10.);
#416=VECTOR('',#1527,10.);
#417=VECTOR('',#1528,10.);
#418=VECTOR('',#1529,10.);
#419=VECTOR('',#1532,10.);
#420=VECTOR('',#1533,10.);
#421=VECTOR('',#1536,10.);
#422=VECTOR('',#1539,10.);
#423=VECTOR('',#1540,10.);
#424=VECTOR('',#1541,10.);
#425=VECTOR('',#1542,10.);
#426=VECTOR('',#1545,10.);
#427=VECTOR('',#1546,10.);
#428=VECTOR('',#1549,10.);
#429=VECTOR('',#1552,10.);
#430=VECTOR('',#1553,10.);
#431=VECTOR('',#1554,10.);
#432=VECTOR('',#1555,10.);
#433=VECTOR('',#1558,10.);
#434=VECTOR('',#1559,10.);
#435=VECTOR('',#1562,10.);
#436=VECTOR('',#1565,10.);
#437=VECTOR('',#1566,10.);
#438=VECTOR('',#1567,10.);
#439=VECTOR('',#1568,10.);
#440=VECTOR('',#1571,10.);
#441=VECTOR('',#1572,10.);
#442=VECTOR('',#1575,10.);
#443=VECTOR('',#1578,10.);
#444=VECTOR('',#1579,10.);
#445=VECTOR('',#1580,10.);
#446=VECTOR('',#1581,10.);
#447=VECTOR('',#1584,10.);
#448=VECTOR('',#1585,10.);
#449=VECTOR('',#1588,10.);
#450=VECTOR('',#1591,10.);
#451=VECTOR('',#1594,10.);
#452=VECTOR('',#1597,10.);
#453=VECTOR('',#1602,10.);
#454=VECTOR('',#1605,10.);
#455=VECTOR('',#1608,10.);
#456=VECTOR('',#1613,10.);
#457=VECTOR('',#1618,10.);
#458=VECTOR('',#1623,10.);
#459=VECTOR('',#1628,10.);
#460=VECTOR('',#1631,10.);
#461=VECTOR('',#1632,10.);
#462=B_SPLINE_CURVE_WITH_KNOTS('',3,(#1639,#1640,#1641,#1642,#1643,#1644,
#1645,#1646,#1647,#1648),.UNSPECIFIED.,.F.,.F.,(4,2,2,2,4),(-0.451145184971108,
-0.365288173879978,-0.288126784952317,-0.145878552193618,0.),
 .UNSPECIFIED.);
#463=B_SPLINE_CURVE_WITH_KNOTS('',3,(#1652,#1653,#1654,#1655,#1656,#1657,
#1658,#1659),.UNSPECIFIED.,.F.,.F.,(4,2,2,4),(0.,0.164868023395075,0.272557994120156,
0.363958554829342),.UNSPECIFIED.);
#464=B_SPLINE_CURVE_WITH_KNOTS('',3,(#1661,#1662,#1663,#1664,#1665,#1666,
#1667,#1668),.UNSPECIFIED.,.F.,.F.,(4,2,2,4),(0.,0.142794297511937,0.256843309600727,
0.365032041918627),.UNSPECIFIED.);
#465=B_SPLINE_CURVE_WITH_KNOTS('',3,(#1672,#1673,#1674,#1675,#1676,#1677,
#1678,#1679,#1680,#1681),.UNSPECIFIED.,.F.,.F.,(4,2,2,2,4),(-0.450881377950107,
-0.368138425660111,-0.289835006516755,-0.146038210537229,0.),
 .UNSPECIFIED.);
#466=B_SPLINE_CURVE_WITH_KNOTS('',3,(#1685,#1686,#1687,#1688,#1689,#1690,
#1691,#1692,#1693,#1694),.UNSPECIFIED.,.F.,.F.,(4,2,2,2,4),(-0.451145184971122,
-0.365288173879988,-0.288126784952324,-0.14587855219362,0.),
 .UNSPECIFIED.);
#467=B_SPLINE_CURVE_WITH_KNOTS('',3,(#1698,#1699,#1700,#1701,#1702,#1703,
#1704,#1705),.UNSPECIFIED.,.F.,.F.,(4,2,2,4),(0.,0.164868023395079,0.272557994120167,
0.363958554829352),.UNSPECIFIED.);
#468=B_SPLINE_CURVE_WITH_KNOTS('',3,(#1707,#1708,#1709,#1710,#1711,#1712,
#1713,#1714),.UNSPECIFIED.,.F.,.F.,(4,2,2,4),(0.,0.142794297511937,0.256843309600723,
0.365032041918615),.UNSPECIFIED.);
#469=B_SPLINE_CURVE_WITH_KNOTS('',3,(#1718,#1719,#1720,#1721,#1722,#1723,
#1724,#1725,#1726,#1727),.UNSPECIFIED.,.F.,.F.,(4,2,2,2,4),(-0.450881377950115,
-0.368138425660107,-0.289835006516748,-0.146038210537226,0.),
 .UNSPECIFIED.);
#470=B_SPLINE_CURVE_WITH_KNOTS('',3,(#1763,#1764,#1765,#1766,#1767,#1768,
#1769),.UNSPECIFIED.,.F.,.F.,(4,3,4),(4.59204011754699,4.648568920407,5.37389201611323),
 .UNSPECIFIED.);
#471=B_SPLINE_CURVE_WITH_KNOTS('',3,(#1803,#1804,#1805,#1806,#1807,#1808,
#1809),.UNSPECIFIED.,.F.,.F.,(4,3,4),(-5.37389201611323,-4.648568920407,
-4.59204011754699),.UNSPECIFIED.);
#472=B_SPLINE_CURVE_WITH_KNOTS('',3,(#1843,#1844,#1845,#1846,#1847,#1848,
#1849),.UNSPECIFIED.,.F.,.F.,(4,3,4),(4.59204011754699,4.648568920407,5.37389201611323),
 .UNSPECIFIED.);
#473=B_SPLINE_CURVE_WITH_KNOTS('',3,(#1882,#1883,#1884,#1885,#1886,#1887,
#1888),.UNSPECIFIED.,.F.,.F.,(4,3,4),(-5.37389201611323,-4.648568920407,
-4.59204011754699),.UNSPECIFIED.);
#474=B_SPLINE_CURVE_WITH_KNOTS('',3,(#1923,#1924,#1925,#1926,#1927,#1928,
#1929,#1930,#1931,#1932,#1933,#1934,#1935,#1936,#1937,#1938),
 .UNSPECIFIED.,.F.,.F.,(4,3,3,3,3,4),(0.,1.37649283232768,2.40040460947817,
3.90530797329374,4.648568920407,5.37389201611323),.UNSPECIFIED.);
#475=B_SPLINE_CURVE_WITH_KNOTS('',3,(#1942,#1943,#1944,#1945,#1946,#1947,
#1948,#1949,#1950,#1951,#1952,#1953,#1954),.UNSPECIFIED.,.F.,.F.,(4,3,3,
3,4),(-4.59783771447706,-3.90530797329374,-2.40040460947817,-1.37649283232768,
0.),.UNSPECIFIED.);
#476=B_SPLINE_CURVE_WITH_KNOTS('',3,(#1956,#1957,#1958,#1959,#1960,#1961,
#1962),.UNSPECIFIED.,.F.,.F.,(4,3,4),(-5.37389201611323,-4.648568920407,
-4.59783771447706),.UNSPECIFIED.);
#477=B_SPLINE_CURVE_WITH_KNOTS('',3,(#1997,#1998,#1999,#2000,#2001,#2002,
#2003,#2004,#2005,#2006,#2007,#2008,#2009,#2010,#2011,#2012),
 .UNSPECIFIED.,.F.,.F.,(4,3,3,3,3,4),(0.,1.37649283232768,2.40040460947817,
3.90530797329374,4.648568920407,4.68698679948128),.UNSPECIFIED.);
#478=B_SPLINE_CURVE_WITH_KNOTS('',3,(#2015,#2016,#2017,#2018,#2019,#2020,
#2021,#2022,#2023,#2024,#2025,#2026,#2027),.UNSPECIFIED.,.F.,.F.,(4,3,3,
3,4),(-4.56283738259939,-3.90530797329374,-2.40040460947817,-1.37649283232768,
0.),.UNSPECIFIED.);
#479=B_SPLINE_CURVE_WITH_KNOTS('',3,(#2062,#2063,#2064,#2065,#2066,#2067,
#2068,#2069,#2070,#2071,#2072,#2073,#2074,#2075,#2076,#2077),
 .UNSPECIFIED.,.F.,.F.,(4,3,3,3,3,4),(0.,1.37649283232768,2.40040460947817,
3.90530797329374,4.648568920407,5.37389201611323),.UNSPECIFIED.);
#480=B_SPLINE_CURVE_WITH_KNOTS('',3,(#2081,#2082,#2083,#2084,#2085,#2086,
#2087,#2088,#2089,#2090,#2091,#2092,#2093),.UNSPECIFIED.,.F.,.F.,(4,3,3,
3,4),(-4.59783771447763,-3.90530797329374,-2.40040460947817,-1.37649283232768,
0.),.UNSPECIFIED.);
#481=B_SPLINE_CURVE_WITH_KNOTS('',3,(#2095,#2096,#2097,#2098,#2099,#2100,
#2101),.UNSPECIFIED.,.F.,.F.,(4,3,4),(-5.37389201611323,-4.648568920407,
-4.59783771447763),.UNSPECIFIED.);
#482=B_SPLINE_CURVE_WITH_KNOTS('',3,(#2104,#2105,#2106,#2107,#2108,#2109,
#2110,#2111,#2112,#2113,#2114,#2115,#2116,#2117,#2118,#2119),
 .UNSPECIFIED.,.F.,.F.,(4,3,3,3,3,4),(-5.37389201611323,-4.648568920407,
-3.90530797329374,-2.40040460947817,-1.37649283232768,0.),.UNSPECIFIED.);
#483=B_SPLINE_CURVE_WITH_KNOTS('',3,(#2120,#2121,#2122,#2123,#2124,#2125,
#2126,#2127,#2128,#2129,#2130,#2131,#2132,#2133,#2134,#2135),
 .UNSPECIFIED.,.F.,.F.,(4,3,3,3,3,4),(-5.37389201611323,-4.648568920407,
-3.90530797329374,-2.40040460947817,-1.37649283232768,0.),.UNSPECIFIED.);
#484=B_SPLINE_CURVE_WITH_KNOTS('',3,(#2137,#2138,#2139,#2140,#2141,#2142,
#2143,#2144,#2145,#2146,#2147,#2148,#2149,#2150,#2151,#2152),
 .UNSPECIFIED.,.F.,.F.,(4,3,3,3,3,4),(-4.68698679948129,-4.648568920407,
-3.90530797329374,-2.40040460947817,-1.37649283232768,0.),.UNSPECIFIED.);
#485=B_SPLINE_CURVE_WITH_KNOTS('',3,(#2153,#2154,#2155,#2156,#2157,#2158,
#2159,#2160,#2161,#2162,#2163,#2164,#2165,#2166,#2167,#2168),
 .UNSPECIFIED.,.F.,.F.,(4,3,3,3,3,4),(0.,1.37649283232768,2.40040460947817,
3.90530797329374,4.648568920407,4.68698679948129),.UNSPECIFIED.);
#486=B_SPLINE_CURVE_WITH_KNOTS('',3,(#2169,#2170,#2171,#2172,#2173,#2174,
#2175,#2176,#2177,#2178,#2179,#2180,#2181,#2182,#2183,#2184),
 .UNSPECIFIED.,.F.,.F.,(4,3,3,3,3,4),(-4.68698679948128,-4.648568920407,
-3.90530797329374,-2.40040460947817,-1.37649283232768,0.),.UNSPECIFIED.);
#487=B_SPLINE_CURVE_WITH_KNOTS('',3,(#2217,#2218,#2219,#2220,#2221,#2222,
#2223,#2224,#2225,#2226,#2227,#2228,#2229),.UNSPECIFIED.,.F.,.F.,(4,3,3,
3,4),(0.,1.37649283232768,2.40040460947817,3.90530797329374,4.56283738259939),
 .UNSPECIFIED.);
#488=B_SPLINE_CURVE_WITH_KNOTS('',3,(#2235,#2236,#2237,#2238),
 .UNSPECIFIED.,.F.,.F.,(4,4),(0.0862543977645506,0.705535950000284),
 .UNSPECIFIED.);
#489=B_SPLINE_CURVE_WITH_KNOTS('',3,(#2246,#2247,#2248,#2249,#2250,#2251,
#2252,#2253,#2254,#2255),.UNSPECIFIED.,.F.,.F.,(4,3,3,4),(0.771167180516567,
1.37649283232768,2.40040460947817,2.78087941979209),.UNSPECIFIED.);
#490=B_SPLINE_CURVE_WITH_KNOTS('',3,(#2263,#2264,#2265,#2266,#2267,#2268,
#2269,#2270,#2271,#2272,#2273,#2274,#2275),.UNSPECIFIED.,.F.,.F.,(4,3,3,
3,4),(2.88295866220724,3.75826301690066,3.90530797329374,4.648568920407,
5.37389201611323),.UNSPECIFIED.);
#491=B_SPLINE_CURVE_WITH_KNOTS('',3,(#2277,#2278,#2279,#2280,#2281,#2282,
#2283,#2284,#2285,#2286,#2287,#2288,#2289),.UNSPECIFIED.,.F.,.F.,(4,3,3,
3,4),(-5.37389201611323,-4.648568920407,-3.90530797329374,-3.75826301690066,
-2.88295866220724),.UNSPECIFIED.);
#492=B_SPLINE_CURVE_WITH_KNOTS('',3,(#2297,#2298,#2299,#2300,#2301,#2302,
#2303,#2304,#2305,#2306),.UNSPECIFIED.,.F.,.F.,(4,3,3,4),(-2.78087941979209,
-2.40040460947817,-1.37649283232768,-0.771167180516567),.UNSPECIFIED.);
#493=B_SPLINE_CURVE_WITH_KNOTS('',3,(#2314,#2315,#2316,#2317),
 .UNSPECIFIED.,.F.,.F.,(4,4),(-0.705535950000284,0.),.UNSPECIFIED.);
#494=B_SPLINE_CURVE_WITH_KNOTS('',3,(#2319,#2320,#2321,#2322),
 .UNSPECIFIED.,.F.,.F.,(4,4),(0.,0.705535950000284),.UNSPECIFIED.);
#495=B_SPLINE_CURVE_WITH_KNOTS('',3,(#2330,#2331,#2332,#2333,#2334,#2335,
#2336,#2337,#2338,#2339),.UNSPECIFIED.,.F.,.F.,(4,3,3,4),(0.771167180516567,
1.37649283232768,2.40040460947817,2.78087941979209),.UNSPECIFIED.);
#496=B_SPLINE_CURVE_WITH_KNOTS('',3,(#2347,#2348,#2349,#2350,#2351,#2352,
#2353,#2354,#2355,#2356,#2357,#2358,#2359),.UNSPECIFIED.,.F.,.F.,(4,3,3,
3,4),(2.88295866220724,3.75826301690066,3.90530797329374,4.648568920407,
5.37389201611323),.UNSPECIFIED.);
#497=B_SPLINE_CURVE_WITH_KNOTS('',3,(#2361,#2362,#2363,#2364,#2365,#2366,
#2367,#2368,#2369,#2370,#2371,#2372,#2373),.UNSPECIFIED.,.F.,.F.,(4,3,3,
3,4),(-5.37389201611323,-4.648568920407,-3.90530797329374,-3.75826301690066,
-2.88295866220724),.UNSPECIFIED.);
#498=B_SPLINE_CURVE_WITH_KNOTS('',3,(#2381,#2382,#2383,#2384,#2385,#2386,
#2387,#2388,#2389,#2390),.UNSPECIFIED.,.F.,.F.,(4,3,3,4),(-2.78087941979209,
-2.40040460947817,-1.37649283232768,-0.771167180516567),.UNSPECIFIED.);
#499=B_SPLINE_CURVE_WITH_KNOTS('',3,(#2398,#2399,#2400,#2401),
 .UNSPECIFIED.,.F.,.F.,(4,4),(-0.705535950000284,-0.0862543977645466),
 .UNSPECIFIED.);
#500=B_SPLINE_CURVE_WITH_KNOTS('',3,(#2406,#2407,#2408,#2409,#2410,#2411,
#2412,#2413,#2414,#2415,#2416,#2417,#2418),.UNSPECIFIED.,.F.,.F.,(4,3,3,
3,4),(-4.56283738259939,-3.90530797329374,-2.40040460947817,-1.37649283232768,
0.),.UNSPECIFIED.);
#501=B_SPLINE_CURVE_WITH_KNOTS('',3,(#2419,#2420,#2421,#2422,#2423,#2424,
#2425,#2426,#2427,#2428,#2429,#2430,#2431),.UNSPECIFIED.,.F.,.F.,(4,3,3,
3,4),(0.,1.37649283232768,2.40040460947817,3.90530797329374,4.56283738259939),
 .UNSPECIFIED.);
#502=B_SPLINE_CURVE_WITH_KNOTS('',3,(#2438,#2439,#2440,#2441,#2442,#2443),
 .UNSPECIFIED.,.F.,.F.,(4,2,4),(-0.32,-0.16,0.),.UNSPECIFIED.);
#503=B_SPLINE_CURVE_WITH_KNOTS('',3,(#2446,#2447,#2448,#2449,#2450,#2451),
 .UNSPECIFIED.,.F.,.F.,(4,2,4),(-0.42,-0.21,0.),.UNSPECIFIED.);
#504=B_SPLINE_CURVE_WITH_KNOTS('',3,(#2454,#2455,#2456,#2457,#2458,#2459),
 .UNSPECIFIED.,.F.,.F.,(4,2,4),(-0.42,-0.21,0.),.UNSPECIFIED.);
#505=B_SPLINE_CURVE_WITH_KNOTS('',3,(#2463,#2464,#2465,#2466,#2467,#2468),
 .UNSPECIFIED.,.F.,.F.,(4,2,4),(-0.32,-0.16,0.),.UNSPECIFIED.);
#506=B_SPLINE_CURVE_WITH_KNOTS('',3,(#2513,#2514,#2515,#2516,#2517,#2518,
#2519,#2520,#2521,#2522,#2523,#2524,#2525,#2526,#2527,#2528,#2529,#2530,
#2531),.UNSPECIFIED.,.F.,.F.,(4,3,3,3,3,3,4),(-5.37389201611323,-4.648568920407,
-3.90530797329374,-3.75826301690066,-2.40040460947817,-1.37649283232768,
-0.0862543977645506),.UNSPECIFIED.);
#507=B_SPLINE_CURVE_WITH_KNOTS('',3,(#2534,#2535,#2536,#2537),
 .UNSPECIFIED.,.F.,.F.,(4,4),(-0.25,-0.0499999999999998),.UNSPECIFIED.);
#508=B_SPLINE_CURVE_WITH_KNOTS('',3,(#2539,#2540,#2541,#2542),
 .UNSPECIFIED.,.F.,.F.,(4,4),(-0.153283499469515,-0.054404481730608),
 .UNSPECIFIED.);
#509=B_SPLINE_CURVE_WITH_KNOTS('',3,(#2543,#2544,#2545,#2546),
 .UNSPECIFIED.,.F.,.F.,(4,4),(-0.2,0.),.UNSPECIFIED.);
#510=B_SPLINE_CURVE_WITH_KNOTS('',3,(#2548,#2549,#2550,#2551),
 .UNSPECIFIED.,.F.,.F.,(4,4),(-0.25,-0.0499999999999999),.UNSPECIFIED.);
#511=B_SPLINE_CURVE_WITH_KNOTS('',3,(#2553,#2554,#2555,#2556),
 .UNSPECIFIED.,.F.,.F.,(4,4),(-0.150055900575326,-0.0500843886192829),
 .UNSPECIFIED.);
#512=B_SPLINE_CURVE_WITH_KNOTS('',3,(#2557,#2558,#2559,#2560),
 .UNSPECIFIED.,.F.,.F.,(4,4),(-0.2,0.),.UNSPECIFIED.);
#513=B_SPLINE_CURVE_WITH_KNOTS('',3,(#2563,#2564,#2565,#2566,#2567,#2568,
#2569,#2570,#2571,#2572,#2573,#2574,#2575,#2576,#2577,#2578),
 .UNSPECIFIED.,.F.,.F.,(4,3,3,3,3,4),(0.0865658850420046,1.37649283232768,
2.40040460947817,3.90530797329374,4.648568920407,5.37389201611323),
 .UNSPECIFIED.);
#514=B_SPLINE_CURVE_WITH_KNOTS('',3,(#2580,#2581,#2582,#2583,#2584,#2585,
#2586,#2587,#2588,#2589,#2590,#2591,#2592,#2593,#2594,#2595),
 .UNSPECIFIED.,.F.,.F.,(4,3,3,3,3,4),(-5.37389201611323,-4.648568920407,
-3.90530797329374,-2.40040460947817,-1.37649283232768,0.),.UNSPECIFIED.);
#515=B_SPLINE_CURVE_WITH_KNOTS('',3,(#2597,#2598,#2599,#2600,#2601,#2602,
#2603,#2604,#2605,#2606,#2607,#2608,#2609,#2610,#2611,#2612),
 .UNSPECIFIED.,.F.,.F.,(4,3,3,3,3,4),(0.,1.37649283232768,2.40040460947817,
3.90530797329374,4.648568920407,5.37389201611323),.UNSPECIFIED.);
#516=B_SPLINE_CURVE_WITH_KNOTS('',3,(#2613,#2614,#2615,#2616,#2617,#2618,
#2619,#2620,#2621,#2622,#2623,#2624,#2625,#2626,#2627,#2628),
 .UNSPECIFIED.,.F.,.F.,(4,3,3,3,3,4),(-5.37389201611323,-4.648568920407,
-3.90530797329374,-2.40040460947817,-1.37649283232768,-0.0865658850420005),
 .UNSPECIFIED.);
#517=B_SPLINE_CURVE_WITH_KNOTS('',3,(#2630,#2631,#2632,#2633,#2634,#2635,
#2636,#2637,#2638,#2639,#2640,#2641,#2642,#2643,#2644,#2645,#2646,#2647,
#2648),.UNSPECIFIED.,.F.,.F.,(4,3,3,3,3,3,4),(0.0862543977645466,1.37649283232768,
2.40040460947817,3.75826301690066,3.90530797329374,4.648568920407,5.37389201611323),
 .UNSPECIFIED.);
#518=B_SPLINE_CURVE_WITH_KNOTS('',3,(#2650,#2651,#2652,#2653,#2654,#2655,
#2656,#2657,#2658,#2659,#2660,#2661,#2662,#2663,#2664,#2665,#2666,#2667,
#2668),.UNSPECIFIED.,.F.,.F.,(4,3,3,3,3,3,4),(-5.37389201611323,-4.648568920407,
-3.90530797329374,-3.75826301690066,-2.40040460947817,-1.37649283232768,
0.),.UNSPECIFIED.);
#519=B_SPLINE_CURVE_WITH_KNOTS('',3,(#2669,#2670,#2671,#2672,#2673,#2674,
#2675,#2676,#2677,#2678,#2679,#2680,#2681,#2682,#2683,#2684,#2685,#2686,
#2687),.UNSPECIFIED.,.F.,.F.,(4,3,3,3,3,3,4),(0.,1.37649283232768,2.40040460947817,
3.75826301690066,3.90530797329374,4.648568920407,5.37389201611323),
 .UNSPECIFIED.);
#520=B_SPLINE_CURVE_WITH_KNOTS('',3,(#2722,#2723,#2724,#2725,#2726,#2727,
#2728,#2729,#2730,#2731,#2732,#2733,#2734,#2735,#2736,#2737),
 .UNSPECIFIED.,.F.,.F.,(4,3,3,3,3,4),(0.0865658850420005,1.37649283232768,
2.40040460947817,3.90530797329374,4.648568920407,5.37389201611323),
 .UNSPECIFIED.);
#521=B_SPLINE_CURVE_WITH_KNOTS('',3,(#2771,#2772,#2773,#2774,#2775,#2776,
#2777,#2778,#2779,#2780,#2781,#2782,#2783,#2784,#2785,#2786),
 .UNSPECIFIED.,.F.,.F.,(4,3,3,3,3,4),(-5.37389201611323,-4.648568920407,
-3.90530797329374,-2.40040460947817,-1.37649283232768,-0.0865658850420046),
 .UNSPECIFIED.);
#522=B_SPLINE_CURVE_WITH_KNOTS('',3,(#2829,#2830,#2831,#2832),
 .UNSPECIFIED.,.F.,.F.,(4,4),(-0.152688718150856,-0.052716871964975),
 .UNSPECIFIED.);
#523=B_SPLINE_CURVE_WITH_KNOTS('',3,(#2836,#2837,#2838,#2839),
 .UNSPECIFIED.,.F.,.F.,(4,4),(-0.2,0.),.UNSPECIFIED.);
#524=B_SPLINE_CURVE_WITH_KNOTS('',3,(#2853,#2854,#2855,#2856),
 .UNSPECIFIED.,.F.,.F.,(4,4),(-0.172603637468238,-0.0737178195242456),
 .UNSPECIFIED.);
#525=B_SPLINE_CURVE_WITH_KNOTS('',3,(#2860,#2861,#2862,#2863),
 .UNSPECIFIED.,.F.,.F.,(4,4),(-0.2,0.),.UNSPECIFIED.);
#526=B_SPLINE_CURVE_WITH_KNOTS('',3,(#2877,#2878,#2879,#2880),
 .UNSPECIFIED.,.F.,.F.,(4,4),(-0.172603637468238,-0.0737178195242456),
 .UNSPECIFIED.);
#527=B_SPLINE_CURVE_WITH_KNOTS('',3,(#2884,#2885,#2886,#2887),
 .UNSPECIFIED.,.F.,.F.,(4,4),(-0.2,0.),.UNSPECIFIED.);
#528=B_SPLINE_CURVE_WITH_KNOTS('',3,(#2901,#2902,#2903,#2904),
 .UNSPECIFIED.,.F.,.F.,(4,4),(-0.152688718150865,-0.0527168719649754),
 .UNSPECIFIED.);
#529=B_SPLINE_CURVE_WITH_KNOTS('',3,(#2908,#2909,#2910,#2911),
 .UNSPECIFIED.,.F.,.F.,(4,4),(-0.2,0.),.UNSPECIFIED.);
#530=B_SPLINE_CURVE_WITH_KNOTS('',3,(#2925,#2926,#2927,#2928),
 .UNSPECIFIED.,.F.,.F.,(4,4),(-0.15005590057529,-0.0500843886192781),
 .UNSPECIFIED.);
#531=B_SPLINE_CURVE_WITH_KNOTS('',3,(#2932,#2933,#2934,#2935),
 .UNSPECIFIED.,.F.,.F.,(4,4),(-0.2,0.),.UNSPECIFIED.);
#532=B_SPLINE_CURVE_WITH_KNOTS('',3,(#2949,#2950,#2951,#2952),
 .UNSPECIFIED.,.F.,.F.,(4,4),(-0.153283499469525,-0.0544044817306101),
 .UNSPECIFIED.);
#533=B_SPLINE_CURVE_WITH_KNOTS('',3,(#2956,#2957,#2958,#2959),
 .UNSPECIFIED.,.F.,.F.,(4,4),(-0.2,0.),.UNSPECIFIED.);
#534=B_SPLINE_CURVE_WITH_KNOTS('',3,(#2963,#2964,#2965,#2966),
 .UNSPECIFIED.,.F.,.F.,(4,4),(-0.25,-0.0499999999999999),.UNSPECIFIED.);
#535=B_SPLINE_CURVE_WITH_KNOTS('',3,(#3006,#3007,#3008,#3009),
 .UNSPECIFIED.,.F.,.F.,(4,4),(-0.25,-0.0499999999999998),.UNSPECIFIED.);
#536=B_SPLINE_CURVE_WITH_KNOTS('',3,(#3016,#3017,#3018,#3019),
 .UNSPECIFIED.,.F.,.F.,(4,4),(-0.25,-0.0499999999999998),.UNSPECIFIED.);
#537=B_SPLINE_CURVE_WITH_KNOTS('',3,(#3058,#3059,#3060,#3061),
 .UNSPECIFIED.,.F.,.F.,(4,4),(-0.25,-0.0499999999999998),.UNSPECIFIED.);
#538=B_SPLINE_CURVE_WITH_KNOTS('',3,(#3066,#3067,#3068,#3069),
 .UNSPECIFIED.,.F.,.F.,(4,4),(-0.25,-0.0499999999999999),.UNSPECIFIED.);
#539=B_SPLINE_CURVE_WITH_KNOTS('',3,(#3108,#3109,#3110,#3111),
 .UNSPECIFIED.,.F.,.F.,(4,4),(-0.25,-0.0499999999999998),.UNSPECIFIED.);
#540=B_SPLINE_CURVE_WITH_KNOTS('',3,(#3157,#3158,#3159,#3160,#3161,#3162,
#3163,#3164,#3165,#3166,#3167,#3168,#3169),.UNSPECIFIED.,.F.,.F.,(4,3,3,
3,4),(0.,1.37649283232768,2.40040460947817,3.90530797329374,4.59783771447764),
 .UNSPECIFIED.);
#541=B_SPLINE_CURVE_WITH_KNOTS('',3,(#3170,#3171,#3172,#3173,#3174,#3175,
#3176),.UNSPECIFIED.,.F.,.F.,(4,3,4),(4.59783771447764,4.648568920407,5.37389201611323),
 .UNSPECIFIED.);
#542=B_SPLINE_CURVE_WITH_KNOTS('',3,(#3210,#3211,#3212,#3213,#3214,#3215,
#3216,#3217,#3218,#3219,#3220,#3221,#3222),.UNSPECIFIED.,.F.,.F.,(4,3,3,
3,4),(0.,1.37649283232768,2.40040460947817,3.90530797329374,4.59783771447705),
 .UNSPECIFIED.);
#543=B_SPLINE_CURVE_WITH_KNOTS('',3,(#3223,#3224,#3225,#3226,#3227,#3228,
#3229),.UNSPECIFIED.,.F.,.F.,(4,3,4),(4.59783771447705,4.648568920407,5.37389201611323),
 .UNSPECIFIED.);
#544=B_SPLINE_CURVE_WITH_KNOTS('',3,(#3263,#3264,#3265,#3266,#3267,#3268,
#3269,#3270,#3271,#3272,#3273,#3274,#3275,#3276,#3277,#3278),
 .UNSPECIFIED.,.F.,.F.,(4,3,3,3,3,4),(-5.37389201611323,-4.648568920407,
-3.90530797329374,-2.40040460947817,-1.37649283232768,0.),.UNSPECIFIED.);
#545=B_SPLINE_CURVE_WITH_KNOTS('',3,(#3312,#3313,#3314,#3315,#3316,#3317,
#3318,#3319,#3320,#3321,#3322,#3323,#3324,#3325,#3326,#3327),
 .UNSPECIFIED.,.F.,.F.,(4,3,3,3,3,4),(0.,1.37649283232768,2.40040460947817,
3.90530797329374,4.648568920407,5.37389201611323),.UNSPECIFIED.);
#546=VERTEX_POINT('',#1637);
#547=VERTEX_POINT('',#1638);
#548=VERTEX_POINT('',#1649);
#549=VERTEX_POINT('',#1651);
#550=VERTEX_POINT('',#1660);
#551=VERTEX_POINT('',#1669);
#552=VERTEX_POINT('',#1671);
#553=VERTEX_POINT('',#1682);
#554=VERTEX_POINT('',#1684);
#555=VERTEX_POINT('',#1695);
#556=VERTEX_POINT('',#1697);
#557=VERTEX_POINT('',#1706);
#558=VERTEX_POINT('',#1715);
#559=VERTEX_POINT('',#1717);
#560=VERTEX_POINT('',#1761);
#561=VERTEX_POINT('',#1802);
#562=VERTEX_POINT('',#1921);
#563=VERTEX_POINT('',#1922);
#564=VERTEX_POINT('',#1939);
#565=VERTEX_POINT('',#1941);
#566=VERTEX_POINT('',#1955);
#567=VERTEX_POINT('',#1996);
#568=VERTEX_POINT('',#2013);
#569=VERTEX_POINT('',#2060);
#570=VERTEX_POINT('',#2061);
#571=VERTEX_POINT('',#2078);
#572=VERTEX_POINT('',#2080);
#573=VERTEX_POINT('',#2094);
#574=VERTEX_POINT('',#2136);
#575=VERTEX_POINT('',#2231);
#576=VERTEX_POINT('',#2232);
#577=VERTEX_POINT('',#2234);
#578=VERTEX_POINT('',#2239);
#579=VERTEX_POINT('',#2241);
#580=VERTEX_POINT('',#2243);
#581=VERTEX_POINT('',#2245);
#582=VERTEX_POINT('',#2256);
#583=VERTEX_POINT('',#2258);
#584=VERTEX_POINT('',#2260);
#585=VERTEX_POINT('',#2262);
#586=VERTEX_POINT('',#2276);
#587=VERTEX_POINT('',#2290);
#588=VERTEX_POINT('',#2292);
#589=VERTEX_POINT('',#2294);
#590=VERTEX_POINT('',#2296);
#591=VERTEX_POINT('',#2307);
#592=VERTEX_POINT('',#2309);
#593=VERTEX_POINT('',#2311);
#594=VERTEX_POINT('',#2313);
#595=VERTEX_POINT('',#2318);
#596=VERTEX_POINT('',#2323);
#597=VERTEX_POINT('',#2325);
#598=VERTEX_POINT('',#2327);
#599=VERTEX_POINT('',#2329);
#600=VERTEX_POINT('',#2340);
#601=VERTEX_POINT('',#2342);
#602=VERTEX_POINT('',#2344);
#603=VERTEX_POINT('',#2346);
#604=VERTEX_POINT('',#2360);
#605=VERTEX_POINT('',#2374);
#606=VERTEX_POINT('',#2376);
#607=VERTEX_POINT('',#2378);
#608=VERTEX_POINT('',#2380);
#609=VERTEX_POINT('',#2391);
#610=VERTEX_POINT('',#2393);
#611=VERTEX_POINT('',#2395);
#612=VERTEX_POINT('',#2397);
#613=VERTEX_POINT('',#2402);
#614=VERTEX_POINT('',#2405);
#615=VERTEX_POINT('',#2433);
#616=VERTEX_POINT('',#2435);
#617=VERTEX_POINT('',#2437);
#618=VERTEX_POINT('',#2444);
#619=VERTEX_POINT('',#2453);
#620=VERTEX_POINT('',#2460);
#621=VERTEX_POINT('',#2462);
#622=VERTEX_POINT('',#2469);
#623=VERTEX_POINT('',#2512);
#624=VERTEX_POINT('',#2533);
#625=VERTEX_POINT('',#2538);
#626=VERTEX_POINT('',#2547);
#627=VERTEX_POINT('',#2552);
#628=VERTEX_POINT('',#2562);
#629=VERTEX_POINT('',#2579);
#630=VERTEX_POINT('',#2596);
#631=VERTEX_POINT('',#2629);
#632=VERTEX_POINT('',#2649);
#633=VERTEX_POINT('',#2720);
#634=VERTEX_POINT('',#2770);
#635=VERTEX_POINT('',#2789);
#636=VERTEX_POINT('',#2790);
#637=VERTEX_POINT('',#2792);
#638=VERTEX_POINT('',#2794);
#639=VERTEX_POINT('',#2803);
#640=VERTEX_POINT('',#2804);
#641=VERTEX_POINT('',#2806);
#642=VERTEX_POINT('',#2808);
#643=VERTEX_POINT('',#2817);
#644=VERTEX_POINT('',#2818);
#645=VERTEX_POINT('',#2820);
#646=VERTEX_POINT('',#2822);
#647=VERTEX_POINT('',#2826);
#648=VERTEX_POINT('',#2828);
#649=VERTEX_POINT('',#2841);
#650=VERTEX_POINT('',#2842);
#651=VERTEX_POINT('',#2844);
#652=VERTEX_POINT('',#2846);
#653=VERTEX_POINT('',#2850);
#654=VERTEX_POINT('',#2852);
#655=VERTEX_POINT('',#2865);
#656=VERTEX_POINT('',#2866);
#657=VERTEX_POINT('',#2868);
#658=VERTEX_POINT('',#2870);
#659=VERTEX_POINT('',#2874);
#660=VERTEX_POINT('',#2876);
#661=VERTEX_POINT('',#2889);
#662=VERTEX_POINT('',#2890);
#663=VERTEX_POINT('',#2892);
#664=VERTEX_POINT('',#2894);
#665=VERTEX_POINT('',#2898);
#666=VERTEX_POINT('',#2900);
#667=VERTEX_POINT('',#2913);
#668=VERTEX_POINT('',#2914);
#669=VERTEX_POINT('',#2916);
#670=VERTEX_POINT('',#2918);
#671=VERTEX_POINT('',#2922);
#672=VERTEX_POINT('',#2924);
#673=VERTEX_POINT('',#2937);
#674=VERTEX_POINT('',#2938);
#675=VERTEX_POINT('',#2940);
#676=VERTEX_POINT('',#2942);
#677=VERTEX_POINT('',#2946);
#678=VERTEX_POINT('',#2948);
#679=VERTEX_POINT('',#3156);
#680=VERTEX_POINT('',#3209);
#681=VERTEX_POINT('',#3262);
#682=EDGE_CURVE('',#546,#547,#462,.T.);
#683=EDGE_CURVE('',#548,#546,#226,.T.);
#684=EDGE_CURVE('',#548,#549,#463,.T.);
#685=EDGE_CURVE('',#549,#550,#464,.T.);
#686=EDGE_CURVE('',#551,#550,#227,.T.);
#687=EDGE_CURVE('',#552,#551,#465,.T.);
#688=EDGE_CURVE('',#553,#552,#228,.T.);
#689=EDGE_CURVE('',#554,#553,#466,.T.);
#690=EDGE_CURVE('',#555,#554,#229,.T.);
#691=EDGE_CURVE('',#555,#556,#467,.T.);
#692=EDGE_CURVE('',#556,#557,#468,.T.);
#693=EDGE_CURVE('',#558,#557,#230,.T.);
#694=EDGE_CURVE('',#559,#558,#469,.T.);
#695=EDGE_CURVE('',#547,#559,#231,.T.);
#696=EDGE_CURVE('',#560,#556,#232,.T.);
#697=EDGE_CURVE('',#557,#560,#470,.T.);
#698=EDGE_CURVE('',#561,#548,#471,.T.);
#699=EDGE_CURVE('',#561,#549,#233,.T.);
#700=EDGE_CURVE('',#550,#561,#472,.T.);
#701=EDGE_CURVE('',#560,#555,#473,.T.);
#702=EDGE_CURVE('',#562,#563,#474,.T.);
#703=EDGE_CURVE('',#564,#562,#234,.T.);
#704=EDGE_CURVE('',#565,#564,#475,.T.);
#705=EDGE_CURVE('',#566,#565,#476,.T.);
#706=EDGE_CURVE('',#566,#563,#235,.T.);
#707=EDGE_CURVE('',#567,#551,#477,.T.);
#708=EDGE_CURVE('',#568,#567,#236,.T.);
#709=EDGE_CURVE('',#552,#568,#478,.T.);
#710=EDGE_CURVE('',#569,#570,#479,.T.);
#711=EDGE_CURVE('',#571,#569,#237,.T.);
#712=EDGE_CURVE('',#572,#571,#480,.T.);
#713=EDGE_CURVE('',#573,#572,#481,.T.);
#714=EDGE_CURVE('',#573,#570,#238,.T.);
#715=EDGE_CURVE('',#563,#569,#482,.T.);
#716=EDGE_CURVE('',#570,#562,#483,.T.);
#717=EDGE_CURVE('',#546,#574,#484,.T.);
#718=EDGE_CURVE('',#574,#558,#485,.T.);
#719=EDGE_CURVE('',#554,#567,#486,.T.);
#720=EDGE_CURVE('',#568,#553,#487,.T.);
#721=EDGE_CURVE('',#575,#576,#239,.T.);
#722=EDGE_CURVE('',#576,#577,#488,.T.);
#723=EDGE_CURVE('',#577,#578,#240,.T.);
#724=EDGE_CURVE('',#578,#579,#241,.T.);
#725=EDGE_CURVE('',#579,#580,#242,.T.);
#726=EDGE_CURVE('',#580,#581,#489,.T.);
#727=EDGE_CURVE('',#581,#582,#243,.T.);
#728=EDGE_CURVE('',#582,#583,#244,.T.);
#729=EDGE_CURVE('',#583,#584,#245,.T.);
#730=EDGE_CURVE('',#584,#585,#490,.T.);
#731=EDGE_CURVE('',#585,#586,#491,.T.);
#732=EDGE_CURVE('',#586,#587,#246,.T.);
#733=EDGE_CURVE('',#587,#588,#247,.T.);
#734=EDGE_CURVE('',#588,#589,#248,.T.);
#735=EDGE_CURVE('',#589,#590,#492,.T.);
#736=EDGE_CURVE('',#590,#591,#249,.T.);
#737=EDGE_CURVE('',#591,#592,#250,.T.);
#738=EDGE_CURVE('',#592,#593,#251,.T.);
#739=EDGE_CURVE('',#593,#594,#493,.T.);
#740=EDGE_CURVE('',#594,#595,#494,.T.);
#741=EDGE_CURVE('',#595,#596,#252,.T.);
#742=EDGE_CURVE('',#596,#597,#253,.T.);
#743=EDGE_CURVE('',#597,#598,#254,.T.);
#744=EDGE_CURVE('',#598,#599,#495,.T.);
#745=EDGE_CURVE('',#599,#600,#255,.T.);
#746=EDGE_CURVE('',#600,#601,#256,.T.);
#747=EDGE_CURVE('',#601,#602,#257,.T.);
#748=EDGE_CURVE('',#602,#603,#496,.T.);
#749=EDGE_CURVE('',#603,#604,#497,.T.);
#750=EDGE_CURVE('',#604,#605,#258,.T.);
#751=EDGE_CURVE('',#605,#606,#259,.T.);
#752=EDGE_CURVE('',#606,#607,#260,.T.);
#753=EDGE_CURVE('',#607,#608,#498,.T.);
#754=EDGE_CURVE('',#608,#609,#261,.T.);
#755=EDGE_CURVE('',#609,#610,#262,.T.);
#756=EDGE_CURVE('',#610,#611,#263,.T.);
#757=EDGE_CURVE('',#611,#612,#499,.T.);
#758=EDGE_CURVE('',#612,#613,#264,.T.);
#759=EDGE_CURVE('',#613,#575,#265,.T.);
#760=EDGE_CURVE('',#559,#614,#500,.T.);
#761=EDGE_CURVE('',#614,#547,#501,.T.);
#762=EDGE_CURVE('',#615,#575,#266,.T.);
#763=EDGE_CURVE('',#616,#615,#267,.T.);
#764=EDGE_CURVE('',#617,#616,#502,.T.);
#765=EDGE_CURVE('',#618,#617,#268,.T.);
#766=EDGE_CURVE('',#576,#618,#503,.T.);
#767=EDGE_CURVE('',#619,#612,#504,.T.);
#768=EDGE_CURVE('',#620,#619,#269,.T.);
#769=EDGE_CURVE('',#621,#620,#505,.T.);
#770=EDGE_CURVE('',#622,#621,#270,.T.);
#771=EDGE_CURVE('',#622,#613,#271,.T.);
#772=EDGE_CURVE('',#615,#622,#272,.T.);
#773=EDGE_CURVE('',#623,#618,#506,.T.);
#774=EDGE_CURVE('',#585,#623,#273,.T.);
#775=EDGE_CURVE('',#584,#624,#507,.T.);
#776=EDGE_CURVE('',#624,#625,#508,.T.);
#777=EDGE_CURVE('',#625,#581,#509,.T.);
#778=EDGE_CURVE('',#580,#626,#510,.T.);
#779=EDGE_CURVE('',#626,#627,#511,.T.);
#780=EDGE_CURVE('',#627,#577,#512,.T.);
#781=EDGE_CURVE('',#617,#628,#513,.T.);
#782=EDGE_CURVE('',#628,#629,#514,.T.);
#783=EDGE_CURVE('',#629,#630,#515,.T.);
#784=EDGE_CURVE('',#630,#620,#516,.T.);
#785=EDGE_CURVE('',#619,#631,#517,.T.);
#786=EDGE_CURVE('',#631,#632,#518,.T.);
#787=EDGE_CURVE('',#632,#623,#519,.T.);
#788=EDGE_CURVE('',#633,#630,#274,.T.);
#789=EDGE_CURVE('',#621,#633,#520,.T.);
#790=EDGE_CURVE('',#634,#616,#521,.T.);
#791=EDGE_CURVE('',#634,#628,#275,.T.);
#792=EDGE_CURVE('',#635,#636,#276,.T.);
#793=EDGE_CURVE('',#636,#637,#277,.T.);
#794=EDGE_CURVE('',#637,#638,#278,.T.);
#795=EDGE_CURVE('',#638,#635,#279,.T.);
#796=EDGE_CURVE('',#636,#625,#280,.T.);
#797=EDGE_CURVE('',#624,#637,#281,.T.);
#798=EDGE_CURVE('',#582,#635,#282,.T.);
#799=EDGE_CURVE('',#639,#640,#283,.T.);
#800=EDGE_CURVE('',#640,#641,#284,.T.);
#801=EDGE_CURVE('',#641,#642,#285,.T.);
#802=EDGE_CURVE('',#642,#639,#286,.T.);
#803=EDGE_CURVE('',#640,#627,#287,.T.);
#804=EDGE_CURVE('',#626,#641,#288,.T.);
#805=EDGE_CURVE('',#578,#639,#289,.T.);
#806=EDGE_CURVE('',#643,#644,#290,.T.);
#807=EDGE_CURVE('',#644,#645,#291,.T.);
#808=EDGE_CURVE('',#645,#646,#292,.T.);
#809=EDGE_CURVE('',#646,#643,#293,.T.);
#810=EDGE_CURVE('',#644,#647,#294,.T.);
#811=EDGE_CURVE('',#648,#647,#522,.T.);
#812=EDGE_CURVE('',#648,#645,#295,.T.);
#813=EDGE_CURVE('',#609,#643,#296,.T.);
#814=EDGE_CURVE('',#647,#608,#523,.T.);
#815=EDGE_CURVE('',#649,#650,#297,.T.);
#816=EDGE_CURVE('',#650,#651,#298,.T.);
#817=EDGE_CURVE('',#651,#652,#299,.T.);
#818=EDGE_CURVE('',#652,#649,#300,.T.);
#819=EDGE_CURVE('',#650,#653,#301,.T.);
#820=EDGE_CURVE('',#654,#653,#524,.T.);
#821=EDGE_CURVE('',#654,#651,#302,.T.);
#822=EDGE_CURVE('',#605,#649,#303,.T.);
#823=EDGE_CURVE('',#653,#604,#525,.T.);
#824=EDGE_CURVE('',#655,#656,#304,.T.);
#825=EDGE_CURVE('',#656,#657,#305,.T.);
#826=EDGE_CURVE('',#657,#658,#306,.T.);
#827=EDGE_CURVE('',#658,#655,#307,.T.);
#828=EDGE_CURVE('',#656,#659,#308,.T.);
#829=EDGE_CURVE('',#660,#659,#526,.T.);
#830=EDGE_CURVE('',#660,#657,#309,.T.);
#831=EDGE_CURVE('',#587,#655,#310,.T.);
#832=EDGE_CURVE('',#659,#586,#527,.T.);
#833=EDGE_CURVE('',#661,#662,#311,.T.);
#834=EDGE_CURVE('',#662,#663,#312,.T.);
#835=EDGE_CURVE('',#663,#664,#313,.T.);
#836=EDGE_CURVE('',#664,#661,#314,.T.);
#837=EDGE_CURVE('',#662,#665,#315,.T.);
#838=EDGE_CURVE('',#666,#665,#528,.T.);
#839=EDGE_CURVE('',#666,#663,#316,.T.);
#840=EDGE_CURVE('',#591,#661,#317,.T.);
#841=EDGE_CURVE('',#665,#590,#529,.T.);
#842=EDGE_CURVE('',#667,#668,#318,.T.);
#843=EDGE_CURVE('',#668,#669,#319,.T.);
#844=EDGE_CURVE('',#669,#670,#320,.T.);
#845=EDGE_CURVE('',#670,#667,#321,.T.);
#846=EDGE_CURVE('',#668,#671,#322,.T.);
#847=EDGE_CURVE('',#672,#671,#530,.T.);
#848=EDGE_CURVE('',#672,#669,#323,.T.);
#849=EDGE_CURVE('',#596,#667,#324,.T.);
#850=EDGE_CURVE('',#671,#595,#531,.T.);
#851=EDGE_CURVE('',#673,#674,#325,.T.);
#852=EDGE_CURVE('',#674,#675,#326,.T.);
#853=EDGE_CURVE('',#675,#676,#327,.T.);
#854=EDGE_CURVE('',#676,#673,#328,.T.);
#855=EDGE_CURVE('',#674,#677,#329,.T.);
#856=EDGE_CURVE('',#678,#677,#532,.T.);
#857=EDGE_CURVE('',#678,#675,#330,.T.);
#858=EDGE_CURVE('',#600,#673,#331,.T.);
#859=EDGE_CURVE('',#677,#599,#533,.T.);
#860=EDGE_CURVE('',#588,#658,#332,.T.);
#861=EDGE_CURVE('',#589,#660,#534,.T.);
#862=EDGE_CURVE('',#594,#632,#333,.T.);
#863=EDGE_CURVE('',#593,#666,#535,.T.);
#864=EDGE_CURVE('',#583,#638,#334,.T.);
#865=EDGE_CURVE('',#606,#652,#335,.T.);
#866=EDGE_CURVE('',#607,#654,#536,.T.);
#867=EDGE_CURVE('',#611,#648,#537,.T.);
#868=EDGE_CURVE('',#603,#631,#336,.T.);
#869=EDGE_CURVE('',#597,#670,#337,.T.);
#870=EDGE_CURVE('',#598,#672,#538,.T.);
#871=EDGE_CURVE('',#602,#678,#539,.T.);
#872=EDGE_CURVE('',#592,#664,#338,.T.);
#873=EDGE_CURVE('',#579,#642,#339,.T.);
#874=EDGE_CURVE('',#610,#646,#340,.T.);
#875=EDGE_CURVE('',#601,#676,#341,.T.);
#876=EDGE_CURVE('',#564,#679,#540,.T.);
#877=EDGE_CURVE('',#679,#573,#541,.T.);
#878=EDGE_CURVE('',#571,#680,#542,.T.);
#879=EDGE_CURVE('',#680,#566,#543,.T.);
#880=EDGE_CURVE('',#633,#681,#544,.T.);
#881=EDGE_CURVE('',#681,#629,#342,.T.);
#882=EDGE_CURVE('',#681,#634,#545,.T.);
#883=EDGE_CURVE('',#614,#574,#343,.T.);
#884=ORIENTED_EDGE('',*,*,#682,.F.);
#885=ORIENTED_EDGE('',*,*,#683,.F.);
#886=ORIENTED_EDGE('',*,*,#684,.T.);
#887=ORIENTED_EDGE('',*,*,#685,.T.);
#888=ORIENTED_EDGE('',*,*,#686,.F.);
#889=ORIENTED_EDGE('',*,*,#687,.F.);
#890=ORIENTED_EDGE('',*,*,#688,.F.);
#891=ORIENTED_EDGE('',*,*,#689,.F.);
#892=ORIENTED_EDGE('',*,*,#690,.F.);
#893=ORIENTED_EDGE('',*,*,#691,.T.);
#894=ORIENTED_EDGE('',*,*,#692,.T.);
#895=ORIENTED_EDGE('',*,*,#693,.F.);
#896=ORIENTED_EDGE('',*,*,#694,.F.);
#897=ORIENTED_EDGE('',*,*,#695,.F.);
#898=ORIENTED_EDGE('',*,*,#692,.F.);
#899=ORIENTED_EDGE('',*,*,#696,.F.);
#900=ORIENTED_EDGE('',*,*,#697,.F.);
#901=ORIENTED_EDGE('',*,*,#684,.F.);
#902=ORIENTED_EDGE('',*,*,#698,.F.);
#903=ORIENTED_EDGE('',*,*,#699,.T.);
#904=ORIENTED_EDGE('',*,*,#685,.F.);
#905=ORIENTED_EDGE('',*,*,#699,.F.);
#906=ORIENTED_EDGE('',*,*,#700,.F.);
#907=ORIENTED_EDGE('',*,*,#691,.F.);
#908=ORIENTED_EDGE('',*,*,#701,.F.);
#909=ORIENTED_EDGE('',*,*,#696,.T.);
#910=ORIENTED_EDGE('',*,*,#702,.F.);
#911=ORIENTED_EDGE('',*,*,#703,.F.);
#912=ORIENTED_EDGE('',*,*,#704,.F.);
#913=ORIENTED_EDGE('',*,*,#705,.F.);
#914=ORIENTED_EDGE('',*,*,#706,.T.);
#915=ORIENTED_EDGE('',*,*,#687,.T.);
#916=ORIENTED_EDGE('',*,*,#707,.F.);
#917=ORIENTED_EDGE('',*,*,#708,.F.);
#918=ORIENTED_EDGE('',*,*,#709,.F.);
#919=ORIENTED_EDGE('',*,*,#710,.F.);
#920=ORIENTED_EDGE('',*,*,#711,.F.);
#921=ORIENTED_EDGE('',*,*,#712,.F.);
#922=ORIENTED_EDGE('',*,*,#713,.F.);
#923=ORIENTED_EDGE('',*,*,#714,.T.);
#924=ORIENTED_EDGE('',*,*,#702,.T.);
#925=ORIENTED_EDGE('',*,*,#715,.T.);
#926=ORIENTED_EDGE('',*,*,#710,.T.);
#927=ORIENTED_EDGE('',*,*,#716,.T.);
#928=ORIENTED_EDGE('',*,*,#717,.T.);
#929=ORIENTED_EDGE('',*,*,#718,.T.);
#930=ORIENTED_EDGE('',*,*,#693,.T.);
#931=ORIENTED_EDGE('',*,*,#697,.T.);
#932=ORIENTED_EDGE('',*,*,#701,.T.);
#933=ORIENTED_EDGE('',*,*,#690,.T.);
#934=ORIENTED_EDGE('',*,*,#719,.T.);
#935=ORIENTED_EDGE('',*,*,#707,.T.);
#936=ORIENTED_EDGE('',*,*,#686,.T.);
#937=ORIENTED_EDGE('',*,*,#700,.T.);
#938=ORIENTED_EDGE('',*,*,#698,.T.);
#939=ORIENTED_EDGE('',*,*,#683,.T.);
#940=ORIENTED_EDGE('',*,*,#689,.T.);
#941=ORIENTED_EDGE('',*,*,#720,.F.);
#942=ORIENTED_EDGE('',*,*,#708,.T.);
#943=ORIENTED_EDGE('',*,*,#719,.F.);
#944=ORIENTED_EDGE('',*,*,#721,.T.);
#945=ORIENTED_EDGE('',*,*,#722,.T.);
#946=ORIENTED_EDGE('',*,*,#723,.T.);
#947=ORIENTED_EDGE('',*,*,#724,.T.);
#948=ORIENTED_EDGE('',*,*,#725,.T.);
#949=ORIENTED_EDGE('',*,*,#726,.T.);
#950=ORIENTED_EDGE('',*,*,#727,.T.);
#951=ORIENTED_EDGE('',*,*,#728,.T.);
#952=ORIENTED_EDGE('',*,*,#729,.T.);
#953=ORIENTED_EDGE('',*,*,#730,.T.);
#954=ORIENTED_EDGE('',*,*,#731,.T.);
#955=ORIENTED_EDGE('',*,*,#732,.T.);
#956=ORIENTED_EDGE('',*,*,#733,.T.);
#957=ORIENTED_EDGE('',*,*,#734,.T.);
#958=ORIENTED_EDGE('',*,*,#735,.T.);
#959=ORIENTED_EDGE('',*,*,#736,.T.);
#960=ORIENTED_EDGE('',*,*,#737,.T.);
#961=ORIENTED_EDGE('',*,*,#738,.T.);
#962=ORIENTED_EDGE('',*,*,#739,.T.);
#963=ORIENTED_EDGE('',*,*,#740,.T.);
#964=ORIENTED_EDGE('',*,*,#741,.T.);
#965=ORIENTED_EDGE('',*,*,#742,.T.);
#966=ORIENTED_EDGE('',*,*,#743,.T.);
#967=ORIENTED_EDGE('',*,*,#744,.T.);
#968=ORIENTED_EDGE('',*,*,#745,.T.);
#969=ORIENTED_EDGE('',*,*,#746,.T.);
#970=ORIENTED_EDGE('',*,*,#747,.T.);
#971=ORIENTED_EDGE('',*,*,#748,.T.);
#972=ORIENTED_EDGE('',*,*,#749,.T.);
#973=ORIENTED_EDGE('',*,*,#750,.T.);
#974=ORIENTED_EDGE('',*,*,#751,.T.);
#975=ORIENTED_EDGE('',*,*,#752,.T.);
#976=ORIENTED_EDGE('',*,*,#753,.T.);
#977=ORIENTED_EDGE('',*,*,#754,.T.);
#978=ORIENTED_EDGE('',*,*,#755,.T.);
#979=ORIENTED_EDGE('',*,*,#756,.T.);
#980=ORIENTED_EDGE('',*,*,#757,.T.);
#981=ORIENTED_EDGE('',*,*,#758,.T.);
#982=ORIENTED_EDGE('',*,*,#759,.T.);
#983=ORIENTED_EDGE('',*,*,#709,.T.);
#984=ORIENTED_EDGE('',*,*,#720,.T.);
#985=ORIENTED_EDGE('',*,*,#688,.T.);
#986=ORIENTED_EDGE('',*,*,#695,.T.);
#987=ORIENTED_EDGE('',*,*,#760,.T.);
#988=ORIENTED_EDGE('',*,*,#761,.T.);
#989=ORIENTED_EDGE('',*,*,#721,.F.);
#990=ORIENTED_EDGE('',*,*,#762,.F.);
#991=ORIENTED_EDGE('',*,*,#763,.F.);
#992=ORIENTED_EDGE('',*,*,#764,.F.);
#993=ORIENTED_EDGE('',*,*,#765,.F.);
#994=ORIENTED_EDGE('',*,*,#766,.F.);
#995=ORIENTED_EDGE('',*,*,#758,.F.);
#996=ORIENTED_EDGE('',*,*,#767,.F.);
#997=ORIENTED_EDGE('',*,*,#768,.F.);
#998=ORIENTED_EDGE('',*,*,#769,.F.);
#999=ORIENTED_EDGE('',*,*,#770,.F.);
#1000=ORIENTED_EDGE('',*,*,#771,.T.);
#1001=ORIENTED_EDGE('',*,*,#759,.F.);
#1002=ORIENTED_EDGE('',*,*,#771,.F.);
#1003=ORIENTED_EDGE('',*,*,#772,.F.);
#1004=ORIENTED_EDGE('',*,*,#762,.T.);
#1005=ORIENTED_EDGE('',*,*,#766,.T.);
#1006=ORIENTED_EDGE('',*,*,#773,.F.);
#1007=ORIENTED_EDGE('',*,*,#774,.F.);
#1008=ORIENTED_EDGE('',*,*,#730,.F.);
#1009=ORIENTED_EDGE('',*,*,#775,.T.);
#1010=ORIENTED_EDGE('',*,*,#776,.T.);
#1011=ORIENTED_EDGE('',*,*,#777,.T.);
#1012=ORIENTED_EDGE('',*,*,#726,.F.);
#1013=ORIENTED_EDGE('',*,*,#778,.T.);
#1014=ORIENTED_EDGE('',*,*,#779,.T.);
#1015=ORIENTED_EDGE('',*,*,#780,.T.);
#1016=ORIENTED_EDGE('',*,*,#722,.F.);
#1017=ORIENTED_EDGE('',*,*,#765,.T.);
#1018=ORIENTED_EDGE('',*,*,#781,.T.);
#1019=ORIENTED_EDGE('',*,*,#782,.T.);
#1020=ORIENTED_EDGE('',*,*,#783,.T.);
#1021=ORIENTED_EDGE('',*,*,#784,.T.);
#1022=ORIENTED_EDGE('',*,*,#768,.T.);
#1023=ORIENTED_EDGE('',*,*,#785,.T.);
#1024=ORIENTED_EDGE('',*,*,#786,.T.);
#1025=ORIENTED_EDGE('',*,*,#787,.T.);
#1026=ORIENTED_EDGE('',*,*,#773,.T.);
#1027=ORIENTED_EDGE('',*,*,#769,.T.);
#1028=ORIENTED_EDGE('',*,*,#784,.F.);
#1029=ORIENTED_EDGE('',*,*,#788,.F.);
#1030=ORIENTED_EDGE('',*,*,#789,.F.);
#1031=ORIENTED_EDGE('',*,*,#764,.T.);
#1032=ORIENTED_EDGE('',*,*,#790,.F.);
#1033=ORIENTED_EDGE('',*,*,#791,.T.);
#1034=ORIENTED_EDGE('',*,*,#781,.F.);
#1035=ORIENTED_EDGE('',*,*,#792,.T.);
#1036=ORIENTED_EDGE('',*,*,#793,.T.);
#1037=ORIENTED_EDGE('',*,*,#794,.T.);
#1038=ORIENTED_EDGE('',*,*,#795,.T.);
#1039=ORIENTED_EDGE('',*,*,#793,.F.);
#1040=ORIENTED_EDGE('',*,*,#796,.T.);
#1041=ORIENTED_EDGE('',*,*,#776,.F.);
#1042=ORIENTED_EDGE('',*,*,#797,.T.);
#1043=ORIENTED_EDGE('',*,*,#792,.F.);
#1044=ORIENTED_EDGE('',*,*,#798,.F.);
#1045=ORIENTED_EDGE('',*,*,#727,.F.);
#1046=ORIENTED_EDGE('',*,*,#777,.F.);
#1047=ORIENTED_EDGE('',*,*,#796,.F.);
#1048=ORIENTED_EDGE('',*,*,#799,.T.);
#1049=ORIENTED_EDGE('',*,*,#800,.T.);
#1050=ORIENTED_EDGE('',*,*,#801,.T.);
#1051=ORIENTED_EDGE('',*,*,#802,.T.);
#1052=ORIENTED_EDGE('',*,*,#800,.F.);
#1053=ORIENTED_EDGE('',*,*,#803,.T.);
#1054=ORIENTED_EDGE('',*,*,#779,.F.);
#1055=ORIENTED_EDGE('',*,*,#804,.T.);
#1056=ORIENTED_EDGE('',*,*,#799,.F.);
#1057=ORIENTED_EDGE('',*,*,#805,.F.);
#1058=ORIENTED_EDGE('',*,*,#723,.F.);
#1059=ORIENTED_EDGE('',*,*,#780,.F.);
#1060=ORIENTED_EDGE('',*,*,#803,.F.);
#1061=ORIENTED_EDGE('',*,*,#806,.T.);
#1062=ORIENTED_EDGE('',*,*,#807,.T.);
#1063=ORIENTED_EDGE('',*,*,#808,.T.);
#1064=ORIENTED_EDGE('',*,*,#809,.T.);
#1065=ORIENTED_EDGE('',*,*,#807,.F.);
#1066=ORIENTED_EDGE('',*,*,#810,.T.);
#1067=ORIENTED_EDGE('',*,*,#811,.F.);
#1068=ORIENTED_EDGE('',*,*,#812,.T.);
#1069=ORIENTED_EDGE('',*,*,#806,.F.);
#1070=ORIENTED_EDGE('',*,*,#813,.F.);
#1071=ORIENTED_EDGE('',*,*,#754,.F.);
#1072=ORIENTED_EDGE('',*,*,#814,.F.);
#1073=ORIENTED_EDGE('',*,*,#810,.F.);
#1074=ORIENTED_EDGE('',*,*,#815,.T.);
#1075=ORIENTED_EDGE('',*,*,#816,.T.);
#1076=ORIENTED_EDGE('',*,*,#817,.T.);
#1077=ORIENTED_EDGE('',*,*,#818,.T.);
#1078=ORIENTED_EDGE('',*,*,#816,.F.);
#1079=ORIENTED_EDGE('',*,*,#819,.T.);
#1080=ORIENTED_EDGE('',*,*,#820,.F.);
#1081=ORIENTED_EDGE('',*,*,#821,.T.);
#1082=ORIENTED_EDGE('',*,*,#815,.F.);
#1083=ORIENTED_EDGE('',*,*,#822,.F.);
#1084=ORIENTED_EDGE('',*,*,#750,.F.);
#1085=ORIENTED_EDGE('',*,*,#823,.F.);
#1086=ORIENTED_EDGE('',*,*,#819,.F.);
#1087=ORIENTED_EDGE('',*,*,#824,.T.);
#1088=ORIENTED_EDGE('',*,*,#825,.T.);
#1089=ORIENTED_EDGE('',*,*,#826,.T.);
#1090=ORIENTED_EDGE('',*,*,#827,.T.);
#1091=ORIENTED_EDGE('',*,*,#825,.F.);
#1092=ORIENTED_EDGE('',*,*,#828,.T.);
#1093=ORIENTED_EDGE('',*,*,#829,.F.);
#1094=ORIENTED_EDGE('',*,*,#830,.T.);
#1095=ORIENTED_EDGE('',*,*,#824,.F.);
#1096=ORIENTED_EDGE('',*,*,#831,.F.);
#1097=ORIENTED_EDGE('',*,*,#732,.F.);
#1098=ORIENTED_EDGE('',*,*,#832,.F.);
#1099=ORIENTED_EDGE('',*,*,#828,.F.);
#1100=ORIENTED_EDGE('',*,*,#833,.T.);
#1101=ORIENTED_EDGE('',*,*,#834,.T.);
#1102=ORIENTED_EDGE('',*,*,#835,.T.);
#1103=ORIENTED_EDGE('',*,*,#836,.T.);
#1104=ORIENTED_EDGE('',*,*,#834,.F.);
#1105=ORIENTED_EDGE('',*,*,#837,.T.);
#1106=ORIENTED_EDGE('',*,*,#838,.F.);
#1107=ORIENTED_EDGE('',*,*,#839,.T.);
#1108=ORIENTED_EDGE('',*,*,#833,.F.);
#1109=ORIENTED_EDGE('',*,*,#840,.F.);
#1110=ORIENTED_EDGE('',*,*,#736,.F.);
#1111=ORIENTED_EDGE('',*,*,#841,.F.);
#1112=ORIENTED_EDGE('',*,*,#837,.F.);
#1113=ORIENTED_EDGE('',*,*,#842,.T.);
#1114=ORIENTED_EDGE('',*,*,#843,.T.);
#1115=ORIENTED_EDGE('',*,*,#844,.T.);
#1116=ORIENTED_EDGE('',*,*,#845,.T.);
#1117=ORIENTED_EDGE('',*,*,#843,.F.);
#1118=ORIENTED_EDGE('',*,*,#846,.T.);
#1119=ORIENTED_EDGE('',*,*,#847,.F.);
#1120=ORIENTED_EDGE('',*,*,#848,.T.);
#1121=ORIENTED_EDGE('',*,*,#842,.F.);
#1122=ORIENTED_EDGE('',*,*,#849,.F.);
#1123=ORIENTED_EDGE('',*,*,#741,.F.);
#1124=ORIENTED_EDGE('',*,*,#850,.F.);
#1125=ORIENTED_EDGE('',*,*,#846,.F.);
#1126=ORIENTED_EDGE('',*,*,#851,.T.);
#1127=ORIENTED_EDGE('',*,*,#852,.T.);
#1128=ORIENTED_EDGE('',*,*,#853,.T.);
#1129=ORIENTED_EDGE('',*,*,#854,.T.);
#1130=ORIENTED_EDGE('',*,*,#852,.F.);
#1131=ORIENTED_EDGE('',*,*,#855,.T.);
#1132=ORIENTED_EDGE('',*,*,#856,.F.);
#1133=ORIENTED_EDGE('',*,*,#857,.T.);
#1134=ORIENTED_EDGE('',*,*,#851,.F.);
#1135=ORIENTED_EDGE('',*,*,#858,.F.);
#1136=ORIENTED_EDGE('',*,*,#745,.F.);
#1137=ORIENTED_EDGE('',*,*,#859,.F.);
#1138=ORIENTED_EDGE('',*,*,#855,.F.);
#1139=ORIENTED_EDGE('',*,*,#827,.F.);
#1140=ORIENTED_EDGE('',*,*,#860,.F.);
#1141=ORIENTED_EDGE('',*,*,#733,.F.);
#1142=ORIENTED_EDGE('',*,*,#831,.T.);
#1143=ORIENTED_EDGE('',*,*,#826,.F.);
#1144=ORIENTED_EDGE('',*,*,#830,.F.);
#1145=ORIENTED_EDGE('',*,*,#861,.F.);
#1146=ORIENTED_EDGE('',*,*,#734,.F.);
#1147=ORIENTED_EDGE('',*,*,#860,.T.);
#1148=ORIENTED_EDGE('',*,*,#861,.T.);
#1149=ORIENTED_EDGE('',*,*,#829,.T.);
#1150=ORIENTED_EDGE('',*,*,#832,.T.);
#1151=ORIENTED_EDGE('',*,*,#731,.F.);
#1152=ORIENTED_EDGE('',*,*,#774,.T.);
#1153=ORIENTED_EDGE('',*,*,#787,.F.);
#1154=ORIENTED_EDGE('',*,*,#862,.F.);
#1155=ORIENTED_EDGE('',*,*,#739,.F.);
#1156=ORIENTED_EDGE('',*,*,#863,.T.);
#1157=ORIENTED_EDGE('',*,*,#838,.T.);
#1158=ORIENTED_EDGE('',*,*,#841,.T.);
#1159=ORIENTED_EDGE('',*,*,#735,.F.);
#1160=ORIENTED_EDGE('',*,*,#795,.F.);
#1161=ORIENTED_EDGE('',*,*,#864,.F.);
#1162=ORIENTED_EDGE('',*,*,#728,.F.);
#1163=ORIENTED_EDGE('',*,*,#798,.T.);
#1164=ORIENTED_EDGE('',*,*,#794,.F.);
#1165=ORIENTED_EDGE('',*,*,#797,.F.);
#1166=ORIENTED_EDGE('',*,*,#775,.F.);
#1167=ORIENTED_EDGE('',*,*,#729,.F.);
#1168=ORIENTED_EDGE('',*,*,#864,.T.);
#1169=ORIENTED_EDGE('',*,*,#818,.F.);
#1170=ORIENTED_EDGE('',*,*,#865,.F.);
#1171=ORIENTED_EDGE('',*,*,#751,.F.);
#1172=ORIENTED_EDGE('',*,*,#822,.T.);
#1173=ORIENTED_EDGE('',*,*,#817,.F.);
#1174=ORIENTED_EDGE('',*,*,#821,.F.);
#1175=ORIENTED_EDGE('',*,*,#866,.F.);
#1176=ORIENTED_EDGE('',*,*,#752,.F.);
#1177=ORIENTED_EDGE('',*,*,#865,.T.);
#1178=ORIENTED_EDGE('',*,*,#767,.T.);
#1179=ORIENTED_EDGE('',*,*,#757,.F.);
#1180=ORIENTED_EDGE('',*,*,#867,.T.);
#1181=ORIENTED_EDGE('',*,*,#811,.T.);
#1182=ORIENTED_EDGE('',*,*,#814,.T.);
#1183=ORIENTED_EDGE('',*,*,#753,.F.);
#1184=ORIENTED_EDGE('',*,*,#866,.T.);
#1185=ORIENTED_EDGE('',*,*,#820,.T.);
#1186=ORIENTED_EDGE('',*,*,#823,.T.);
#1187=ORIENTED_EDGE('',*,*,#749,.F.);
#1188=ORIENTED_EDGE('',*,*,#868,.T.);
#1189=ORIENTED_EDGE('',*,*,#785,.F.);
#1190=ORIENTED_EDGE('',*,*,#845,.F.);
#1191=ORIENTED_EDGE('',*,*,#869,.F.);
#1192=ORIENTED_EDGE('',*,*,#742,.F.);
#1193=ORIENTED_EDGE('',*,*,#849,.T.);
#1194=ORIENTED_EDGE('',*,*,#844,.F.);
#1195=ORIENTED_EDGE('',*,*,#848,.F.);
#1196=ORIENTED_EDGE('',*,*,#870,.F.);
#1197=ORIENTED_EDGE('',*,*,#743,.F.);
#1198=ORIENTED_EDGE('',*,*,#869,.T.);
#1199=ORIENTED_EDGE('',*,*,#870,.T.);
#1200=ORIENTED_EDGE('',*,*,#847,.T.);
#1201=ORIENTED_EDGE('',*,*,#850,.T.);
#1202=ORIENTED_EDGE('',*,*,#740,.F.);
#1203=ORIENTED_EDGE('',*,*,#862,.T.);
#1204=ORIENTED_EDGE('',*,*,#786,.F.);
#1205=ORIENTED_EDGE('',*,*,#868,.F.);
#1206=ORIENTED_EDGE('',*,*,#748,.F.);
#1207=ORIENTED_EDGE('',*,*,#871,.T.);
#1208=ORIENTED_EDGE('',*,*,#856,.T.);
#1209=ORIENTED_EDGE('',*,*,#859,.T.);
#1210=ORIENTED_EDGE('',*,*,#744,.F.);
#1211=ORIENTED_EDGE('',*,*,#836,.F.);
#1212=ORIENTED_EDGE('',*,*,#872,.F.);
#1213=ORIENTED_EDGE('',*,*,#737,.F.);
#1214=ORIENTED_EDGE('',*,*,#840,.T.);
#1215=ORIENTED_EDGE('',*,*,#835,.F.);
#1216=ORIENTED_EDGE('',*,*,#839,.F.);
#1217=ORIENTED_EDGE('',*,*,#863,.F.);
#1218=ORIENTED_EDGE('',*,*,#738,.F.);
#1219=ORIENTED_EDGE('',*,*,#872,.T.);
#1220=ORIENTED_EDGE('',*,*,#802,.F.);
#1221=ORIENTED_EDGE('',*,*,#873,.F.);
#1222=ORIENTED_EDGE('',*,*,#724,.F.);
#1223=ORIENTED_EDGE('',*,*,#805,.T.);
#1224=ORIENTED_EDGE('',*,*,#801,.F.);
#1225=ORIENTED_EDGE('',*,*,#804,.F.);
#1226=ORIENTED_EDGE('',*,*,#778,.F.);
#1227=ORIENTED_EDGE('',*,*,#725,.F.);
#1228=ORIENTED_EDGE('',*,*,#873,.T.);
#1229=ORIENTED_EDGE('',*,*,#809,.F.);
#1230=ORIENTED_EDGE('',*,*,#874,.F.);
#1231=ORIENTED_EDGE('',*,*,#755,.F.);
#1232=ORIENTED_EDGE('',*,*,#813,.T.);
#1233=ORIENTED_EDGE('',*,*,#808,.F.);
#1234=ORIENTED_EDGE('',*,*,#812,.F.);
#1235=ORIENTED_EDGE('',*,*,#867,.F.);
#1236=ORIENTED_EDGE('',*,*,#756,.F.);
#1237=ORIENTED_EDGE('',*,*,#874,.T.);
#1238=ORIENTED_EDGE('',*,*,#854,.F.);
#1239=ORIENTED_EDGE('',*,*,#875,.F.);
#1240=ORIENTED_EDGE('',*,*,#746,.F.);
#1241=ORIENTED_EDGE('',*,*,#858,.T.);
#1242=ORIENTED_EDGE('',*,*,#853,.F.);
#1243=ORIENTED_EDGE('',*,*,#857,.F.);
#1244=ORIENTED_EDGE('',*,*,#871,.F.);
#1245=ORIENTED_EDGE('',*,*,#747,.F.);
#1246=ORIENTED_EDGE('',*,*,#875,.T.);
#1247=ORIENTED_EDGE('',*,*,#876,.F.);
#1248=ORIENTED_EDGE('',*,*,#703,.T.);
#1249=ORIENTED_EDGE('',*,*,#716,.F.);
#1250=ORIENTED_EDGE('',*,*,#714,.F.);
#1251=ORIENTED_EDGE('',*,*,#877,.F.);
#1252=ORIENTED_EDGE('',*,*,#878,.F.);
#1253=ORIENTED_EDGE('',*,*,#711,.T.);
#1254=ORIENTED_EDGE('',*,*,#715,.F.);
#1255=ORIENTED_EDGE('',*,*,#706,.F.);
#1256=ORIENTED_EDGE('',*,*,#879,.F.);
#1257=ORIENTED_EDGE('',*,*,#880,.F.);
#1258=ORIENTED_EDGE('',*,*,#788,.T.);
#1259=ORIENTED_EDGE('',*,*,#783,.F.);
#1260=ORIENTED_EDGE('',*,*,#881,.F.);
#1261=ORIENTED_EDGE('',*,*,#882,.F.);
#1262=ORIENTED_EDGE('',*,*,#881,.T.);
#1263=ORIENTED_EDGE('',*,*,#782,.F.);
#1264=ORIENTED_EDGE('',*,*,#791,.F.);
#1265=ORIENTED_EDGE('',*,*,#694,.T.);
#1266=ORIENTED_EDGE('',*,*,#718,.F.);
#1267=ORIENTED_EDGE('',*,*,#883,.F.);
#1268=ORIENTED_EDGE('',*,*,#760,.F.);
#1269=ORIENTED_EDGE('',*,*,#682,.T.);
#1270=ORIENTED_EDGE('',*,*,#761,.F.);
#1271=ORIENTED_EDGE('',*,*,#883,.T.);
#1272=ORIENTED_EDGE('',*,*,#717,.F.);
#1273=ORIENTED_EDGE('',*,*,#770,.T.);
#1274=ORIENTED_EDGE('',*,*,#789,.T.);
#1275=ORIENTED_EDGE('',*,*,#880,.T.);
#1276=ORIENTED_EDGE('',*,*,#882,.T.);
#1277=ORIENTED_EDGE('',*,*,#790,.T.);
#1278=ORIENTED_EDGE('',*,*,#763,.T.);
#1279=ORIENTED_EDGE('',*,*,#772,.T.);
#1280=ORIENTED_EDGE('',*,*,#876,.T.);
#1281=ORIENTED_EDGE('',*,*,#877,.T.);
#1282=ORIENTED_EDGE('',*,*,#713,.T.);
#1283=ORIENTED_EDGE('',*,*,#712,.T.);
#1284=ORIENTED_EDGE('',*,*,#878,.T.);
#1285=ORIENTED_EDGE('',*,*,#879,.T.);
#1286=ORIENTED_EDGE('',*,*,#705,.T.);
#1287=ORIENTED_EDGE('',*,*,#704,.T.);
#1288=CYLINDRICAL_SURFACE('',#1371,4.);
#1289=ADVANCED_FACE('',(#86),#1288,.T.);
#1290=ADVANCED_FACE('',(#87),#66,.F.);
#1291=ADVANCED_FACE('',(#88),#67,.F.);
#1292=ADVANCED_FACE('',(#89),#68,.F.);
#1293=ADVANCED_FACE('',(#90),#69,.F.);
#1294=ADVANCED_FACE('',(#91),#70,.T.);
#1295=ADVANCED_FACE('',(#92),#71,.T.);
#1296=ADVANCED_FACE('',(#93),#72,.T.);
#1297=ADVANCED_FACE('',(#94,#15),#19,.T.);
#1298=ADVANCED_FACE('',(#95),#73,.T.);
#1299=ADVANCED_FACE('',(#96,#16,#17),#20,.F.);
#1300=ADVANCED_FACE('',(#97),#21,.F.);
#1301=ADVANCED_FACE('',(#98),#22,.F.);
#1302=ADVANCED_FACE('',(#99),#23,.F.);
#1303=ADVANCED_FACE('',(#100),#74,.T.);
#1304=ADVANCED_FACE('',(#101),#24,.T.);
#1305=ADVANCED_FACE('',(#102),#75,.T.);
#1306=ADVANCED_FACE('',(#103),#76,.T.);
#1307=ADVANCED_FACE('',(#104),#25,.T.);
#1308=ADVANCED_FACE('',(#105),#26,.T.);
#1309=ADVANCED_FACE('',(#106),#27,.T.);
#1310=ADVANCED_FACE('',(#107),#28,.T.);
#1311=ADVANCED_FACE('',(#108),#29,.T.);
#1312=ADVANCED_FACE('',(#109),#30,.T.);
#1313=ADVANCED_FACE('',(#110),#31,.T.);
#1314=ADVANCED_FACE('',(#111),#32,.T.);
#1315=ADVANCED_FACE('',(#112),#33,.T.);
#1316=ADVANCED_FACE('',(#113),#34,.T.);
#1317=ADVANCED_FACE('',(#114),#35,.T.);
#1318=ADVANCED_FACE('',(#115),#36,.T.);
#1319=ADVANCED_FACE('',(#116),#37,.T.);
#1320=ADVANCED_FACE('',(#117),#38,.T.);
#1321=ADVANCED_FACE('',(#118),#39,.T.);
#1322=ADVANCED_FACE('',(#119),#40,.T.);
#1323=ADVANCED_FACE('',(#120),#41,.T.);
#1324=ADVANCED_FACE('',(#121),#42,.T.);
#1325=ADVANCED_FACE('',(#122),#43,.T.);
#1326=ADVANCED_FACE('',(#123),#44,.T.);
#1327=ADVANCED_FACE('',(#124),#45,.T.);
#1328=ADVANCED_FACE('',(#125),#46,.T.);
#1329=ADVANCED_FACE('',(#126),#47,.T.);
#1330=ADVANCED_FACE('',(#127),#48,.T.);
#1331=ADVANCED_FACE('',(#128),#49,.T.);
#1332=ADVANCED_FACE('',(#129),#50,.T.);
#1333=ADVANCED_FACE('',(#130),#77,.T.);
#1334=ADVANCED_FACE('',(#131),#51,.T.);
#1335=ADVANCED_FACE('',(#132),#52,.T.);
#1336=ADVANCED_FACE('',(#133),#53,.T.);
#1337=ADVANCED_FACE('',(#134),#54,.T.);
#1338=ADVANCED_FACE('',(#135),#78,.T.);
#1339=ADVANCED_FACE('',(#136),#55,.T.);
#1340=ADVANCED_FACE('',(#137),#56,.T.);
#1341=ADVANCED_FACE('',(#138),#79,.T.);
#1342=ADVANCED_FACE('',(#139),#57,.T.);
#1343=ADVANCED_FACE('',(#140),#58,.T.);
#1344=ADVANCED_FACE('',(#141),#59,.T.);
#1345=ADVANCED_FACE('',(#142),#60,.T.);
#1346=ADVANCED_FACE('',(#143),#61,.T.);
#1347=ADVANCED_FACE('',(#144),#62,.T.);
#1348=ADVANCED_FACE('',(#145),#63,.T.);
#1349=ADVANCED_FACE('',(#146),#64,.T.);
#1350=ADVANCED_FACE('',(#147),#80,.T.);
#1351=ADVANCED_FACE('',(#148),#81,.T.);
#1352=ADVANCED_FACE('',(#149),#82,.T.);
#1353=ADVANCED_FACE('',(#150),#83,.T.);
#1354=ADVANCED_FACE('',(#151),#84,.T.);
#1355=ADVANCED_FACE('',(#152),#85,.T.);
#1356=ADVANCED_FACE('',(#153,#18),#65,.T.);
#1357=CLOSED_SHELL('',(#1289,#1290,#1291,#1292,#1293,#1294,#1295,#1296,
#1297,#1298,#1299,#1300,#1301,#1302,#1303,#1304,#1305,#1306,#1307,#1308,
#1309,#1310,#1311,#1312,#1313,#1314,#1315,#1316,#1317,#1318,#1319,#1320,
#1321,#1322,#1323,#1324,#1325,#1326,#1327,#1328,#1329,#1330,#1331,#1332,
#1333,#1334,#1335,#1336,#1337,#1338,#1339,#1340,#1341,#1342,#1343,#1344,
#1345,#1346,#1347,#1348,#1349,#1350,#1351,#1352,#1353,#1354,#1355,#1356));
#1358=DERIVED_UNIT_ELEMENT(#1360,1.);
#1359=DERIVED_UNIT_ELEMENT(#3399,-3.);
#1360=(
MASS_UNIT()
NAMED_UNIT(*)
SI_UNIT(.KILO.,.GRAM.)
);
#1361=DERIVED_UNIT((#1358,#1359));
#1362=MEASURE_REPRESENTATION_ITEM('density measure',
POSITIVE_RATIO_MEASURE(7850.),#1361);
#1363=PROPERTY_DEFINITION_REPRESENTATION(#1368,#1365);
#1364=PROPERTY_DEFINITION_REPRESENTATION(#1369,#1366);
#1365=REPRESENTATION('material name',(#1367),#3396);
#1366=REPRESENTATION('density',(#1362),#3396);
#1367=DESCRIPTIVE_REPRESENTATION_ITEM('Steel','Steel');
#1368=PROPERTY_DEFINITION('material property','material name',#3406);
#1369=PROPERTY_DEFINITION('material property','density of part',#3406);
#1370=AXIS2_PLACEMENT_3D('',#1635,#1419,#1420);
#1371=AXIS2_PLACEMENT_3D('',#1636,#1421,#1422);
#1372=AXIS2_PLACEMENT_3D('',#2103,#1436,#1437);
#1373=AXIS2_PLACEMENT_3D('',#2230,#1438,#1439);
#1374=AXIS2_PLACEMENT_3D('',#2432,#1467,#1468);
#1375=AXIS2_PLACEMENT_3D('',#2452,#1472,#1473);
#1376=AXIS2_PLACEMENT_3D('',#2472,#1477,#1478);
#1377=AXIS2_PLACEMENT_3D('',#2561,#1481,#1482);
#1378=AXIS2_PLACEMENT_3D('',#2788,#1485,#1486);
#1379=AXIS2_PLACEMENT_3D('',#2797,#1491,#1492);
#1380=AXIS2_PLACEMENT_3D('',#2800,#1495,#1496);
#1381=AXIS2_PLACEMENT_3D('',#2802,#1498,#1499);
#1382=AXIS2_PLACEMENT_3D('',#2811,#1504,#1505);
#1383=AXIS2_PLACEMENT_3D('',#2814,#1508,#1509);
#1384=AXIS2_PLACEMENT_3D('',#2816,#1511,#1512);
#1385=AXIS2_PLACEMENT_3D('',#2825,#1517,#1518);
#1386=AXIS2_PLACEMENT_3D('',#2834,#1521,#1522);
#1387=AXIS2_PLACEMENT_3D('',#2840,#1524,#1525);
#1388=AXIS2_PLACEMENT_3D('',#2849,#1530,#1531);
#1389=AXIS2_PLACEMENT_3D('',#2858,#1534,#1535);
#1390=AXIS2_PLACEMENT_3D('',#2864,#1537,#1538);
#1391=AXIS2_PLACEMENT_3D('',#2873,#1543,#1544);
#1392=AXIS2_PLACEMENT_3D('',#2882,#1547,#1548);
#1393=AXIS2_PLACEMENT_3D('',#2888,#1550,#1551);
#1394=AXIS2_PLACEMENT_3D('',#2897,#1556,#1557);
#1395=AXIS2_PLACEMENT_3D('',#2906,#1560,#1561);
#1396=AXIS2_PLACEMENT_3D('',#2912,#1563,#1564);
#1397=AXIS2_PLACEMENT_3D('',#2921,#1569,#1570);
#1398=AXIS2_PLACEMENT_3D('',#2930,#1573,#1574);
#1399=AXIS2_PLACEMENT_3D('',#2936,#1576,#1577);
#1400=AXIS2_PLACEMENT_3D('',#2945,#1582,#1583);
#1401=AXIS2_PLACEMENT_3D('',#2954,#1586,#1587);
#1402=AXIS2_PLACEMENT_3D('',#2960,#1589,#1590);
#1403=AXIS2_PLACEMENT_3D('',#2962,#1592,#1593);
#1404=AXIS2_PLACEMENT_3D('',#3010,#1595,#1596);
#1405=AXIS2_PLACEMENT_3D('',#3012,#1598,#1599);
#1406=AXIS2_PLACEMENT_3D('',#3013,#1600,#1601);
#1407=AXIS2_PLACEMENT_3D('',#3015,#1603,#1604);
#1408=AXIS2_PLACEMENT_3D('',#3063,#1606,#1607);
#1409=AXIS2_PLACEMENT_3D('',#3065,#1609,#1610);
#1410=AXIS2_PLACEMENT_3D('',#3112,#1611,#1612);
#1411=AXIS2_PLACEMENT_3D('',#3114,#1614,#1615);
#1412=AXIS2_PLACEMENT_3D('',#3115,#1616,#1617);
#1413=AXIS2_PLACEMENT_3D('',#3117,#1619,#1620);
#1414=AXIS2_PLACEMENT_3D('',#3118,#1621,#1622);
#1415=AXIS2_PLACEMENT_3D('',#3120,#1624,#1625);
#1416=AXIS2_PLACEMENT_3D('',#3121,#1626,#1627);
#1417=AXIS2_PLACEMENT_3D('',#3123,#1629,#1630);
#1418=AXIS2_PLACEMENT_3D('',#3393,#1633,#1634);
#1419=DIRECTION('axis',(0.,0.,1.));
#1420=DIRECTION('refdir',(1.,0.,0.));
#1421=DIRECTION('center_axis',(0.,0.,1.));
#1422=DIRECTION('ref_axis',(6.12323399573677E-17,1.,0.));
#1423=DIRECTION('',(0.,0.,-1.));
#1424=DIRECTION('',(0.,0.,1.));
#1425=DIRECTION('',(0.,0.,-1.));
#1426=DIRECTION('',(0.,0.,1.));
#1427=DIRECTION('',(0.,0.,-1.));
#1428=DIRECTION('',(0.,0.,1.));
#1429=DIRECTION('',(0.,1.,0.));
#1430=DIRECTION('',(0.,1.,0.));
#1431=DIRECTION('',(0.,1.,0.));
#1432=DIRECTION('',(0.,1.,0.));
#1433=DIRECTION('',(0.,1.,0.));
#1434=DIRECTION('',(0.,1.,0.));
#1435=DIRECTION('',(0.,1.,0.));
#1436=DIRECTION('center_axis',(0.,1.,0.));
#1437=DIRECTION('ref_axis',(1.,0.,0.));
#1438=DIRECTION('center_axis',(0.,1.,0.));
#1439=DIRECTION('ref_axis',(1.,0.,0.));
#1440=DIRECTION('',(-1.,0.,0.));
#1441=DIRECTION('',(-0.997900223399613,0.,-0.0647699323683683));
#1442=DIRECTION('',(0.0647699323683697,0.,-0.997900223399613));
#1443=DIRECTION('',(0.997900223399614,0.,0.0647699323683488));
#1444=DIRECTION('',(-0.905898587823753,0.,-0.423494685419935));
#1445=DIRECTION('',(0.448529370684369,0.,-0.893768092758677));
#1446=DIRECTION('',(0.893768092758675,0.,0.448529370684373));
#1447=DIRECTION('',(0.89376809275868,0.,-0.448529370684363));
#1448=DIRECTION('',(0.448529370684366,0.,0.893768092758679));
#1449=DIRECTION('',(-0.905898587823748,0.,0.423494685419947));
#1450=DIRECTION('',(0.997900223399613,0.,-0.0647699323683653));
#1451=DIRECTION('',(0.0647699323683648,0.,0.997900223399613));
#1452=DIRECTION('',(-0.997900223399613,0.,0.0647699323683634));
#1453=DIRECTION('',(0.997900223399613,0.,0.0647699323683634));
#1454=DIRECTION('',(-0.0647699323683648,0.,0.997900223399613));
#1455=DIRECTION('',(-0.997900223399613,0.,-0.0647699323683653));
#1456=DIRECTION('',(0.905898587823748,0.,0.423494685419947));
#1457=DIRECTION('',(-0.448529370684366,0.,0.893768092758679));
#1458=DIRECTION('',(-0.89376809275868,0.,-0.448529370684363));
#1459=DIRECTION('',(-0.893768092758675,0.,0.448529370684373));
#1460=DIRECTION('',(-0.448529370684367,0.,-0.893768092758678));
#1461=DIRECTION('',(0.905898587823754,0.,-0.423494685419933));
#1462=DIRECTION('',(-0.997900223399614,0.,0.0647699323683488));
#1463=DIRECTION('',(-0.0647699323683653,0.,-0.997900223399613));
#1464=DIRECTION('',(0.997900223399613,0.,-0.064769932368369));
#1465=DIRECTION('',(1.,0.,0.));
#1466=DIRECTION('',(0.,0.,-1.));
#1467=DIRECTION('center_axis',(0.,0.,-1.));
#1468=DIRECTION('ref_axis',(1.,0.,0.));
#1469=DIRECTION('',(0.,-1.,0.));
#1470=DIRECTION('',(1.,0.,0.));
#1471=DIRECTION('',(1.,0.,0.));
#1472=DIRECTION('center_axis',(0.,0.,1.));
#1473=DIRECTION('ref_axis',(-1.,0.,0.));
#1474=DIRECTION('',(-1.,0.,0.));
#1475=DIRECTION('',(-1.,0.,0.));
#1476=DIRECTION('',(0.,-1.,0.));
#1477=DIRECTION('center_axis',(1.,0.,0.));
#1478=DIRECTION('ref_axis',(0.,0.,1.));
#1479=DIRECTION('',(0.,0.,1.));
#1480=DIRECTION('',(0.,1.,0.));
#1481=DIRECTION('center_axis',(0.,1.,0.));
#1482=DIRECTION('ref_axis',(1.,0.,0.));
#1483=DIRECTION('',(0.,1.,0.));
#1484=DIRECTION('',(0.,1.,0.));
#1485=DIRECTION('center_axis',(-0.631989479197826,0.707106781186549,-0.317158159572252));
#1486=DIRECTION('ref_axis',(-0.448529370684369,0.,0.893768092758677));
#1487=DIRECTION('',(0.640690977708805,0.70696993675455,0.299513905533286));
#1488=DIRECTION('',(0.448529370684369,0.,-0.893768092758677));
#1489=DIRECTION('',(-0.631989479197828,-0.707106781186546,-0.317158159572256));
#1490=DIRECTION('',(-0.448529370684369,0.,0.893768092758677));
#1491=DIRECTION('center_axis',(0.,1.,0.));
#1492=DIRECTION('ref_axis',(1.,0.,0.));
#1493=DIRECTION('',(0.905898587823753,0.,0.423494685419935));
#1494=DIRECTION('',(-0.893768092758675,0.,-0.448529370684373));
#1495=DIRECTION('center_axis',(-0.423494685419935,0.,0.905898587823753));
#1496=DIRECTION('ref_axis',(0.905898587823753,0.,0.423494685419935));
#1497=DIRECTION('',(0.,1.,0.));
#1498=DIRECTION('center_axis',(-0.705622014913439,0.707106781186545,-0.0457992583946684));
#1499=DIRECTION('ref_axis',(-0.0647699323683697,0.,0.997900223399613));
#1500=DIRECTION('',(0.705622014913435,0.70710678118655,0.0457992583946671));
#1501=DIRECTION('',(0.0647699323683697,0.,-0.997900223399613));
#1502=DIRECTION('',(-0.705622014913435,-0.70710678118655,-0.0457992583946533));
#1503=DIRECTION('',(-0.0647699323683697,0.,0.997900223399613));
#1504=DIRECTION('center_axis',(0.,1.,0.));
#1505=DIRECTION('ref_axis',(1.,0.,0.));
#1506=DIRECTION('',(0.997900223399613,0.,0.0647699323683683));
#1507=DIRECTION('',(-0.997900223399614,0.,-0.0647699323683488));
#1508=DIRECTION('center_axis',(-0.0647699323683683,0.,0.997900223399613));
#1509=DIRECTION('ref_axis',(0.997900223399613,0.,0.0647699323683683));
#1510=DIRECTION('',(0.,1.,0.));
#1511=DIRECTION('center_axis',(-0.70562201491344,0.707106781186545,0.0457992583946653));
#1512=DIRECTION('ref_axis',(0.0647699323683653,0.,0.997900223399613));
#1513=DIRECTION('',(0.705622014913435,0.70710678118655,-0.0457992583946533));
#1514=DIRECTION('',(-0.0647699323683653,0.,-0.997900223399613));
#1515=DIRECTION('',(-0.705622014913434,-0.70710678118655,0.0457992583946676));
#1516=DIRECTION('',(0.0647699323683653,0.,0.997900223399613));
#1517=DIRECTION('center_axis',(0.,1.,0.));
#1518=DIRECTION('ref_axis',(1.,0.,0.));
#1519=DIRECTION('',(0.997900223399614,0.,-0.0647699323683488));
#1520=DIRECTION('',(-0.997900223399613,0.,0.064769932368369));
#1521=DIRECTION('center_axis',(0.0647699323683488,0.,0.997900223399614));
#1522=DIRECTION('ref_axis',(0.997900223399614,0.,-0.0647699323683488));
#1523=DIRECTION('',(0.,1.,0.));
#1524=DIRECTION('center_axis',(-0.631989479197827,0.707106781186549,0.31715815957225));
#1525=DIRECTION('ref_axis',(0.448529370684367,0.,0.893768092758678));
#1526=DIRECTION('',(0.631989479197828,0.707106781186546,-0.317158159572256));
#1527=DIRECTION('',(-0.448529370684367,0.,-0.893768092758678));
#1528=DIRECTION('',(-0.640690977708806,-0.70696993675455,0.299513905533285));
#1529=DIRECTION('',(0.448529370684367,0.,0.893768092758678));
#1530=DIRECTION('center_axis',(0.,1.,0.));
#1531=DIRECTION('ref_axis',(1.,0.,0.));
#1532=DIRECTION('',(0.893768092758675,0.,-0.448529370684373));
#1533=DIRECTION('',(-0.905898587823754,0.,0.423494685419933));
#1534=DIRECTION('center_axis',(0.448529370684373,0.,0.893768092758675));
#1535=DIRECTION('ref_axis',(0.893768092758675,0.,-0.448529370684373));
#1536=DIRECTION('',(0.,1.,0.));
#1537=DIRECTION('center_axis',(0.631989479197828,0.707106781186549,-0.317158159572249));
#1538=DIRECTION('ref_axis',(-0.448529370684366,0.,-0.893768092758679));
#1539=DIRECTION('',(-0.631989479197832,0.707106781186546,0.317158159572249));
#1540=DIRECTION('',(0.448529370684366,0.,0.893768092758679));
#1541=DIRECTION('',(0.640690977708801,-0.70696993675455,-0.299513905533294));
#1542=DIRECTION('',(-0.448529370684366,0.,-0.893768092758679));
#1543=DIRECTION('center_axis',(0.,1.,0.));
#1544=DIRECTION('ref_axis',(1.,0.,0.));
#1545=DIRECTION('',(-0.89376809275868,0.,0.448529370684363));
#1546=DIRECTION('',(0.905898587823748,0.,-0.423494685419947));
#1547=DIRECTION('center_axis',(-0.448529370684363,0.,-0.89376809275868));
#1548=DIRECTION('ref_axis',(-0.89376809275868,0.,0.448529370684363));
#1549=DIRECTION('',(0.,1.,0.));
#1550=DIRECTION('center_axis',(0.705622014913434,0.70710678118655,-0.0457992583946647));
#1551=DIRECTION('ref_axis',(-0.0647699323683648,0.,-0.997900223399613));
#1552=DIRECTION('',(-0.70562201491344,0.707106781186545,0.0457992583946654));
#1553=DIRECTION('',(0.0647699323683648,0.,0.997900223399613));
#1554=DIRECTION('',(0.70562201491344,-0.707106781186545,-0.045799258394664));
#1555=DIRECTION('',(-0.0647699323683648,0.,-0.997900223399613));
#1556=DIRECTION('center_axis',(0.,1.,0.));
#1557=DIRECTION('ref_axis',(1.,0.,0.));
#1558=DIRECTION('',(-0.997900223399613,0.,0.0647699323683653));
#1559=DIRECTION('',(0.997900223399613,0.,-0.0647699323683634));
#1560=DIRECTION('center_axis',(-0.0647699323683653,0.,-0.997900223399613));
#1561=DIRECTION('ref_axis',(-0.997900223399613,0.,0.0647699323683653));
#1562=DIRECTION('',(0.,1.,0.));
#1563=DIRECTION('center_axis',(0.705622014913434,0.70710678118655,0.0457992583946647));
#1564=DIRECTION('ref_axis',(0.0647699323683648,0.,-0.997900223399613));
#1565=DIRECTION('',(-0.70562201491344,0.707106781186545,-0.045799258394664));
#1566=DIRECTION('',(-0.0647699323683648,0.,0.997900223399613));
#1567=DIRECTION('',(0.70562201491344,-0.707106781186545,0.0457992583946654));
#1568=DIRECTION('',(0.0647699323683648,0.,-0.997900223399613));
#1569=DIRECTION('center_axis',(0.,1.,0.));
#1570=DIRECTION('ref_axis',(1.,0.,0.));
#1571=DIRECTION('',(-0.997900223399613,0.,-0.0647699323683634));
#1572=DIRECTION('',(0.997900223399613,0.,0.0647699323683653));
#1573=DIRECTION('center_axis',(0.0647699323683634,0.,-0.997900223399613));
#1574=DIRECTION('ref_axis',(-0.997900223399613,0.,-0.0647699323683634));
#1575=DIRECTION('',(0.,1.,0.));
#1576=DIRECTION('center_axis',(0.631989479197828,0.707106781186549,0.317158159572249));
#1577=DIRECTION('ref_axis',(0.448529370684366,0.,-0.893768092758679));
#1578=DIRECTION('',(-0.640690977708801,0.70696993675455,-0.299513905533294));
#1579=DIRECTION('',(-0.448529370684366,0.,0.893768092758679));
#1580=DIRECTION('',(0.631989479197832,-0.707106781186546,0.317158159572249));
#1581=DIRECTION('',(0.448529370684366,0.,-0.893768092758679));
#1582=DIRECTION('center_axis',(0.,1.,0.));
#1583=DIRECTION('ref_axis',(1.,0.,0.));
#1584=DIRECTION('',(-0.905898587823748,0.,-0.423494685419947));
#1585=DIRECTION('',(0.89376809275868,0.,0.448529370684363));
#1586=DIRECTION('center_axis',(0.423494685419947,0.,-0.905898587823748));
#1587=DIRECTION('ref_axis',(-0.905898587823748,0.,-0.423494685419947));
#1588=DIRECTION('',(0.,1.,0.));
#1589=DIRECTION('center_axis',(0.893768092758679,0.,-0.448529370684366));
#1590=DIRECTION('ref_axis',(-0.448529370684366,0.,-0.893768092758679));
#1591=DIRECTION('',(0.,1.,0.));
#1592=DIRECTION('center_axis',(0.423494685419947,0.,0.905898587823748));
#1593=DIRECTION('ref_axis',(0.905898587823748,0.,-0.423494685419947));
#1594=DIRECTION('',(0.,1.,0.));
#1595=DIRECTION('center_axis',(-0.893768092758677,0.,-0.448529370684369));
#1596=DIRECTION('ref_axis',(-0.448529370684369,0.,0.893768092758677));
#1597=DIRECTION('',(0.,1.,0.));
#1598=DIRECTION('center_axis',(0.448529370684373,0.,-0.893768092758675));
#1599=DIRECTION('ref_axis',(-0.893768092758675,0.,-0.448529370684373));
#1600=DIRECTION('center_axis',(-0.893768092758678,0.,0.448529370684368));
#1601=DIRECTION('ref_axis',(0.448529370684367,0.,0.893768092758678));
#1602=DIRECTION('',(0.,1.,0.));
#1603=DIRECTION('center_axis',(-0.423494685419933,0.,-0.905898587823754));
#1604=DIRECTION('ref_axis',(-0.905898587823754,0.,0.423494685419933));
#1605=DIRECTION('',(0.,1.,0.));
#1606=DIRECTION('center_axis',(0.997900223399613,0.,0.0647699323683648));
#1607=DIRECTION('ref_axis',(0.0647699323683648,0.,-0.997900223399613));
#1608=DIRECTION('',(0.,1.,0.));
#1609=DIRECTION('center_axis',(-0.0647699323683653,0.,0.997900223399613));
#1610=DIRECTION('ref_axis',(0.997900223399613,0.,0.0647699323683653));
#1611=DIRECTION('center_axis',(0.997900223399613,0.,-0.0647699323683648));
#1612=DIRECTION('ref_axis',(-0.0647699323683648,0.,-0.997900223399613));
#1613=DIRECTION('',(0.,1.,0.));
#1614=DIRECTION('center_axis',(0.0647699323683634,0.,0.997900223399613));
#1615=DIRECTION('ref_axis',(0.997900223399613,0.,-0.0647699323683634));
#1616=DIRECTION('center_axis',(-0.997900223399613,0.,-0.0647699323683697));
#1617=DIRECTION('ref_axis',(-0.0647699323683697,0.,0.997900223399613));
#1618=DIRECTION('',(0.,1.,0.));
#1619=DIRECTION('center_axis',(0.0647699323683488,0.,-0.997900223399614));
#1620=DIRECTION('ref_axis',(-0.997900223399614,0.,-0.0647699323683488));
#1621=DIRECTION('center_axis',(-0.997900223399613,0.,0.0647699323683653));
#1622=DIRECTION('ref_axis',(0.0647699323683653,0.,0.997900223399613));
#1623=DIRECTION('',(0.,1.,0.));
#1624=DIRECTION('center_axis',(-0.064769932368369,0.,-0.997900223399613));
#1625=DIRECTION('ref_axis',(-0.997900223399613,0.,0.064769932368369));
#1626=DIRECTION('center_axis',(0.893768092758679,0.,0.448529370684366));
#1627=DIRECTION('ref_axis',(0.448529370684366,0.,-0.893768092758679));
#1628=DIRECTION('',(0.,1.,0.));
#1629=DIRECTION('center_axis',(-0.448529370684363,0.,0.89376809275868));
#1630=DIRECTION('ref_axis',(0.89376809275868,0.,0.448529370684363));
#1631=DIRECTION('',(0.,1.,0.));
#1632=DIRECTION('',(0.,1.,0.));
#1633=DIRECTION('center_axis',(0.,1.,0.));
#1634=DIRECTION('ref_axis',(1.,0.,0.));
#1635=CARTESIAN_POINT('',(0.,0.,0.));
#1636=CARTESIAN_POINT('Origin',(-4.44089209850063E-15,-0.9,-3.5527136788005E-14));
#1637=CARTESIAN_POINT('',(3.12249899919919,1.6,-41.7899299063108));
#1638=CARTESIAN_POINT('',(3.62077339804633,-2.6,-41.59338611483));
#1639=CARTESIAN_POINT('Ctrl Pts',(3.12249899919919,1.6,-41.7899299063108));
#1640=CARTESIAN_POINT('Ctrl Pts',(3.29713854357772,1.38187527898298,-41.7273266544903));
#1641=CARTESIAN_POINT('Ctrl Pts',(3.44902023444093,1.14533581862073,-41.6664657729375));
#1642=CARTESIAN_POINT('Ctrl Pts',(3.68856898595487,0.667921978877675,-41.5647631722707));
#1643=CARTESIAN_POINT('Ctrl Pts',(3.78081937411576,0.430646016983758,-41.5226838433836));
#1644=CARTESIAN_POINT('Ctrl Pts',(3.97775962059058,-0.268286992736751,-41.4304585831519));
#1645=CARTESIAN_POINT('Ctrl Pts',(4.02488131760295,-0.739995437966825,-41.4059618891221));
#1646=CARTESIAN_POINT('Ctrl Pts',(3.94961443559784,-1.69841211701053,-41.4429404257274));
#1647=CARTESIAN_POINT('Ctrl Pts',(3.82404323154129,-2.16706234956244,-41.5056538898931));
#1648=CARTESIAN_POINT('Ctrl Pts',(3.62077339804633,-2.6,-41.59338611483));
#1649=CARTESIAN_POINT('',(3.12249899919919,1.6,-40.7184881197685));
#1650=CARTESIAN_POINT('',(3.12249899919919,1.6,-3.5527136788005E-14));
#1651=CARTESIAN_POINT('',(4.44089209850063E-15,3.1,-41.2999999850988));
#1652=CARTESIAN_POINT('Ctrl Pts',(3.12249899919919,1.6,-40.7184881197685));
#1653=CARTESIAN_POINT('Ctrl Pts',(2.78991165705119,2.01540145720138,-40.855759997847));
#1654=CARTESIAN_POINT('Ctrl Pts',(2.37503001195503,2.36370887519321,-40.9995857845024));
#1655=CARTESIAN_POINT('Ctrl Pts',(1.5880277980309,2.78822335160051,-41.1751566752011));
#1656=CARTESIAN_POINT('Ctrl Pts',(1.25492222535256,2.91494476371752,-41.2277499814668));
#1657=CARTESIAN_POINT('Ctrl Pts',(0.609079229663813,3.06505791846917,-41.2874393559056));
#1658=CARTESIAN_POINT('Ctrl Pts',(0.305489576727149,3.1,-41.2999999850988));
#1659=CARTESIAN_POINT('Ctrl Pts',(-4.57966997657877E-15,3.1,-41.2999999850988));
#1660=CARTESIAN_POINT('',(-3.1224989991992,1.6,-40.7184881197685));
#1661=CARTESIAN_POINT('Ctrl Pts',(4.44089209850063E-15,3.1,-41.2999999850988));
#1662=CARTESIAN_POINT('Ctrl Pts',(-0.475980991706453,3.1,-41.2999999850988));
#1663=CARTESIAN_POINT('Ctrl Pts',(-0.943795041194581,3.01561262482042,-41.2688387448701));
#1664=CARTESIAN_POINT('Ctrl Pts',(-1.74012083719936,2.72133789417982,-41.1478365301193));
#1665=CARTESIAN_POINT('Ctrl Pts',(-2.06940282839213,2.54303578497334,-41.0724494831849));
#1666=CARTESIAN_POINT('Ctrl Pts',(-2.65057067063768,2.11623752460527,-40.9017396985992));
#1667=CARTESIAN_POINT('Ctrl Pts',(-2.90414087589427,1.87272920859466,-40.8086131061441));
#1668=CARTESIAN_POINT('Ctrl Pts',(-3.1224989991992,1.6,-40.7184881197685));
#1669=CARTESIAN_POINT('',(-3.1224989991992,1.6,-41.7899299063108));
#1670=CARTESIAN_POINT('',(-3.1224989991992,1.6,-3.5527136788005E-14));
#1671=CARTESIAN_POINT('',(-3.62077339804634,-2.6,-41.59338611483));
#1672=CARTESIAN_POINT('Ctrl Pts',(-3.62077339804634,-2.6,-41.59338611483));
#1673=CARTESIAN_POINT('Ctrl Pts',(-3.73618723642548,-2.35418390837081,-41.543572954385));
#1674=CARTESIAN_POINT('Ctrl Pts',(-3.82685391258552,-2.09605370585974,-41.5014178862579));
#1675=CARTESIAN_POINT('Ctrl Pts',(-3.95094960356983,-1.57637503711029,-41.4424736785459));
#1676=CARTESIAN_POINT('Ctrl Pts',(-3.98667188800434,-1.3180388562208,-41.424742979196));
#1677=CARTESIAN_POINT('Ctrl Pts',(-4.01574653407108,-0.577285431121464,
-41.4104131668323));
#1678=CARTESIAN_POINT('Ctrl Pts',(-3.94844050452044,-0.103087799603308,
-41.4451892913096));
#1679=CARTESIAN_POINT('Ctrl Pts',(-3.65001752887356,0.805784393930472,-41.5825128724085));
#1680=CARTESIAN_POINT('Ctrl Pts',(-3.41938525778455,1.22918918187651,-41.6835047248067));
#1681=CARTESIAN_POINT('Ctrl Pts',(-3.1224989991992,1.6,-41.7899299063108));
#1682=CARTESIAN_POINT('',(-3.62077339804634,-2.6,41.59338611483));
#1683=CARTESIAN_POINT('',(-3.62077339804634,-2.6,-3.5527136788005E-14));
#1684=CARTESIAN_POINT('',(-3.1224989991992,1.6,41.7899299063108));
#1685=CARTESIAN_POINT('Ctrl Pts',(-3.1224989991992,1.6,41.7899299063108));
#1686=CARTESIAN_POINT('Ctrl Pts',(-3.29713854357774,1.38187527898296,41.7273266544902));
#1687=CARTESIAN_POINT('Ctrl Pts',(-3.44902023444094,1.14533581862073,41.6664657729375));
#1688=CARTESIAN_POINT('Ctrl Pts',(-3.68856898595487,0.66792197887768,41.5647631722707));
#1689=CARTESIAN_POINT('Ctrl Pts',(-3.78081937411577,0.43064601698376,41.5226838433836));
#1690=CARTESIAN_POINT('Ctrl Pts',(-3.97775962059059,-0.268286992736739,
41.4304585831519));
#1691=CARTESIAN_POINT('Ctrl Pts',(-4.02488131760296,-0.739995437966817,
41.405961889122));
#1692=CARTESIAN_POINT('Ctrl Pts',(-3.94961443559785,-1.69841211701053,41.4429404257274));
#1693=CARTESIAN_POINT('Ctrl Pts',(-3.8240432315413,-2.16706234956243,41.5056538898931));
#1694=CARTESIAN_POINT('Ctrl Pts',(-3.62077339804634,-2.6,41.59338611483));
#1695=CARTESIAN_POINT('',(-3.1224989991992,1.6,40.7184881197685));
#1696=CARTESIAN_POINT('',(-3.1224989991992,1.6,-3.5527136788005E-14));
#1697=CARTESIAN_POINT('',(4.44089209850063E-15,3.1,41.2999999850988));
#1698=CARTESIAN_POINT('Ctrl Pts',(-3.1224989991992,1.6,40.7184881197685));
#1699=CARTESIAN_POINT('Ctrl Pts',(-2.78991165705119,2.0154014572014,40.855759997847));
#1700=CARTESIAN_POINT('Ctrl Pts',(-2.37503001195503,2.36370887519321,40.9995857845023));
#1701=CARTESIAN_POINT('Ctrl Pts',(-1.58802779803091,2.78822335160051,41.1751566752011));
#1702=CARTESIAN_POINT('Ctrl Pts',(-1.25492222535257,2.91494476371752,41.2277499814668));
#1703=CARTESIAN_POINT('Ctrl Pts',(-0.609079229663837,3.06505791846917,41.2874393559056));
#1704=CARTESIAN_POINT('Ctrl Pts',(-0.305489576727188,3.1,41.2999999850988));
#1705=CARTESIAN_POINT('Ctrl Pts',(4.5102810375397E-15,3.1,41.2999999850988));
#1706=CARTESIAN_POINT('',(3.12249899919919,1.6,40.7184881197685));
#1707=CARTESIAN_POINT('Ctrl Pts',(-4.71844785465692E-15,3.1,41.2999999850989));
#1708=CARTESIAN_POINT('Ctrl Pts',(0.475980991706452,3.1,41.2999999850989));
#1709=CARTESIAN_POINT('Ctrl Pts',(0.94379504119458,3.01561262482042,41.2688387448701));
#1710=CARTESIAN_POINT('Ctrl Pts',(1.74012083719935,2.72133789417982,41.1478365301193));
#1711=CARTESIAN_POINT('Ctrl Pts',(2.06940282839211,2.54303578497335,41.072449483185));
#1712=CARTESIAN_POINT('Ctrl Pts',(2.65057067063767,2.11623752460528,40.9017396985992));
#1713=CARTESIAN_POINT('Ctrl Pts',(2.90414087589426,1.87272920859466,40.8086131061441));
#1714=CARTESIAN_POINT('Ctrl Pts',(3.12249899919919,1.6,40.7184881197685));
#1715=CARTESIAN_POINT('',(3.12249899919919,1.6,41.7899299063108));
#1716=CARTESIAN_POINT('',(3.12249899919919,1.6,-3.5527136788005E-14));
#1717=CARTESIAN_POINT('',(3.62077339804633,-2.6,41.59338611483));
#1718=CARTESIAN_POINT('Ctrl Pts',(3.62077339804633,-2.6,41.59338611483));
#1719=CARTESIAN_POINT('Ctrl Pts',(3.73618723642547,-2.35418390837081,41.543572954385));
#1720=CARTESIAN_POINT('Ctrl Pts',(3.82685391258551,-2.09605370585974,41.5014178862579));
#1721=CARTESIAN_POINT('Ctrl Pts',(3.95094960356981,-1.57637503711033,41.4424736785459));
#1722=CARTESIAN_POINT('Ctrl Pts',(3.98667188800433,-1.31803885622082,41.424742979196));
#1723=CARTESIAN_POINT('Ctrl Pts',(4.01574653407107,-0.577285431121473,41.4104131668323));
#1724=CARTESIAN_POINT('Ctrl Pts',(3.94844050452044,-0.103087799603318,41.4451892913096));
#1725=CARTESIAN_POINT('Ctrl Pts',(3.65001752887355,0.805784393930481,41.5825128724085));
#1726=CARTESIAN_POINT('Ctrl Pts',(3.41938525778453,1.22918918187652,41.6835047248067));
#1727=CARTESIAN_POINT('Ctrl Pts',(3.12249899919919,1.6,41.7899299063108));
#1728=CARTESIAN_POINT('',(3.62077339804633,-2.6,-3.5527136788005E-14));
#1729=CARTESIAN_POINT('Ctrl Pts',(13.7999999850988,1.6,3.52772661317651E-14));
#1730=CARTESIAN_POINT('Ctrl Pts',(13.7999999850988,20.6,3.52772661317651E-14));
#1731=CARTESIAN_POINT('Ctrl Pts',(13.7999999850988,1.6,7.77156911509848));
#1732=CARTESIAN_POINT('Ctrl Pts',(13.7999999850988,20.6,7.77156911509848));
#1733=CARTESIAN_POINT('Ctrl Pts',(13.3882457912036,1.6,14.4815495750339));
#1734=CARTESIAN_POINT('Ctrl Pts',(13.3882457912036,20.6,14.4815495750339));
#1735=CARTESIAN_POINT('Ctrl Pts',(12.5988610155103,1.6,20.0745501094752));
#1736=CARTESIAN_POINT('Ctrl Pts',(12.5988610155103,20.6,20.0745501094752));
#1737=CARTESIAN_POINT('Ctrl Pts',(12.0117426838296,1.6,24.2344392332384));
#1738=CARTESIAN_POINT('Ctrl Pts',(12.0117426838296,20.6,24.2344392332384));
#1739=CARTESIAN_POINT('Ctrl Pts',(11.2129531618042,1.6,27.7799572811799));
#1740=CARTESIAN_POINT('Ctrl Pts',(11.2129531618042,20.6,27.7799572811799));
#1741=CARTESIAN_POINT('Ctrl Pts',(10.2574097067522,1.6,30.6678738541381));
#1742=CARTESIAN_POINT('Ctrl Pts',(10.2574097067522,20.6,30.6678738541381));
#1743=CARTESIAN_POINT('Ctrl Pts',(8.85482959547738,1.6,34.9068588284341));
#1744=CARTESIAN_POINT('Ctrl Pts',(8.85482959547738,20.6,34.9068588284341));
#1745=CARTESIAN_POINT('Ctrl Pts',(7.08995570694353,1.6,37.6913326064772));
#1746=CARTESIAN_POINT('Ctrl Pts',(7.08995570694353,20.6,37.6913326064772));
#1747=CARTESIAN_POINT('Ctrl Pts',(5.42984210594126,1.6,39.2144517407336));
#1748=CARTESIAN_POINT('Ctrl Pts',(5.42984210594126,20.6,39.2144517407336));
#1749=CARTESIAN_POINT('Ctrl Pts',(4.59380023287235,1.6,39.9815024854188));
#1750=CARTESIAN_POINT('Ctrl Pts',(4.59380023287235,20.6,39.9815024854188));
#1751=CARTESIAN_POINT('Ctrl Pts',(3.80666652419268,1.6,40.4611998105234));
#1752=CARTESIAN_POINT('Ctrl Pts',(3.80666652419268,20.6,40.4611998105234));
#1753=CARTESIAN_POINT('Ctrl Pts',(2.92235095113107,1.6,40.7978447223645));
#1754=CARTESIAN_POINT('Ctrl Pts',(2.92235095113107,20.6,40.7978447223645));
#1755=CARTESIAN_POINT('Ctrl Pts',(2.06129739580272,1.6,41.1256341530317));
#1756=CARTESIAN_POINT('Ctrl Pts',(2.06129739580272,20.6,41.1256341530317));
#1757=CARTESIAN_POINT('Ctrl Pts',(1.14522061769655,1.6,41.2999999850988));
#1758=CARTESIAN_POINT('Ctrl Pts',(1.14522061769655,20.6,41.2999999850988));
#1759=CARTESIAN_POINT('Ctrl Pts',(-4.44089209850063E-15,1.6,41.2999999850988));
#1760=CARTESIAN_POINT('Ctrl Pts',(-4.44089209850063E-15,20.6,41.2999999850988));
#1761=CARTESIAN_POINT('',(4.44089209850063E-15,1.6,41.2999999850988));
#1762=CARTESIAN_POINT('',(4.44089209850063E-15,1.6,41.2999999850988));
#1763=CARTESIAN_POINT('Ctrl Pts',(3.12249899919919,1.6,40.7184881197685));
#1764=CARTESIAN_POINT('Ctrl Pts',(3.05630227374047,1.6,40.745810112144));
#1765=CARTESIAN_POINT('Ctrl Pts',(2.98960768093746,1.6,40.772241152139));
#1766=CARTESIAN_POINT('Ctrl Pts',(2.92235095113107,1.6,40.7978447223645));
#1767=CARTESIAN_POINT('Ctrl Pts',(2.06129739580272,1.6,41.1256341530317));
#1768=CARTESIAN_POINT('Ctrl Pts',(1.14522061769655,1.6,41.2999999850988));
#1769=CARTESIAN_POINT('Ctrl Pts',(-4.44089209850063E-15,1.6,41.2999999850988));
#1770=CARTESIAN_POINT('Ctrl Pts',(-4.44089209850063E-15,1.6,-41.2999999850988));
#1771=CARTESIAN_POINT('Ctrl Pts',(-4.44089209850063E-15,20.6,-41.2999999850988));
#1772=CARTESIAN_POINT('Ctrl Pts',(1.14522061769655,1.6,-41.2999999850988));
#1773=CARTESIAN_POINT('Ctrl Pts',(1.14522061769655,20.6,-41.2999999850988));
#1774=CARTESIAN_POINT('Ctrl Pts',(2.06129739580272,1.6,-41.1256341530317));
#1775=CARTESIAN_POINT('Ctrl Pts',(2.06129739580272,20.6,-41.1256341530317));
#1776=CARTESIAN_POINT('Ctrl Pts',(2.92235095113108,1.6,-40.7978447223645));
#1777=CARTESIAN_POINT('Ctrl Pts',(2.92235095113108,20.6,-40.7978447223645));
#1778=CARTESIAN_POINT('Ctrl Pts',(3.80666652419268,1.6,-40.4611998105234));
#1779=CARTESIAN_POINT('Ctrl Pts',(3.80666652419268,20.6,-40.4611998105234));
#1780=CARTESIAN_POINT('Ctrl Pts',(4.59380023287235,1.6,-39.9815024854188));
#1781=CARTESIAN_POINT('Ctrl Pts',(4.59380023287235,20.6,-39.9815024854188));
#1782=CARTESIAN_POINT('Ctrl Pts',(5.42984210594126,1.6,-39.2144517407336));
#1783=CARTESIAN_POINT('Ctrl Pts',(5.42984210594126,20.6,-39.2144517407336));
#1784=CARTESIAN_POINT('Ctrl Pts',(7.08995570694353,1.6,-37.6913326064772));
#1785=CARTESIAN_POINT('Ctrl Pts',(7.08995570694353,20.6,-37.6913326064772));
#1786=CARTESIAN_POINT('Ctrl Pts',(8.85482959547738,1.6,-34.9068588284341));
#1787=CARTESIAN_POINT('Ctrl Pts',(8.85482959547738,20.6,-34.9068588284341));
#1788=CARTESIAN_POINT('Ctrl Pts',(10.2574097067522,1.6,-30.6678738541381));
#1789=CARTESIAN_POINT('Ctrl Pts',(10.2574097067522,20.6,-30.6678738541381));
#1790=CARTESIAN_POINT('Ctrl Pts',(11.2129531618042,1.6,-27.7799572811799));
#1791=CARTESIAN_POINT('Ctrl Pts',(11.2129531618042,20.6,-27.7799572811799));
#1792=CARTESIAN_POINT('Ctrl Pts',(12.0117426838296,1.6,-24.2344392332384));
#1793=CARTESIAN_POINT('Ctrl Pts',(12.0117426838296,20.6,-24.2344392332384));
#1794=CARTESIAN_POINT('Ctrl Pts',(12.5988610155103,1.6,-20.0745501094752));
#1795=CARTESIAN_POINT('Ctrl Pts',(12.5988610155103,20.6,-20.0745501094752));
#1796=CARTESIAN_POINT('Ctrl Pts',(13.3882457912036,1.6,-14.4815495750339));
#1797=CARTESIAN_POINT('Ctrl Pts',(13.3882457912036,20.6,-14.4815495750339));
#1798=CARTESIAN_POINT('Ctrl Pts',(13.7999999850988,1.6,-7.77156911509848));
#1799=CARTESIAN_POINT('Ctrl Pts',(13.7999999850988,20.6,-7.77156911509848));
#1800=CARTESIAN_POINT('Ctrl Pts',(13.7999999850988,1.6,-3.52772661317651E-14));
#1801=CARTESIAN_POINT('Ctrl Pts',(13.7999999850988,20.6,-3.52772661317651E-14));
#1802=CARTESIAN_POINT('',(4.44089209850063E-15,1.6,-41.2999999850988));
#1803=CARTESIAN_POINT('Ctrl Pts',(-4.44089209850063E-15,1.6,-41.2999999850988));
#1804=CARTESIAN_POINT('Ctrl Pts',(1.14522061769655,1.6,-41.2999999850988));
#1805=CARTESIAN_POINT('Ctrl Pts',(2.06129739580272,1.6,-41.1256341530317));
#1806=CARTESIAN_POINT('Ctrl Pts',(2.92235095113108,1.6,-40.7978447223645));
#1807=CARTESIAN_POINT('Ctrl Pts',(2.98960768093746,1.6,-40.772241152139));
#1808=CARTESIAN_POINT('Ctrl Pts',(3.05630227374048,1.6,-40.745810112144));
#1809=CARTESIAN_POINT('Ctrl Pts',(3.12249899919919,1.6,-40.7184881197685));
#1810=CARTESIAN_POINT('',(4.44089209850063E-15,1.6,-41.2999999850988));
#1811=CARTESIAN_POINT('Ctrl Pts',(-13.7999999850988,1.6,-3.52772661317651E-14));
#1812=CARTESIAN_POINT('Ctrl Pts',(-13.7999999850988,20.6,-3.52772661317651E-14));
#1813=CARTESIAN_POINT('Ctrl Pts',(-13.7999999850988,1.6,-7.77156911509848));
#1814=CARTESIAN_POINT('Ctrl Pts',(-13.7999999850988,20.6,-7.77156911509848));
#1815=CARTESIAN_POINT('Ctrl Pts',(-13.3882457912036,1.6,-14.4815495750339));
#1816=CARTESIAN_POINT('Ctrl Pts',(-13.3882457912036,20.6,-14.4815495750339));
#1817=CARTESIAN_POINT('Ctrl Pts',(-12.5988610155103,1.6,-20.0745501094752));
#1818=CARTESIAN_POINT('Ctrl Pts',(-12.5988610155103,20.6,-20.0745501094752));
#1819=CARTESIAN_POINT('Ctrl Pts',(-12.0117426838296,1.6,-24.2344392332384));
#1820=CARTESIAN_POINT('Ctrl Pts',(-12.0117426838296,20.6,-24.2344392332384));
#1821=CARTESIAN_POINT('Ctrl Pts',(-11.2129531618042,1.6,-27.7799572811799));
#1822=CARTESIAN_POINT('Ctrl Pts',(-11.2129531618042,20.6,-27.7799572811799));
#1823=CARTESIAN_POINT('Ctrl Pts',(-10.2574097067522,1.6,-30.6678738541381));
#1824=CARTESIAN_POINT('Ctrl Pts',(-10.2574097067522,20.6,-30.6678738541381));
#1825=CARTESIAN_POINT('Ctrl Pts',(-8.85482959547738,1.6,-34.9068588284341));
#1826=CARTESIAN_POINT('Ctrl Pts',(-8.85482959547738,20.6,-34.9068588284341));
#1827=CARTESIAN_POINT('Ctrl Pts',(-7.08995570694353,1.6,-37.6913326064772));
#1828=CARTESIAN_POINT('Ctrl Pts',(-7.08995570694353,20.6,-37.6913326064772));
#1829=CARTESIAN_POINT('Ctrl Pts',(-5.42984210594126,1.6,-39.2144517407336));
#1830=CARTESIAN_POINT('Ctrl Pts',(-5.42984210594126,20.6,-39.2144517407336));
#1831=CARTESIAN_POINT('Ctrl Pts',(-4.59380023287235,1.6,-39.9815024854188));
#1832=CARTESIAN_POINT('Ctrl Pts',(-4.59380023287235,20.6,-39.9815024854188));
#1833=CARTESIAN_POINT('Ctrl Pts',(-3.80666652419268,1.6,-40.4611998105234));
#1834=CARTESIAN_POINT('Ctrl Pts',(-3.80666652419268,20.6,-40.4611998105234));
#1835=CARTESIAN_POINT('Ctrl Pts',(-2.92235095113107,1.6,-40.7978447223645));
#1836=CARTESIAN_POINT('Ctrl Pts',(-2.92235095113107,20.6,-40.7978447223645));
#1837=CARTESIAN_POINT('Ctrl Pts',(-2.06129739580272,1.6,-41.1256341530317));
#1838=CARTESIAN_POINT('Ctrl Pts',(-2.06129739580272,20.6,-41.1256341530317));
#1839=CARTESIAN_POINT('Ctrl Pts',(-1.14522061769655,1.6,-41.2999999850988));
#1840=CARTESIAN_POINT('Ctrl Pts',(-1.14522061769655,20.6,-41.2999999850988));
#1841=CARTESIAN_POINT('Ctrl Pts',(4.44089209850063E-15,1.6,-41.2999999850988));
#1842=CARTESIAN_POINT('Ctrl Pts',(4.44089209850063E-15,20.6,-41.2999999850988));
#1843=CARTESIAN_POINT('Ctrl Pts',(-3.1224989991992,1.6,-40.7184881197685));
#1844=CARTESIAN_POINT('Ctrl Pts',(-3.05630227374048,1.6,-40.745810112144));
#1845=CARTESIAN_POINT('Ctrl Pts',(-2.98960768093746,1.6,-40.772241152139));
#1846=CARTESIAN_POINT('Ctrl Pts',(-2.92235095113107,1.6,-40.7978447223645));
#1847=CARTESIAN_POINT('Ctrl Pts',(-2.06129739580272,1.6,-41.1256341530317));
#1848=CARTESIAN_POINT('Ctrl Pts',(-1.14522061769655,1.6,-41.2999999850988));
#1849=CARTESIAN_POINT('Ctrl Pts',(4.44089209850063E-15,1.6,-41.2999999850988));
#1850=CARTESIAN_POINT('Ctrl Pts',(4.44089209850063E-15,1.6,41.2999999850988));
#1851=CARTESIAN_POINT('Ctrl Pts',(4.44089209850063E-15,20.6,41.2999999850988));
#1852=CARTESIAN_POINT('Ctrl Pts',(-1.14522061769655,1.6,41.2999999850988));
#1853=CARTESIAN_POINT('Ctrl Pts',(-1.14522061769655,20.6,41.2999999850988));
#1854=CARTESIAN_POINT('Ctrl Pts',(-2.06129739580272,1.6,41.1256341530317));
#1855=CARTESIAN_POINT('Ctrl Pts',(-2.06129739580272,20.6,41.1256341530317));
#1856=CARTESIAN_POINT('Ctrl Pts',(-2.92235095113108,1.6,40.7978447223645));
#1857=CARTESIAN_POINT('Ctrl Pts',(-2.92235095113108,20.6,40.7978447223645));
#1858=CARTESIAN_POINT('Ctrl Pts',(-3.80666652419268,1.6,40.4611998105234));
#1859=CARTESIAN_POINT('Ctrl Pts',(-3.80666652419268,20.6,40.4611998105234));
#1860=CARTESIAN_POINT('Ctrl Pts',(-4.59380023287235,1.6,39.9815024854188));
#1861=CARTESIAN_POINT('Ctrl Pts',(-4.59380023287235,20.6,39.9815024854188));
#1862=CARTESIAN_POINT('Ctrl Pts',(-5.42984210594126,1.6,39.2144517407336));
#1863=CARTESIAN_POINT('Ctrl Pts',(-5.42984210594126,20.6,39.2144517407336));
#1864=CARTESIAN_POINT('Ctrl Pts',(-7.08995570694353,1.6,37.6913326064772));
#1865=CARTESIAN_POINT('Ctrl Pts',(-7.08995570694353,20.6,37.6913326064772));
#1866=CARTESIAN_POINT('Ctrl Pts',(-8.85482959547738,1.6,34.9068588284341));
#1867=CARTESIAN_POINT('Ctrl Pts',(-8.85482959547738,20.6,34.9068588284341));
#1868=CARTESIAN_POINT('Ctrl Pts',(-10.2574097067522,1.6,30.6678738541381));
#1869=CARTESIAN_POINT('Ctrl Pts',(-10.2574097067522,20.6,30.6678738541381));
#1870=CARTESIAN_POINT('Ctrl Pts',(-11.2129531618042,1.6,27.7799572811799));
#1871=CARTESIAN_POINT('Ctrl Pts',(-11.2129531618042,20.6,27.7799572811799));
#1872=CARTESIAN_POINT('Ctrl Pts',(-12.0117426838296,1.6,24.2344392332384));
#1873=CARTESIAN_POINT('Ctrl Pts',(-12.0117426838296,20.6,24.2344392332384));
#1874=CARTESIAN_POINT('Ctrl Pts',(-12.5988610155103,1.6,20.0745501094752));
#1875=CARTESIAN_POINT('Ctrl Pts',(-12.5988610155103,20.6,20.0745501094752));
#1876=CARTESIAN_POINT('Ctrl Pts',(-13.3882457912036,1.6,14.4815495750339));
#1877=CARTESIAN_POINT('Ctrl Pts',(-13.3882457912036,20.6,14.4815495750339));
#1878=CARTESIAN_POINT('Ctrl Pts',(-13.7999999850988,1.6,7.77156911509848));
#1879=CARTESIAN_POINT('Ctrl Pts',(-13.7999999850988,20.6,7.77156911509848));
#1880=CARTESIAN_POINT('Ctrl Pts',(-13.7999999850988,1.6,3.52772661317651E-14));
#1881=CARTESIAN_POINT('Ctrl Pts',(-13.7999999850988,20.6,3.52772661317651E-14));
#1882=CARTESIAN_POINT('Ctrl Pts',(4.44089209850063E-15,1.6,41.2999999850988));
#1883=CARTESIAN_POINT('Ctrl Pts',(-1.14522061769655,1.6,41.2999999850988));
#1884=CARTESIAN_POINT('Ctrl Pts',(-2.06129739580272,1.6,41.1256341530317));
#1885=CARTESIAN_POINT('Ctrl Pts',(-2.92235095113108,1.6,40.7978447223645));
#1886=CARTESIAN_POINT('Ctrl Pts',(-2.98960768093747,1.6,40.772241152139));
#1887=CARTESIAN_POINT('Ctrl Pts',(-3.05630227374048,1.6,40.745810112144));
#1888=CARTESIAN_POINT('Ctrl Pts',(-3.1224989991992,1.6,40.7184881197685));
#1889=CARTESIAN_POINT('Ctrl Pts',(16.,-1.6,-3.52772661317651E-14));
#1890=CARTESIAN_POINT('Ctrl Pts',(16.,1.6,-3.52772661317651E-14));
#1891=CARTESIAN_POINT('Ctrl Pts',(16.,-1.6,-7.84893005647625));
#1892=CARTESIAN_POINT('Ctrl Pts',(16.,1.6,-7.84893005647625));
#1893=CARTESIAN_POINT('Ctrl Pts',(15.5858077579732,-1.6,-14.6533100224792));
#1894=CARTESIAN_POINT('Ctrl Pts',(15.5858077579732,1.6,-14.6533100224792));
#1895=CARTESIAN_POINT('Ctrl Pts',(14.7772711309099,-1.6,-20.3820065042535));
#1896=CARTESIAN_POINT('Ctrl Pts',(14.7772711309099,1.6,-20.3820065042535));
#1897=CARTESIAN_POINT('Ctrl Pts',(14.1758549697003,-1.6,-24.6431995429877));
#1898=CARTESIAN_POINT('Ctrl Pts',(14.1758549697003,1.6,-24.6431995429877));
#1899=CARTESIAN_POINT('Ctrl Pts',(13.3549748233791,-1.6,-28.3096969511403));
#1900=CARTESIAN_POINT('Ctrl Pts',(13.3549748233791,1.6,-28.3096969511403));
#1901=CARTESIAN_POINT('Ctrl Pts',(12.3460473561703,-1.6,-31.3589547719751));
#1902=CARTESIAN_POINT('Ctrl Pts',(12.3460473561703,1.6,-31.3589547719751));
#1903=CARTESIAN_POINT('Ctrl Pts',(10.8636026601088,-1.6,-35.8393126077337));
#1904=CARTESIAN_POINT('Ctrl Pts',(10.8636026601088,1.6,-35.8393126077337));
#1905=CARTESIAN_POINT('Ctrl Pts',(8.96976491406317,-1.6,-38.9523055533476));
#1906=CARTESIAN_POINT('Ctrl Pts',(8.96976491406317,1.6,-38.9523055533476));
#1907=CARTESIAN_POINT('Ctrl Pts',(6.91715160751209,-1.6,-40.835534870034));
#1908=CARTESIAN_POINT('Ctrl Pts',(6.91715160751209,1.6,-40.835534870034));
#1909=CARTESIAN_POINT('Ctrl Pts',(5.89975145521837,-1.6,-41.768978002009));
#1910=CARTESIAN_POINT('Ctrl Pts',(5.89975145521837,1.6,-41.768978002009));
#1911=CARTESIAN_POINT('Ctrl Pts',(4.85045900652248,-1.6,-42.4178655701813));
#1912=CARTESIAN_POINT('Ctrl Pts',(4.85045900652248,1.6,-42.4178655701813));
#1913=CARTESIAN_POINT('Ctrl Pts',(3.70505902932036,-1.6,-42.853901173414));
#1914=CARTESIAN_POINT('Ctrl Pts',(3.70505902932036,1.6,-42.853901173414));
#1915=CARTESIAN_POINT('Ctrl Pts',(2.58770069415534,-1.6,-43.2792617683137));
#1916=CARTESIAN_POINT('Ctrl Pts',(2.58770069415534,1.6,-43.2792617683137));
#1917=CARTESIAN_POINT('Ctrl Pts',(1.38019641821231,-1.6,-43.5));
#1918=CARTESIAN_POINT('Ctrl Pts',(1.38019641821231,1.6,-43.5));
#1919=CARTESIAN_POINT('Ctrl Pts',(-4.44089209850063E-15,-1.6,-43.5));
#1920=CARTESIAN_POINT('Ctrl Pts',(-4.44089209850063E-15,1.6,-43.5));
#1921=CARTESIAN_POINT('',(16.,1.6,3.5527136788005E-14));
#1922=CARTESIAN_POINT('',(-4.44089209850063E-15,1.6,-43.5));
#1923=CARTESIAN_POINT('Ctrl Pts',(16.,1.6,-3.52772661317651E-14));
#1924=CARTESIAN_POINT('Ctrl Pts',(16.,1.6,-7.84893005647625));
#1925=CARTESIAN_POINT('Ctrl Pts',(15.5858077579732,1.6,-14.6533100224792));
#1926=CARTESIAN_POINT('Ctrl Pts',(14.7772711309099,1.6,-20.3820065042535));
#1927=CARTESIAN_POINT('Ctrl Pts',(14.1758549697003,1.6,-24.6431995429877));
#1928=CARTESIAN_POINT('Ctrl Pts',(13.3549748233791,1.6,-28.3096969511403));
#1929=CARTESIAN_POINT('Ctrl Pts',(12.3460473561703,1.6,-31.3589547719751));
#1930=CARTESIAN_POINT('Ctrl Pts',(10.8636026601088,1.6,-35.8393126077337));
#1931=CARTESIAN_POINT('Ctrl Pts',(8.96976491406317,1.6,-38.9523055533476));
#1932=CARTESIAN_POINT('Ctrl Pts',(6.91715160751209,1.6,-40.835534870034));
#1933=CARTESIAN_POINT('Ctrl Pts',(5.89975145521837,1.6,-41.768978002009));
#1934=CARTESIAN_POINT('Ctrl Pts',(4.85045900652248,1.6,-42.4178655701813));
#1935=CARTESIAN_POINT('Ctrl Pts',(3.70505902932036,1.6,-42.853901173414));
#1936=CARTESIAN_POINT('Ctrl Pts',(2.58770069415534,1.6,-43.2792617683137));
#1937=CARTESIAN_POINT('Ctrl Pts',(1.38019641821231,1.6,-43.5));
#1938=CARTESIAN_POINT('Ctrl Pts',(-4.44089209850063E-15,1.6,-43.5));
#1939=CARTESIAN_POINT('',(16.,-1.6,3.52772661317651E-14));
#1940=CARTESIAN_POINT('',(16.,-1.6,3.52772661317651E-14));
#1941=CARTESIAN_POINT('',(3.93827373350304,-1.6,-42.7616188050497));
#1942=CARTESIAN_POINT('Ctrl Pts',(3.93827373350304,-1.6,-42.7616188050497));
#1943=CARTESIAN_POINT('Ctrl Pts',(4.99354914333992,-1.6,-42.3279603823426));
#1944=CARTESIAN_POINT('Ctrl Pts',(5.96919400677396,-1.6,-41.7052659289665));
#1945=CARTESIAN_POINT('Ctrl Pts',(6.91715160751209,-1.6,-40.835534870034));
#1946=CARTESIAN_POINT('Ctrl Pts',(8.96976491406317,-1.6,-38.9523055533476));
#1947=CARTESIAN_POINT('Ctrl Pts',(10.8636026601088,-1.6,-35.8393126077337));
#1948=CARTESIAN_POINT('Ctrl Pts',(12.3460473561703,-1.6,-31.3589547719751));
#1949=CARTESIAN_POINT('Ctrl Pts',(13.3549748233791,-1.6,-28.3096969511403));
#1950=CARTESIAN_POINT('Ctrl Pts',(14.1758549697003,-1.6,-24.6431995429877));
#1951=CARTESIAN_POINT('Ctrl Pts',(14.7772711309099,-1.6,-20.3820065042535));
#1952=CARTESIAN_POINT('Ctrl Pts',(15.5858077579732,-1.6,-14.6533100224792));
#1953=CARTESIAN_POINT('Ctrl Pts',(16.,-1.6,-7.84893005647625));
#1954=CARTESIAN_POINT('Ctrl Pts',(16.,-1.6,-3.52772661317651E-14));
#1955=CARTESIAN_POINT('',(-4.44089209850063E-15,-1.6,-43.5));
#1956=CARTESIAN_POINT('Ctrl Pts',(-4.44089209850063E-15,-1.6,-43.5));
#1957=CARTESIAN_POINT('Ctrl Pts',(1.38019641821231,-1.6,-43.5));
#1958=CARTESIAN_POINT('Ctrl Pts',(2.58770069415534,-1.6,-43.2792617683137));
#1959=CARTESIAN_POINT('Ctrl Pts',(3.70505902932036,-1.6,-42.853901173414));
#1960=CARTESIAN_POINT('Ctrl Pts',(3.78323819686748,-1.6,-42.82413960439));
#1961=CARTESIAN_POINT('Ctrl Pts',(3.86096962518017,-1.6,-42.7933864150703));
#1962=CARTESIAN_POINT('Ctrl Pts',(3.93827373350304,-1.6,-42.7616188050497));
#1963=CARTESIAN_POINT('',(-4.44089209850063E-15,-1.6,-43.5));
#1964=CARTESIAN_POINT('Ctrl Pts',(4.44089209850063E-15,1.6,-42.3));
#1965=CARTESIAN_POINT('Ctrl Pts',(4.44089209850063E-15,-2.6,-42.3));
#1966=CARTESIAN_POINT('Ctrl Pts',(-1.24994473047601,1.6,-42.3));
#1967=CARTESIAN_POINT('Ctrl Pts',(-1.24994473047601,-2.6,-42.3));
#1968=CARTESIAN_POINT('Ctrl Pts',(-2.30294847863786,1.6,-42.1036509735421));
#1969=CARTESIAN_POINT('Ctrl Pts',(-2.30294847863786,-2.6,-42.1036509735421));
#1970=CARTESIAN_POINT('Ctrl Pts',(-3.27812735319974,1.6,-41.732415844074));
#1971=CARTESIAN_POINT('Ctrl Pts',(-3.27812735319974,-2.6,-41.732415844074));
#1972=CARTESIAN_POINT('Ctrl Pts',(-4.27815839494264,1.6,-41.3517198887598));
#1973=CARTESIAN_POINT('Ctrl Pts',(-4.27815839494264,-2.6,-41.3517198887598));
#1974=CARTESIAN_POINT('Ctrl Pts',(-5.18938491505141,1.6,-40.7921834845209));
#1975=CARTESIAN_POINT('Ctrl Pts',(-5.18938491505141,-2.6,-40.7921834845209));
#1976=CARTESIAN_POINT('Ctrl Pts',(-6.10589188487741,1.6,-39.9513077145865));
#1977=CARTESIAN_POINT('Ctrl Pts',(-6.10589188487741,-2.6,-39.9513077145865));
#1978=CARTESIAN_POINT('Ctrl Pts',(-7.94834512410963,1.6,-38.2608958168989));
#1979=CARTESIAN_POINT('Ctrl Pts',(-7.94834512410963,-2.6,-38.2608958168989));
#1980=CARTESIAN_POINT('Ctrl Pts',(-9.76732987252779,1.6,-35.3324495318387));
#1981=CARTESIAN_POINT('Ctrl Pts',(-9.76732987252779,-2.6,-35.3324495318387));
#1982=CARTESIAN_POINT('Ctrl Pts',(-11.2067904642042,1.6,-30.9820015466172));
#1983=CARTESIAN_POINT('Ctrl Pts',(-11.2067904642042,-2.6,-30.9820015466172));
#1984=CARTESIAN_POINT('Ctrl Pts',(-12.1867092076779,1.6,-28.0204161111583));
#1985=CARTESIAN_POINT('Ctrl Pts',(-12.1867092076779,-2.6,-28.0204161111583));
#1986=CARTESIAN_POINT('Ctrl Pts',(-12.9954007016255,1.6,-24.4204476318096));
#1987=CARTESIAN_POINT('Ctrl Pts',(-12.9954007016255,-2.6,-24.4204476318096));
#1988=CARTESIAN_POINT('Ctrl Pts',(-13.5890474396492,1.6,-20.2143030173285));
#1989=CARTESIAN_POINT('Ctrl Pts',(-13.5890474396492,-2.6,-20.2143030173285));
#1990=CARTESIAN_POINT('Ctrl Pts',(-14.3871589071238,1.6,-14.559471556703));
#1991=CARTESIAN_POINT('Ctrl Pts',(-14.3871589071238,-2.6,-14.559471556703));
#1992=CARTESIAN_POINT('Ctrl Pts',(-14.8,1.6,-7.80682383649559));
#1993=CARTESIAN_POINT('Ctrl Pts',(-14.8,-2.6,-7.80682383649559));
#1994=CARTESIAN_POINT('Ctrl Pts',(-14.8,1.6,-3.52772661317651E-14));
#1995=CARTESIAN_POINT('Ctrl Pts',(-14.8,-2.6,-3.52772661317651E-14));
#1996=CARTESIAN_POINT('',(-14.8,1.6,-3.5527136788005E-14));
#1997=CARTESIAN_POINT('Ctrl Pts',(-14.8,1.6,-3.52772661317651E-14));
#1998=CARTESIAN_POINT('Ctrl Pts',(-14.8,1.6,-7.80682383649559));
#1999=CARTESIAN_POINT('Ctrl Pts',(-14.3871589071238,1.6,-14.559471556703));
#2000=CARTESIAN_POINT('Ctrl Pts',(-13.5890474396492,1.6,-20.2143030173285));
#2001=CARTESIAN_POINT('Ctrl Pts',(-12.9954007016255,1.6,-24.4204476318096));
#2002=CARTESIAN_POINT('Ctrl Pts',(-12.1867092076779,1.6,-28.0204161111583));
#2003=CARTESIAN_POINT('Ctrl Pts',(-11.2067904642042,1.6,-30.9820015466172));
#2004=CARTESIAN_POINT('Ctrl Pts',(-9.76732987252779,1.6,-35.3324495318387));
#2005=CARTESIAN_POINT('Ctrl Pts',(-7.94834512410963,1.6,-38.2608958168989));
#2006=CARTESIAN_POINT('Ctrl Pts',(-6.10589188487741,1.6,-39.9513077145865));
#2007=CARTESIAN_POINT('Ctrl Pts',(-5.18938491505141,1.6,-40.7921834845209));
#2008=CARTESIAN_POINT('Ctrl Pts',(-4.27815839494264,1.6,-41.3517198887598));
#2009=CARTESIAN_POINT('Ctrl Pts',(-3.27812735319974,1.6,-41.732415844074));
#2010=CARTESIAN_POINT('Ctrl Pts',(-3.22647546964536,1.6,-41.7520788968521));
#2011=CARTESIAN_POINT('Ctrl Pts',(-3.17460525168373,1.6,-41.7712513140291));
#2012=CARTESIAN_POINT('Ctrl Pts',(-3.12249899919796,1.6,-41.7899299063113));
#2013=CARTESIAN_POINT('',(-14.8,-2.6,-3.5527136788005E-14));
#2014=CARTESIAN_POINT('',(-14.8,-1.6,-3.52772661317651E-14));
#2015=CARTESIAN_POINT('Ctrl Pts',(-3.62077339804634,-2.6,-41.59338611483));
#2016=CARTESIAN_POINT('Ctrl Pts',(-4.48843974928494,-2.6,-41.2188971993416));
#2017=CARTESIAN_POINT('Ctrl Pts',(-5.29509953955812,-2.6,-40.6951925513344));
#2018=CARTESIAN_POINT('Ctrl Pts',(-6.10589188487741,-2.6,-39.9513077145865));
#2019=CARTESIAN_POINT('Ctrl Pts',(-7.94834512410963,-2.6,-38.2608958168989));
#2020=CARTESIAN_POINT('Ctrl Pts',(-9.76732987252779,-2.6,-35.3324495318387));
#2021=CARTESIAN_POINT('Ctrl Pts',(-11.2067904642042,-2.6,-30.9820015466172));
#2022=CARTESIAN_POINT('Ctrl Pts',(-12.1867092076779,-2.6,-28.0204161111583));
#2023=CARTESIAN_POINT('Ctrl Pts',(-12.9954007016255,-2.6,-24.4204476318096));
#2024=CARTESIAN_POINT('Ctrl Pts',(-13.5890474396492,-2.6,-20.2143030173285));
#2025=CARTESIAN_POINT('Ctrl Pts',(-14.3871589071238,-2.6,-14.559471556703));
#2026=CARTESIAN_POINT('Ctrl Pts',(-14.8,-2.6,-7.80682383649559));
#2027=CARTESIAN_POINT('Ctrl Pts',(-14.8,-2.6,-3.52772661317651E-14));
#2028=CARTESIAN_POINT('Ctrl Pts',(-16.,-1.6,3.52772661317651E-14));
#2029=CARTESIAN_POINT('Ctrl Pts',(-16.,1.6,3.52772661317651E-14));
#2030=CARTESIAN_POINT('Ctrl Pts',(-16.,-1.6,7.84893005647625));
#2031=CARTESIAN_POINT('Ctrl Pts',(-16.,1.6,7.84893005647625));
#2032=CARTESIAN_POINT('Ctrl Pts',(-15.5858077579732,-1.6,14.6533100224792));
#2033=CARTESIAN_POINT('Ctrl Pts',(-15.5858077579732,1.6,14.6533100224792));
#2034=CARTESIAN_POINT('Ctrl Pts',(-14.7772711309099,-1.6,20.3820065042535));
#2035=CARTESIAN_POINT('Ctrl Pts',(-14.7772711309099,1.6,20.3820065042535));
#2036=CARTESIAN_POINT('Ctrl Pts',(-14.1758549697003,-1.6,24.6431995429877));
#2037=CARTESIAN_POINT('Ctrl Pts',(-14.1758549697003,1.6,24.6431995429877));
#2038=CARTESIAN_POINT('Ctrl Pts',(-13.3549748233791,-1.6,28.3096969511403));
#2039=CARTESIAN_POINT('Ctrl Pts',(-13.3549748233791,1.6,28.3096969511403));
#2040=CARTESIAN_POINT('Ctrl Pts',(-12.3460473561703,-1.6,31.3589547719751));
#2041=CARTESIAN_POINT('Ctrl Pts',(-12.3460473561703,1.6,31.3589547719751));
#2042=CARTESIAN_POINT('Ctrl Pts',(-10.8636026601088,-1.6,35.8393126077337));
#2043=CARTESIAN_POINT('Ctrl Pts',(-10.8636026601088,1.6,35.8393126077337));
#2044=CARTESIAN_POINT('Ctrl Pts',(-8.96976491406317,-1.6,38.9523055533476));
#2045=CARTESIAN_POINT('Ctrl Pts',(-8.96976491406317,1.6,38.9523055533476));
#2046=CARTESIAN_POINT('Ctrl Pts',(-6.91715160751209,-1.6,40.835534870034));
#2047=CARTESIAN_POINT('Ctrl Pts',(-6.91715160751209,1.6,40.835534870034));
#2048=CARTESIAN_POINT('Ctrl Pts',(-5.89975145521837,-1.6,41.768978002009));
#2049=CARTESIAN_POINT('Ctrl Pts',(-5.89975145521837,1.6,41.768978002009));
#2050=CARTESIAN_POINT('Ctrl Pts',(-4.85045900652248,-1.6,42.4178655701813));
#2051=CARTESIAN_POINT('Ctrl Pts',(-4.85045900652248,1.6,42.4178655701813));
#2052=CARTESIAN_POINT('Ctrl Pts',(-3.70505902932036,-1.6,42.853901173414));
#2053=CARTESIAN_POINT('Ctrl Pts',(-3.70505902932036,1.6,42.853901173414));
#2054=CARTESIAN_POINT('Ctrl Pts',(-2.58770069415534,-1.6,43.2792617683137));
#2055=CARTESIAN_POINT('Ctrl Pts',(-2.58770069415534,1.6,43.2792617683137));
#2056=CARTESIAN_POINT('Ctrl Pts',(-1.38019641821231,-1.6,43.5));
#2057=CARTESIAN_POINT('Ctrl Pts',(-1.38019641821231,1.6,43.5));
#2058=CARTESIAN_POINT('Ctrl Pts',(4.44089209850063E-15,-1.6,43.5));
#2059=CARTESIAN_POINT('Ctrl Pts',(4.44089209850063E-15,1.6,43.5));
#2060=CARTESIAN_POINT('',(-16.,1.6,3.5527136788005E-14));
#2061=CARTESIAN_POINT('',(4.44089209850063E-15,1.6,43.5));
#2062=CARTESIAN_POINT('Ctrl Pts',(-16.,1.6,3.52772661317651E-14));
#2063=CARTESIAN_POINT('Ctrl Pts',(-16.,1.6,7.84893005647625));
#2064=CARTESIAN_POINT('Ctrl Pts',(-15.5858077579732,1.6,14.6533100224792));
#2065=CARTESIAN_POINT('Ctrl Pts',(-14.7772711309099,1.6,20.3820065042535));
#2066=CARTESIAN_POINT('Ctrl Pts',(-14.1758549697003,1.6,24.6431995429877));
#2067=CARTESIAN_POINT('Ctrl Pts',(-13.3549748233791,1.6,28.3096969511403));
#2068=CARTESIAN_POINT('Ctrl Pts',(-12.3460473561703,1.6,31.3589547719751));
#2069=CARTESIAN_POINT('Ctrl Pts',(-10.8636026601088,1.6,35.8393126077337));
#2070=CARTESIAN_POINT('Ctrl Pts',(-8.96976491406317,1.6,38.9523055533476));
#2071=CARTESIAN_POINT('Ctrl Pts',(-6.91715160751209,1.6,40.835534870034));
#2072=CARTESIAN_POINT('Ctrl Pts',(-5.89975145521837,1.6,41.768978002009));
#2073=CARTESIAN_POINT('Ctrl Pts',(-4.85045900652248,1.6,42.4178655701813));
#2074=CARTESIAN_POINT('Ctrl Pts',(-3.70505902932036,1.6,42.853901173414));
#2075=CARTESIAN_POINT('Ctrl Pts',(-2.58770069415534,1.6,43.2792617683137));
#2076=CARTESIAN_POINT('Ctrl Pts',(-1.38019641821231,1.6,43.5));
#2077=CARTESIAN_POINT('Ctrl Pts',(4.44089209850063E-15,1.6,43.5));
#2078=CARTESIAN_POINT('',(-16.,-1.6,3.52772661317651E-14));
#2079=CARTESIAN_POINT('',(-16.,-1.6,3.52772661317651E-14));
#2080=CARTESIAN_POINT('',(-3.93827373350309,-1.59999999999987,42.7616188050497));
#2081=CARTESIAN_POINT('Ctrl Pts',(-3.9382737335004,-1.6,42.7616188050508));
#2082=CARTESIAN_POINT('Ctrl Pts',(-4.99354914333829,-1.6,42.3279603823437));
#2083=CARTESIAN_POINT('Ctrl Pts',(-5.96919400677317,-1.6,41.7052659289672));
#2084=CARTESIAN_POINT('Ctrl Pts',(-6.91715160751209,-1.6,40.835534870034));
#2085=CARTESIAN_POINT('Ctrl Pts',(-8.96976491406317,-1.6,38.9523055533476));
#2086=CARTESIAN_POINT('Ctrl Pts',(-10.8636026601088,-1.6,35.8393126077337));
#2087=CARTESIAN_POINT('Ctrl Pts',(-12.3460473561703,-1.6,31.3589547719751));
#2088=CARTESIAN_POINT('Ctrl Pts',(-13.3549748233791,-1.6,28.3096969511403));
#2089=CARTESIAN_POINT('Ctrl Pts',(-14.1758549697003,-1.6,24.6431995429877));
#2090=CARTESIAN_POINT('Ctrl Pts',(-14.7772711309099,-1.6,20.3820065042535));
#2091=CARTESIAN_POINT('Ctrl Pts',(-15.5858077579732,-1.6,14.6533100224792));
#2092=CARTESIAN_POINT('Ctrl Pts',(-16.,-1.6,7.84893005647625));
#2093=CARTESIAN_POINT('Ctrl Pts',(-16.,-1.6,3.52772661317651E-14));
#2094=CARTESIAN_POINT('',(4.44089209850063E-15,-1.6,43.5));
#2095=CARTESIAN_POINT('Ctrl Pts',(4.44089209850063E-15,-1.6,43.5));
#2096=CARTESIAN_POINT('Ctrl Pts',(-1.38019641821231,-1.6,43.5));
#2097=CARTESIAN_POINT('Ctrl Pts',(-2.58770069415534,-1.6,43.2792617683137));
#2098=CARTESIAN_POINT('Ctrl Pts',(-3.70505902932036,-1.6,42.853901173414));
#2099=CARTESIAN_POINT('Ctrl Pts',(-3.78323819686659,-1.6,42.8241396043903));
#2100=CARTESIAN_POINT('Ctrl Pts',(-3.8609696251784,-1.6,42.793386415071));
#2101=CARTESIAN_POINT('Ctrl Pts',(-3.9382737335004,-1.6,42.7616188050508));
#2102=CARTESIAN_POINT('',(4.44089209850063E-15,-1.6,43.5));
#2103=CARTESIAN_POINT('Origin',(0.,1.6,0.));
#2104=CARTESIAN_POINT('Ctrl Pts',(4.44089209850063E-15,1.6,-43.5));
#2105=CARTESIAN_POINT('Ctrl Pts',(-1.38019641821231,1.6,-43.5));
#2106=CARTESIAN_POINT('Ctrl Pts',(-2.58770069415534,1.6,-43.2792617683137));
#2107=CARTESIAN_POINT('Ctrl Pts',(-3.70505902932036,1.6,-42.853901173414));
#2108=CARTESIAN_POINT('Ctrl Pts',(-4.85045900652248,1.6,-42.4178655701813));
#2109=CARTESIAN_POINT('Ctrl Pts',(-5.89975145521837,1.6,-41.768978002009));
#2110=CARTESIAN_POINT('Ctrl Pts',(-6.91715160751209,1.6,-40.835534870034));
#2111=CARTESIAN_POINT('Ctrl Pts',(-8.96976491406317,1.6,-38.9523055533476));
#2112=CARTESIAN_POINT('Ctrl Pts',(-10.8636026601088,1.6,-35.8393126077337));
#2113=CARTESIAN_POINT('Ctrl Pts',(-12.3460473561703,1.6,-31.3589547719751));
#2114=CARTESIAN_POINT('Ctrl Pts',(-13.3549748233791,1.6,-28.3096969511403));
#2115=CARTESIAN_POINT('Ctrl Pts',(-14.1758549697003,1.6,-24.6431995429877));
#2116=CARTESIAN_POINT('Ctrl Pts',(-14.7772711309099,1.6,-20.3820065042535));
#2117=CARTESIAN_POINT('Ctrl Pts',(-15.5858077579732,1.6,-14.6533100224792));
#2118=CARTESIAN_POINT('Ctrl Pts',(-16.,1.6,-7.84893005647625));
#2119=CARTESIAN_POINT('Ctrl Pts',(-16.,1.6,-3.52772661317651E-14));
#2120=CARTESIAN_POINT('Ctrl Pts',(-4.44089209850063E-15,1.6,43.5));
#2121=CARTESIAN_POINT('Ctrl Pts',(1.38019641821231,1.6,43.5));
#2122=CARTESIAN_POINT('Ctrl Pts',(2.58770069415534,1.6,43.2792617683137));
#2123=CARTESIAN_POINT('Ctrl Pts',(3.70505902932036,1.6,42.853901173414));
#2124=CARTESIAN_POINT('Ctrl Pts',(4.85045900652248,1.6,42.4178655701813));
#2125=CARTESIAN_POINT('Ctrl Pts',(5.89975145521837,1.6,41.768978002009));
#2126=CARTESIAN_POINT('Ctrl Pts',(6.91715160751209,1.6,40.835534870034));
#2127=CARTESIAN_POINT('Ctrl Pts',(8.96976491406317,1.6,38.9523055533476));
#2128=CARTESIAN_POINT('Ctrl Pts',(10.8636026601088,1.6,35.8393126077337));
#2129=CARTESIAN_POINT('Ctrl Pts',(12.3460473561703,1.6,31.3589547719751));
#2130=CARTESIAN_POINT('Ctrl Pts',(13.3549748233791,1.6,28.3096969511403));
#2131=CARTESIAN_POINT('Ctrl Pts',(14.1758549697003,1.6,24.6431995429877));
#2132=CARTESIAN_POINT('Ctrl Pts',(14.7772711309099,1.6,20.3820065042535));
#2133=CARTESIAN_POINT('Ctrl Pts',(15.5858077579732,1.6,14.6533100224792));
#2134=CARTESIAN_POINT('Ctrl Pts',(16.,1.6,7.84893005647625));
#2135=CARTESIAN_POINT('Ctrl Pts',(16.,1.6,3.52772661317651E-14));
#2136=CARTESIAN_POINT('',(14.8,1.6,-3.5527136788005E-14));
#2137=CARTESIAN_POINT('Ctrl Pts',(3.12249899919795,1.6,-41.7899299063113));
#2138=CARTESIAN_POINT('Ctrl Pts',(3.17460525168372,1.6,-41.7712513140291));
#2139=CARTESIAN_POINT('Ctrl Pts',(3.22647546964536,1.6,-41.7520788968521));
#2140=CARTESIAN_POINT('Ctrl Pts',(3.27812735319974,1.6,-41.732415844074));
#2141=CARTESIAN_POINT('Ctrl Pts',(4.27815839494264,1.6,-41.3517198887598));
#2142=CARTESIAN_POINT('Ctrl Pts',(5.18938491505141,1.6,-40.7921834845209));
#2143=CARTESIAN_POINT('Ctrl Pts',(6.10589188487741,1.6,-39.9513077145865));
#2144=CARTESIAN_POINT('Ctrl Pts',(7.94834512410963,1.6,-38.2608958168989));
#2145=CARTESIAN_POINT('Ctrl Pts',(9.76732987252779,1.6,-35.3324495318387));
#2146=CARTESIAN_POINT('Ctrl Pts',(11.2067904642042,1.6,-30.9820015466172));
#2147=CARTESIAN_POINT('Ctrl Pts',(12.1867092076779,1.6,-28.0204161111583));
#2148=CARTESIAN_POINT('Ctrl Pts',(12.9954007016255,1.6,-24.4204476318096));
#2149=CARTESIAN_POINT('Ctrl Pts',(13.5890474396492,1.6,-20.2143030173285));
#2150=CARTESIAN_POINT('Ctrl Pts',(14.3871589071238,1.6,-14.559471556703));
#2151=CARTESIAN_POINT('Ctrl Pts',(14.8,1.6,-7.80682383649559));
#2152=CARTESIAN_POINT('Ctrl Pts',(14.8,1.6,-3.52772661317651E-14));
#2153=CARTESIAN_POINT('Ctrl Pts',(14.8,1.6,3.52772661317651E-14));
#2154=CARTESIAN_POINT('Ctrl Pts',(14.8,1.6,7.80682383649559));
#2155=CARTESIAN_POINT('Ctrl Pts',(14.3871589071238,1.6,14.559471556703));
#2156=CARTESIAN_POINT('Ctrl Pts',(13.5890474396492,1.6,20.2143030173285));
#2157=CARTESIAN_POINT('Ctrl Pts',(12.9954007016255,1.6,24.4204476318096));
#2158=CARTESIAN_POINT('Ctrl Pts',(12.1867092076779,1.6,28.0204161111583));
#2159=CARTESIAN_POINT('Ctrl Pts',(11.2067904642042,1.6,30.9820015466172));
#2160=CARTESIAN_POINT('Ctrl Pts',(9.76732987252779,1.6,35.3324495318387));
#2161=CARTESIAN_POINT('Ctrl Pts',(7.94834512410963,1.6,38.2608958168989));
#2162=CARTESIAN_POINT('Ctrl Pts',(6.10589188487741,1.6,39.9513077145865));
#2163=CARTESIAN_POINT('Ctrl Pts',(5.18938491505141,1.6,40.7921834845209));
#2164=CARTESIAN_POINT('Ctrl Pts',(4.27815839494264,1.6,41.3517198887598));
#2165=CARTESIAN_POINT('Ctrl Pts',(3.27812735319974,1.6,41.732415844074));
#2166=CARTESIAN_POINT('Ctrl Pts',(3.22647546964536,1.6,41.7520788968521));
#2167=CARTESIAN_POINT('Ctrl Pts',(3.17460525168372,1.6,41.7712513140291));
#2168=CARTESIAN_POINT('Ctrl Pts',(3.12249899919795,1.6,41.7899299063113));
#2169=CARTESIAN_POINT('Ctrl Pts',(-3.12249899919796,1.6,41.7899299063113));
#2170=CARTESIAN_POINT('Ctrl Pts',(-3.17460525168373,1.6,41.7712513140291));
#2171=CARTESIAN_POINT('Ctrl Pts',(-3.22647546964536,1.6,41.7520788968521));
#2172=CARTESIAN_POINT('Ctrl Pts',(-3.27812735319974,1.6,41.732415844074));
#2173=CARTESIAN_POINT('Ctrl Pts',(-4.27815839494264,1.6,41.3517198887598));
#2174=CARTESIAN_POINT('Ctrl Pts',(-5.18938491505141,1.6,40.7921834845209));
#2175=CARTESIAN_POINT('Ctrl Pts',(-6.10589188487741,1.6,39.9513077145865));
#2176=CARTESIAN_POINT('Ctrl Pts',(-7.94834512410963,1.6,38.2608958168989));
#2177=CARTESIAN_POINT('Ctrl Pts',(-9.76732987252779,1.6,35.3324495318387));
#2178=CARTESIAN_POINT('Ctrl Pts',(-11.2067904642042,1.6,30.9820015466172));
#2179=CARTESIAN_POINT('Ctrl Pts',(-12.1867092076779,1.6,28.0204161111583));
#2180=CARTESIAN_POINT('Ctrl Pts',(-12.9954007016255,1.6,24.4204476318096));
#2181=CARTESIAN_POINT('Ctrl Pts',(-13.5890474396492,1.6,20.2143030173285));
#2182=CARTESIAN_POINT('Ctrl Pts',(-14.3871589071238,1.6,14.559471556703));
#2183=CARTESIAN_POINT('Ctrl Pts',(-14.8,1.6,7.80682383649559));
#2184=CARTESIAN_POINT('Ctrl Pts',(-14.8,1.6,3.52772661317651E-14));
#2185=CARTESIAN_POINT('Ctrl Pts',(-14.8,1.6,3.52772661317651E-14));
#2186=CARTESIAN_POINT('Ctrl Pts',(-14.8,-2.6,3.52772661317651E-14));
#2187=CARTESIAN_POINT('Ctrl Pts',(-14.8,1.6,7.80682383649559));
#2188=CARTESIAN_POINT('Ctrl Pts',(-14.8,-2.6,7.80682383649559));
#2189=CARTESIAN_POINT('Ctrl Pts',(-14.3871589071238,1.6,14.559471556703));
#2190=CARTESIAN_POINT('Ctrl Pts',(-14.3871589071238,-2.6,14.559471556703));
#2191=CARTESIAN_POINT('Ctrl Pts',(-13.5890474396492,1.6,20.2143030173285));
#2192=CARTESIAN_POINT('Ctrl Pts',(-13.5890474396492,-2.6,20.2143030173285));
#2193=CARTESIAN_POINT('Ctrl Pts',(-12.9954007016255,1.6,24.4204476318096));
#2194=CARTESIAN_POINT('Ctrl Pts',(-12.9954007016255,-2.6,24.4204476318096));
#2195=CARTESIAN_POINT('Ctrl Pts',(-12.1867092076779,1.6,28.0204161111583));
#2196=CARTESIAN_POINT('Ctrl Pts',(-12.1867092076779,-2.6,28.0204161111583));
#2197=CARTESIAN_POINT('Ctrl Pts',(-11.2067904642042,1.6,30.9820015466172));
#2198=CARTESIAN_POINT('Ctrl Pts',(-11.2067904642042,-2.6,30.9820015466172));
#2199=CARTESIAN_POINT('Ctrl Pts',(-9.76732987252779,1.6,35.3324495318387));
#2200=CARTESIAN_POINT('Ctrl Pts',(-9.76732987252779,-2.6,35.3324495318387));
#2201=CARTESIAN_POINT('Ctrl Pts',(-7.94834512410963,1.6,38.2608958168989));
#2202=CARTESIAN_POINT('Ctrl Pts',(-7.94834512410963,-2.6,38.2608958168989));
#2203=CARTESIAN_POINT('Ctrl Pts',(-6.10589188487741,1.6,39.9513077145865));
#2204=CARTESIAN_POINT('Ctrl Pts',(-6.10589188487741,-2.6,39.9513077145865));
#2205=CARTESIAN_POINT('Ctrl Pts',(-5.18938491505141,1.6,40.7921834845209));
#2206=CARTESIAN_POINT('Ctrl Pts',(-5.18938491505141,-2.6,40.7921834845209));
#2207=CARTESIAN_POINT('Ctrl Pts',(-4.27815839494264,1.6,41.3517198887598));
#2208=CARTESIAN_POINT('Ctrl Pts',(-4.27815839494264,-2.6,41.3517198887598));
#2209=CARTESIAN_POINT('Ctrl Pts',(-3.27812735319974,1.6,41.732415844074));
#2210=CARTESIAN_POINT('Ctrl Pts',(-3.27812735319974,-2.6,41.732415844074));
#2211=CARTESIAN_POINT('Ctrl Pts',(-2.30294847863786,1.6,42.1036509735421));
#2212=CARTESIAN_POINT('Ctrl Pts',(-2.30294847863786,-2.6,42.1036509735421));
#2213=CARTESIAN_POINT('Ctrl Pts',(-1.24994473047601,1.6,42.3));
#2214=CARTESIAN_POINT('Ctrl Pts',(-1.24994473047601,-2.6,42.3));
#2215=CARTESIAN_POINT('Ctrl Pts',(4.44089209850063E-15,1.6,42.3));
#2216=CARTESIAN_POINT('Ctrl Pts',(4.44089209850063E-15,-2.6,42.3));
#2217=CARTESIAN_POINT('Ctrl Pts',(-14.8,-2.6,3.52772661317651E-14));
#2218=CARTESIAN_POINT('Ctrl Pts',(-14.8,-2.6,7.80682383649559));
#2219=CARTESIAN_POINT('Ctrl Pts',(-14.3871589071238,-2.6,14.559471556703));
#2220=CARTESIAN_POINT('Ctrl Pts',(-13.5890474396492,-2.6,20.2143030173285));
#2221=CARTESIAN_POINT('Ctrl Pts',(-12.9954007016255,-2.6,24.4204476318096));
#2222=CARTESIAN_POINT('Ctrl Pts',(-12.1867092076779,-2.6,28.0204161111583));
#2223=CARTESIAN_POINT('Ctrl Pts',(-11.2067904642042,-2.6,30.9820015466172));
#2224=CARTESIAN_POINT('Ctrl Pts',(-9.76732987252779,-2.6,35.3324495318387));
#2225=CARTESIAN_POINT('Ctrl Pts',(-7.94834512410963,-2.6,38.2608958168989));
#2226=CARTESIAN_POINT('Ctrl Pts',(-6.10589188487741,-2.6,39.9513077145865));
#2227=CARTESIAN_POINT('Ctrl Pts',(-5.29509953955812,-2.6,40.6951925513344));
#2228=CARTESIAN_POINT('Ctrl Pts',(-4.48843974928494,-2.6,41.2188971993416));
#2229=CARTESIAN_POINT('Ctrl Pts',(-3.62077339804634,-2.6,41.59338611483));
#2230=CARTESIAN_POINT('Origin',(0.,-2.6,0.));
#2231=CARTESIAN_POINT('',(-18.5,-2.6,-1.50000000000003));
#2232=CARTESIAN_POINT('',(-21.4950441466291,-2.6,-1.50000000000003));
#2233=CARTESIAN_POINT('',(-12.25,-2.6,-1.50000000000003));
#2234=CARTESIAN_POINT('',(-21.1665776895665,-2.6,-11.580940575123));
#2235=CARTESIAN_POINT('Ctrl Pts',(-21.4950441466291,-2.6,-1.50000000000003));
#2236=CARTESIAN_POINT('Ctrl Pts',(-21.4713139311586,-2.6,-5.06168192642549));
#2237=CARTESIAN_POINT('Ctrl Pts',(-21.3622970799049,-2.6,-8.42120049438284));
#2238=CARTESIAN_POINT('Ctrl Pts',(-21.1665776895673,-2.6,-11.5809405751105));
#2239=CARTESIAN_POINT('',(-21.5657377789263,-2.6,-11.6068485480703));
#2240=CARTESIAN_POINT('',(-21.1665776895665,-2.6,-11.580940575123));
#2241=CARTESIAN_POINT('',(-21.500967846558,-2.6,-12.6047487714699));
#2242=CARTESIAN_POINT('',(-21.5657377789263,-2.6,-11.6068485480703));
#2243=CARTESIAN_POINT('',(-21.1014277516513,-2.6,-12.5788161337986));
#2244=CARTESIAN_POINT('',(-21.500967846558,-2.6,-12.6047487714699));
#2245=CARTESIAN_POINT('',(-16.183339398637,-2.6,-36.7191070779446));
#2246=CARTESIAN_POINT('Ctrl Pts',(-21.1014277516519,-2.6,-12.5788161337896));
#2247=CARTESIAN_POINT('Ctrl Pts',(-20.8921402168529,-2.6,-15.6259850293501));
#2248=CARTESIAN_POINT('Ctrl Pts',(-20.5998705336403,-2.6,-18.4825197321797));
#2249=CARTESIAN_POINT('Ctrl Pts',(-20.2232963825214,-2.6,-21.1506474859932));
#2250=CARTESIAN_POINT('Ctrl Pts',(-19.5862703650429,-2.6,-25.6641458025541));
#2251=CARTESIAN_POINT('Ctrl Pts',(-18.7095255620093,-2.6,-29.6355674677244));
#2252=CARTESIAN_POINT('Ctrl Pts',(-17.5676414443483,-2.6,-33.0866570548655));
#2253=CARTESIAN_POINT('Ctrl Pts',(-17.1430358488595,-2.6,-34.3699325874432));
#2254=CARTESIAN_POINT('Ctrl Pts',(-16.6827933690524,-2.6,-35.5809139670414));
#2255=CARTESIAN_POINT('Ctrl Pts',(-16.183339398637,-2.6,-36.7191070779446));
#2256=CARTESIAN_POINT('',(-16.5456988337665,-2.6,-36.8885049521126));
#2257=CARTESIAN_POINT('',(-16.183339398637,-2.6,-36.7191070779446));
#2258=CARTESIAN_POINT('',(-16.0971694630821,-2.6,-37.7822730448713));
#2259=CARTESIAN_POINT('',(-16.5456988337665,-2.6,-36.8885049521126));
#2260=CARTESIAN_POINT('',(-15.7728007797907,-2.6,-37.6194915777713));
#2261=CARTESIAN_POINT('',(-16.0971694630821,-2.6,-37.7822730448713));
#2262=CARTESIAN_POINT('',(-4.44089209850063E-15,-2.6,-49.));
#2263=CARTESIAN_POINT('Ctrl Pts',(-15.7728007797431,-2.6,-37.6194915777488));
#2264=CARTESIAN_POINT('Ctrl Pts',(-14.574781263194,-2.6,-40.1480352512947));
#2265=CARTESIAN_POINT('Ctrl Pts',(-13.1641564889571,-2.6,-42.2906405127271));
#2266=CARTESIAN_POINT('Ctrl Pts',(-11.4974025619213,-2.6,-44.0412910797391));
#2267=CARTESIAN_POINT('Ctrl Pts',(-11.217399660982,-2.6,-44.335388024311));
#2268=CARTESIAN_POINT('Ctrl Pts',(-10.9301054424212,-2.6,-44.6178798979397));
#2269=CARTESIAN_POINT('Ctrl Pts',(-10.6354253362543,-2.6,-44.8882426658348));
#2270=CARTESIAN_POINT('Ctrl Pts',(-9.15559809765028,-2.6,-46.2459528738296));
#2271=CARTESIAN_POINT('Ctrl Pts',(-7.47350347626344,-2.6,-47.3043666100296));
#2272=CARTESIAN_POINT('Ctrl Pts',(-5.66182921153989,-2.6,-47.9940422662223));
#2273=CARTESIAN_POINT('Ctrl Pts',(-3.89281501527711,-2.6,-48.6674779110168));
#2274=CARTESIAN_POINT('Ctrl Pts',(-1.97718332033701,-2.6,-49.));
#2275=CARTESIAN_POINT('Ctrl Pts',(4.44089209850063E-15,-2.6,-49.));
#2276=CARTESIAN_POINT('',(15.7728007797907,-2.6,-37.6194915777713));
#2277=CARTESIAN_POINT('Ctrl Pts',(-4.44089209850063E-15,-2.6,-49.));
#2278=CARTESIAN_POINT('Ctrl Pts',(1.97718332033701,-2.6,-49.));
#2279=CARTESIAN_POINT('Ctrl Pts',(3.89281501527711,-2.6,-48.6674779110168));
#2280=CARTESIAN_POINT('Ctrl Pts',(5.66182921153989,-2.6,-47.9940422662223));
#2281=CARTESIAN_POINT('Ctrl Pts',(7.47350347626344,-2.6,-47.3043666100296));
#2282=CARTESIAN_POINT('Ctrl Pts',(9.15559809765028,-2.6,-46.2459528738296));
#2283=CARTESIAN_POINT('Ctrl Pts',(10.6354253362543,-2.6,-44.8882426658348));
#2284=CARTESIAN_POINT('Ctrl Pts',(10.9301054424212,-2.6,-44.6178798979397));
#2285=CARTESIAN_POINT('Ctrl Pts',(11.217399660982,-2.6,-44.335388024311));
#2286=CARTESIAN_POINT('Ctrl Pts',(11.4974025619213,-2.6,-44.0412910797391));
#2287=CARTESIAN_POINT('Ctrl Pts',(13.1641564889571,-2.6,-42.2906405127271));
#2288=CARTESIAN_POINT('Ctrl Pts',(14.574781263194,-2.6,-40.1480352512947));
#2289=CARTESIAN_POINT('Ctrl Pts',(15.7728007797431,-2.6,-37.6194915777488));
#2290=CARTESIAN_POINT('',(16.0971694630821,-2.6,-37.7822730448713));
#2291=CARTESIAN_POINT('',(16.0971694630821,-2.6,-37.7822730448713));
#2292=CARTESIAN_POINT('',(16.5456988337665,-2.6,-36.8885049521126));
#2293=CARTESIAN_POINT('',(16.5456988337665,-2.6,-36.8885049521126));
#2294=CARTESIAN_POINT('',(16.183339398637,-2.6,-36.7191070779446));
#2295=CARTESIAN_POINT('',(16.183339398637,-2.6,-36.7191070779446));
#2296=CARTESIAN_POINT('',(21.1014277516513,-2.6,-12.5788161337986));
#2297=CARTESIAN_POINT('Ctrl Pts',(16.183339398637,-2.6,-36.7191070779446));
#2298=CARTESIAN_POINT('Ctrl Pts',(16.6827933690524,-2.6,-35.5809139670414));
#2299=CARTESIAN_POINT('Ctrl Pts',(17.1430358488595,-2.6,-34.3699325874432));
#2300=CARTESIAN_POINT('Ctrl Pts',(17.5676414443483,-2.6,-33.0866570548655));
#2301=CARTESIAN_POINT('Ctrl Pts',(18.7095255620093,-2.6,-29.6355674677244));
#2302=CARTESIAN_POINT('Ctrl Pts',(19.5862703650429,-2.6,-25.6641458025541));
#2303=CARTESIAN_POINT('Ctrl Pts',(20.2232963825214,-2.6,-21.1506474859932));
#2304=CARTESIAN_POINT('Ctrl Pts',(20.5998705336403,-2.6,-18.4825197321797));
#2305=CARTESIAN_POINT('Ctrl Pts',(20.8921402168529,-2.6,-15.6259850293501));
#2306=CARTESIAN_POINT('Ctrl Pts',(21.1014277516519,-2.6,-12.5788161337896));
#2307=CARTESIAN_POINT('',(21.500967846558,-2.6,-12.6047487714699));
#2308=CARTESIAN_POINT('',(21.500967846558,-2.6,-12.6047487714699));
#2309=CARTESIAN_POINT('',(21.5657377789263,-2.6,-11.6068485480703));
#2310=CARTESIAN_POINT('',(21.5657377789263,-2.6,-11.6068485480703));
#2311=CARTESIAN_POINT('',(21.1665776895665,-2.6,-11.580940575123));
#2312=CARTESIAN_POINT('',(21.1665776895665,-2.6,-11.580940575123));
#2313=CARTESIAN_POINT('',(21.5,-2.6,-3.5527136788005E-14));
#2314=CARTESIAN_POINT('Ctrl Pts',(21.1665776895673,-2.6,-11.5809405751105));
#2315=CARTESIAN_POINT('Ctrl Pts',(21.3895571493894,-2.6,-7.98110749181924));
#2316=CARTESIAN_POINT('Ctrl Pts',(21.5,-2.6,-4.12196950484476));
#2317=CARTESIAN_POINT('Ctrl Pts',(21.5,-2.6,-3.52772661317651E-14));
#2318=CARTESIAN_POINT('',(21.1665776895665,-2.6,11.580940575123));
#2319=CARTESIAN_POINT('Ctrl Pts',(21.5,-2.6,3.52772661317651E-14));
#2320=CARTESIAN_POINT('Ctrl Pts',(21.5,-2.6,4.12196950484476));
#2321=CARTESIAN_POINT('Ctrl Pts',(21.3895571493894,-2.6,7.98110749181924));
#2322=CARTESIAN_POINT('Ctrl Pts',(21.1665776895673,-2.6,11.5809405751105));
#2323=CARTESIAN_POINT('',(21.5657377789263,-2.6,11.6068485480703));
#2324=CARTESIAN_POINT('',(21.1665776895665,-2.6,11.580940575123));
#2325=CARTESIAN_POINT('',(21.500967846558,-2.6,12.6047487714699));
#2326=CARTESIAN_POINT('',(21.5657377789263,-2.6,11.6068485480703));
#2327=CARTESIAN_POINT('',(21.1014277516513,-2.6,12.5788161337986));
#2328=CARTESIAN_POINT('',(21.500967846558,-2.6,12.6047487714699));
#2329=CARTESIAN_POINT('',(16.183339398637,-2.6,36.7191070779446));
#2330=CARTESIAN_POINT('Ctrl Pts',(21.1014277516519,-2.6,12.5788161337896));
#2331=CARTESIAN_POINT('Ctrl Pts',(20.8921402168529,-2.6,15.6259850293501));
#2332=CARTESIAN_POINT('Ctrl Pts',(20.5998705336403,-2.6,18.4825197321797));
#2333=CARTESIAN_POINT('Ctrl Pts',(20.2232963825214,-2.6,21.1506474859932));
#2334=CARTESIAN_POINT('Ctrl Pts',(19.5862703650429,-2.6,25.6641458025541));
#2335=CARTESIAN_POINT('Ctrl Pts',(18.7095255620093,-2.6,29.6355674677244));
#2336=CARTESIAN_POINT('Ctrl Pts',(17.5676414443483,-2.6,33.0866570548655));
#2337=CARTESIAN_POINT('Ctrl Pts',(17.1430358488595,-2.6,34.3699325874432));
#2338=CARTESIAN_POINT('Ctrl Pts',(16.6827933690524,-2.6,35.5809139670414));
#2339=CARTESIAN_POINT('Ctrl Pts',(16.183339398637,-2.6,36.7191070779446));
#2340=CARTESIAN_POINT('',(16.5456988337665,-2.6,36.8885049521126));
#2341=CARTESIAN_POINT('',(16.183339398637,-2.6,36.7191070779446));
#2342=CARTESIAN_POINT('',(16.0971694630821,-2.6,37.7822730448713));
#2343=CARTESIAN_POINT('',(16.5456988337665,-2.6,36.8885049521126));
#2344=CARTESIAN_POINT('',(15.7728007797431,-2.6,37.6194915777488));
#2345=CARTESIAN_POINT('',(16.0971694630821,-2.6,37.7822730448713));
#2346=CARTESIAN_POINT('',(4.44089209850063E-15,-2.6,49.));
#2347=CARTESIAN_POINT('Ctrl Pts',(15.7728007797431,-2.6,37.6194915777488));
#2348=CARTESIAN_POINT('Ctrl Pts',(14.574781263194,-2.6,40.1480352512947));
#2349=CARTESIAN_POINT('Ctrl Pts',(13.1641564889571,-2.6,42.2906405127271));
#2350=CARTESIAN_POINT('Ctrl Pts',(11.4974025619213,-2.6,44.0412910797391));
#2351=CARTESIAN_POINT('Ctrl Pts',(11.217399660982,-2.6,44.335388024311));
#2352=CARTESIAN_POINT('Ctrl Pts',(10.9301054424212,-2.6,44.6178798979397));
#2353=CARTESIAN_POINT('Ctrl Pts',(10.6354253362543,-2.6,44.8882426658348));
#2354=CARTESIAN_POINT('Ctrl Pts',(9.15559809765028,-2.6,46.2459528738296));
#2355=CARTESIAN_POINT('Ctrl Pts',(7.47350347626344,-2.6,47.3043666100296));
#2356=CARTESIAN_POINT('Ctrl Pts',(5.66182921153989,-2.6,47.9940422662223));
#2357=CARTESIAN_POINT('Ctrl Pts',(3.89281501527711,-2.6,48.6674779110168));
#2358=CARTESIAN_POINT('Ctrl Pts',(1.97718332033701,-2.6,49.));
#2359=CARTESIAN_POINT('Ctrl Pts',(-4.44089209850063E-15,-2.6,49.));
#2360=CARTESIAN_POINT('',(-15.7728007797431,-2.6,37.6194915777487));
#2361=CARTESIAN_POINT('Ctrl Pts',(4.44089209850063E-15,-2.6,49.));
#2362=CARTESIAN_POINT('Ctrl Pts',(-1.97718332033701,-2.6,49.));
#2363=CARTESIAN_POINT('Ctrl Pts',(-3.89281501527711,-2.6,48.6674779110168));
#2364=CARTESIAN_POINT('Ctrl Pts',(-5.66182921153989,-2.6,47.9940422662223));
#2365=CARTESIAN_POINT('Ctrl Pts',(-7.47350347626344,-2.6,47.3043666100296));
#2366=CARTESIAN_POINT('Ctrl Pts',(-9.15559809765028,-2.6,46.2459528738296));
#2367=CARTESIAN_POINT('Ctrl Pts',(-10.6354253362543,-2.6,44.8882426658348));
#2368=CARTESIAN_POINT('Ctrl Pts',(-10.9301054424212,-2.6,44.6178798979397));
#2369=CARTESIAN_POINT('Ctrl Pts',(-11.217399660982,-2.6,44.335388024311));
#2370=CARTESIAN_POINT('Ctrl Pts',(-11.4974025619213,-2.6,44.0412910797391));
#2371=CARTESIAN_POINT('Ctrl Pts',(-13.1641564889571,-2.6,42.2906405127271));
#2372=CARTESIAN_POINT('Ctrl Pts',(-14.574781263194,-2.6,40.1480352512947));
#2373=CARTESIAN_POINT('Ctrl Pts',(-15.7728007797431,-2.6,37.6194915777487));
#2374=CARTESIAN_POINT('',(-16.0971694630821,-2.6,37.7822730448713));
#2375=CARTESIAN_POINT('',(-16.0971694630821,-2.6,37.7822730448713));
#2376=CARTESIAN_POINT('',(-16.5456988337665,-2.6,36.8885049521126));
#2377=CARTESIAN_POINT('',(-16.5456988337665,-2.6,36.8885049521126));
#2378=CARTESIAN_POINT('',(-16.183339398637,-2.6,36.7191070779446));
#2379=CARTESIAN_POINT('',(-16.183339398637,-2.6,36.7191070779446));
#2380=CARTESIAN_POINT('',(-21.1014277516513,-2.6,12.5788161337986));
#2381=CARTESIAN_POINT('Ctrl Pts',(-16.183339398637,-2.6,36.7191070779446));
#2382=CARTESIAN_POINT('Ctrl Pts',(-16.6827933690524,-2.6,35.5809139670414));
#2383=CARTESIAN_POINT('Ctrl Pts',(-17.1430358488595,-2.6,34.3699325874432));
#2384=CARTESIAN_POINT('Ctrl Pts',(-17.5676414443483,-2.6,33.0866570548655));
#2385=CARTESIAN_POINT('Ctrl Pts',(-18.7095255620093,-2.6,29.6355674677244));
#2386=CARTESIAN_POINT('Ctrl Pts',(-19.5862703650429,-2.6,25.6641458025541));
#2387=CARTESIAN_POINT('Ctrl Pts',(-20.2232963825214,-2.6,21.1506474859932));
#2388=CARTESIAN_POINT('Ctrl Pts',(-20.5998705336403,-2.6,18.4825197321797));
#2389=CARTESIAN_POINT('Ctrl Pts',(-20.8921402168529,-2.6,15.6259850293501));
#2390=CARTESIAN_POINT('Ctrl Pts',(-21.1014277516519,-2.6,12.5788161337896));
#2391=CARTESIAN_POINT('',(-21.500967846558,-2.6,12.6047487714699));
#2392=CARTESIAN_POINT('',(-21.500967846558,-2.6,12.6047487714699));
#2393=CARTESIAN_POINT('',(-21.5657377789263,-2.6,11.6068485480703));
#2394=CARTESIAN_POINT('',(-21.5657377789263,-2.6,11.6068485480703));
#2395=CARTESIAN_POINT('',(-21.1665776895665,-2.6,11.580940575123));
#2396=CARTESIAN_POINT('',(-21.1665776895665,-2.6,11.580940575123));
#2397=CARTESIAN_POINT('',(-21.4950441466291,-2.6,1.49999999999997));
#2398=CARTESIAN_POINT('Ctrl Pts',(-21.1665776895673,-2.6,11.5809405751105));
#2399=CARTESIAN_POINT('Ctrl Pts',(-21.3622970799049,-2.6,8.42120049438283));
#2400=CARTESIAN_POINT('Ctrl Pts',(-21.4713139311586,-2.6,5.06168192642545));
#2401=CARTESIAN_POINT('Ctrl Pts',(-21.4950441466291,-2.6,1.49999999999997));
#2402=CARTESIAN_POINT('',(-18.5,-2.6,1.49999999999997));
#2403=CARTESIAN_POINT('',(-9.25,-2.6,1.49999999999997));
#2404=CARTESIAN_POINT('',(-18.5,-2.6,-0.750000000000017));
#2405=CARTESIAN_POINT('',(14.8,-2.6,-3.5527136788005E-14));
#2406=CARTESIAN_POINT('Ctrl Pts',(3.62077339804633,-2.6,41.59338611483));
#2407=CARTESIAN_POINT('Ctrl Pts',(4.48843974928493,-2.6,41.2188971993416));
#2408=CARTESIAN_POINT('Ctrl Pts',(5.29509953955811,-2.6,40.6951925513344));
#2409=CARTESIAN_POINT('Ctrl Pts',(6.10589188487741,-2.6,39.9513077145865));
#2410=CARTESIAN_POINT('Ctrl Pts',(7.94834512410963,-2.6,38.2608958168989));
#2411=CARTESIAN_POINT('Ctrl Pts',(9.76732987252779,-2.6,35.3324495318387));
#2412=CARTESIAN_POINT('Ctrl Pts',(11.2067904642042,-2.6,30.9820015466172));
#2413=CARTESIAN_POINT('Ctrl Pts',(12.1867092076779,-2.6,28.0204161111583));
#2414=CARTESIAN_POINT('Ctrl Pts',(12.9954007016255,-2.6,24.4204476318096));
#2415=CARTESIAN_POINT('Ctrl Pts',(13.5890474396492,-2.6,20.2143030173285));
#2416=CARTESIAN_POINT('Ctrl Pts',(14.3871589071238,-2.6,14.559471556703));
#2417=CARTESIAN_POINT('Ctrl Pts',(14.8,-2.6,7.80682383649559));
#2418=CARTESIAN_POINT('Ctrl Pts',(14.8,-2.6,3.52772661317651E-14));
#2419=CARTESIAN_POINT('Ctrl Pts',(14.8,-2.6,-3.52772661317651E-14));
#2420=CARTESIAN_POINT('Ctrl Pts',(14.8,-2.6,-7.80682383649559));
#2421=CARTESIAN_POINT('Ctrl Pts',(14.3871589071238,-2.6,-14.559471556703));
#2422=CARTESIAN_POINT('Ctrl Pts',(13.5890474396492,-2.6,-20.2143030173285));
#2423=CARTESIAN_POINT('Ctrl Pts',(12.9954007016255,-2.6,-24.4204476318096));
#2424=CARTESIAN_POINT('Ctrl Pts',(12.1867092076779,-2.6,-28.0204161111583));
#2425=CARTESIAN_POINT('Ctrl Pts',(11.2067904642042,-2.6,-30.9820015466172));
#2426=CARTESIAN_POINT('Ctrl Pts',(9.76732987252779,-2.6,-35.3324495318387));
#2427=CARTESIAN_POINT('Ctrl Pts',(7.94834512410963,-2.6,-38.2608958168989));
#2428=CARTESIAN_POINT('Ctrl Pts',(6.10589188487741,-2.6,-39.9513077145865));
#2429=CARTESIAN_POINT('Ctrl Pts',(5.29509953955811,-2.6,-40.6951925513344));
#2430=CARTESIAN_POINT('Ctrl Pts',(4.48843974928493,-2.6,-41.2188971993416));
#2431=CARTESIAN_POINT('Ctrl Pts',(3.62077339804633,-2.6,-41.59338611483));
#2432=CARTESIAN_POINT('Origin',(-24.5,1.6,-1.50000000000003));
#2433=CARTESIAN_POINT('',(-18.5,-1.6,-1.50000000000003));
#2434=CARTESIAN_POINT('',(-18.5,1.6,-1.50000000000003));
#2435=CARTESIAN_POINT('',(-20.6950202424527,-1.6,-1.50000000000003));
#2436=CARTESIAN_POINT('',(-12.25,-1.6,-1.50000000000003));
#2437=CARTESIAN_POINT('',(-20.6950202424527,1.6,-1.50000000000003));
#2438=CARTESIAN_POINT('Ctrl Pts',(-20.6950202424527,1.6,-1.50000000000003));
#2439=CARTESIAN_POINT('Ctrl Pts',(-20.6950202424527,1.06666666666667,-1.50000000000003));
#2440=CARTESIAN_POINT('Ctrl Pts',(-20.6950202424527,0.533333333333333,-1.50000000000003));
#2441=CARTESIAN_POINT('Ctrl Pts',(-20.6950202424527,-0.533333333333333,
-1.50000000000003));
#2442=CARTESIAN_POINT('Ctrl Pts',(-20.6950202424527,-1.06666666666667,-1.50000000000003));
#2443=CARTESIAN_POINT('Ctrl Pts',(-20.6950202424527,-1.6,-1.50000000000003));
#2444=CARTESIAN_POINT('',(-21.4950441466291,1.6,-1.50000000000003));
#2445=CARTESIAN_POINT('',(-12.25,1.6,-1.50000000000003));
#2446=CARTESIAN_POINT('Ctrl Pts',(-21.4950441466291,-2.6,-1.50000000000003));
#2447=CARTESIAN_POINT('Ctrl Pts',(-21.4950441466291,-1.9,-1.50000000000003));
#2448=CARTESIAN_POINT('Ctrl Pts',(-21.4950441466291,-1.2,-1.50000000000003));
#2449=CARTESIAN_POINT('Ctrl Pts',(-21.4950441466291,0.200000000000001,-1.50000000000003));
#2450=CARTESIAN_POINT('Ctrl Pts',(-21.4950441466291,0.900000000000001,-1.50000000000003));
#2451=CARTESIAN_POINT('Ctrl Pts',(-21.4950441466291,1.6,-1.50000000000003));
#2452=CARTESIAN_POINT('Origin',(-18.5,1.6,1.49999999999997));
#2453=CARTESIAN_POINT('',(-21.4950441466291,1.6,1.49999999999997));
#2454=CARTESIAN_POINT('Ctrl Pts',(-21.4950441466291,1.6,1.49999999999997));
#2455=CARTESIAN_POINT('Ctrl Pts',(-21.4950441466291,0.9,1.49999999999997));
#2456=CARTESIAN_POINT('Ctrl Pts',(-21.4950441466291,0.2,1.49999999999997));
#2457=CARTESIAN_POINT('Ctrl Pts',(-21.4950441466291,-1.2,1.49999999999997));
#2458=CARTESIAN_POINT('Ctrl Pts',(-21.4950441466291,-1.9,1.49999999999997));
#2459=CARTESIAN_POINT('Ctrl Pts',(-21.4950441466291,-2.6,1.49999999999997));
#2460=CARTESIAN_POINT('',(-20.6950202424527,1.6,1.49999999999997));
#2461=CARTESIAN_POINT('',(-9.25,1.6,1.49999999999997));
#2462=CARTESIAN_POINT('',(-20.6950202424527,-1.6,1.49999999999997));
#2463=CARTESIAN_POINT('Ctrl Pts',(-20.6950202424527,-1.6,1.49999999999997));
#2464=CARTESIAN_POINT('Ctrl Pts',(-20.6950202424527,-1.06666666666667,1.49999999999997));
#2465=CARTESIAN_POINT('Ctrl Pts',(-20.6950202424527,-0.533333333333333,
1.49999999999997));
#2466=CARTESIAN_POINT('Ctrl Pts',(-20.6950202424527,0.533333333333333,1.49999999999997));
#2467=CARTESIAN_POINT('Ctrl Pts',(-20.6950202424527,1.06666666666667,1.49999999999997));
#2468=CARTESIAN_POINT('Ctrl Pts',(-20.6950202424527,1.6,1.49999999999997));
#2469=CARTESIAN_POINT('',(-18.5,-1.6,1.49999999999997));
#2470=CARTESIAN_POINT('',(-9.25,-1.6,1.49999999999997));
#2471=CARTESIAN_POINT('',(-18.5,1.6,1.49999999999997));
#2472=CARTESIAN_POINT('Origin',(-18.5,1.6,-1.50000000000003));
#2473=CARTESIAN_POINT('',(-18.5,-1.6,-0.750000000000017));
#2474=CARTESIAN_POINT('Ctrl Pts',(-21.5,1.6,-3.52772661317651E-14));
#2475=CARTESIAN_POINT('Ctrl Pts',(-21.5,-2.6,-3.52772661317651E-14));
#2476=CARTESIAN_POINT('Ctrl Pts',(-21.5,1.6,-8.04191689805426));
#2477=CARTESIAN_POINT('Ctrl Pts',(-21.5,-2.6,-8.04191689805426));
#2478=CARTESIAN_POINT('Ctrl Pts',(-21.0796149910328,1.6,-15.0834029906206));
#2479=CARTESIAN_POINT('Ctrl Pts',(-21.0796149910328,-2.6,-15.0834029906206));
#2480=CARTESIAN_POINT('Ctrl Pts',(-20.2232963825214,1.6,-21.1506474859932));
#2481=CARTESIAN_POINT('Ctrl Pts',(-20.2232963825214,-2.6,-21.1506474859932));
#2482=CARTESIAN_POINT('Ctrl Pts',(-19.5862703650429,1.6,-25.6641458025541));
#2483=CARTESIAN_POINT('Ctrl Pts',(-19.5862703650429,-2.6,-25.6641458025541));
#2484=CARTESIAN_POINT('Ctrl Pts',(-18.7095255620093,1.6,-29.6355674677244));
#2485=CARTESIAN_POINT('Ctrl Pts',(-18.7095255620093,-2.6,-29.6355674677244));
#2486=CARTESIAN_POINT('Ctrl Pts',(-17.5676414443483,1.6,-33.0866570548655));
#2487=CARTESIAN_POINT('Ctrl Pts',(-17.5676414443483,-2.6,-33.0866570548655));
#2488=CARTESIAN_POINT('Ctrl Pts',(-16.0522867821108,1.6,-37.6664779095299));
#2489=CARTESIAN_POINT('Ctrl Pts',(-16.0522867821108,-2.6,-37.6664779095299));
#2490=CARTESIAN_POINT('Ctrl Pts',(-14.0830355715076,1.6,-41.3255093312194));
#2491=CARTESIAN_POINT('Ctrl Pts',(-14.0830355715076,-2.6,-41.3255093312194));
#2492=CARTESIAN_POINT('Ctrl Pts',(-11.4974025619213,1.6,-44.0412910797391));
#2493=CARTESIAN_POINT('Ctrl Pts',(-11.4974025619213,-2.6,-44.0412910797391));
#2494=CARTESIAN_POINT('Ctrl Pts',(-11.217399660982,1.6,-44.335388024311));
#2495=CARTESIAN_POINT('Ctrl Pts',(-11.217399660982,-2.6,-44.335388024311));
#2496=CARTESIAN_POINT('Ctrl Pts',(-10.9301054424212,1.6,-44.6178798979397));
#2497=CARTESIAN_POINT('Ctrl Pts',(-10.9301054424212,-2.6,-44.6178798979397));
#2498=CARTESIAN_POINT('Ctrl Pts',(-10.6354253362543,1.6,-44.8882426658348));
#2499=CARTESIAN_POINT('Ctrl Pts',(-10.6354253362543,-2.6,-44.8882426658348));
#2500=CARTESIAN_POINT('Ctrl Pts',(-9.15559809765028,1.6,-46.2459528738296));
#2501=CARTESIAN_POINT('Ctrl Pts',(-9.15559809765028,-2.6,-46.2459528738296));
#2502=CARTESIAN_POINT('Ctrl Pts',(-7.47350347626344,1.6,-47.3043666100296));
#2503=CARTESIAN_POINT('Ctrl Pts',(-7.47350347626344,-2.6,-47.3043666100296));
#2504=CARTESIAN_POINT('Ctrl Pts',(-5.66182921153989,1.6,-47.9940422662223));
#2505=CARTESIAN_POINT('Ctrl Pts',(-5.66182921153989,-2.6,-47.9940422662223));
#2506=CARTESIAN_POINT('Ctrl Pts',(-3.89281501527711,1.6,-48.6674779110168));
#2507=CARTESIAN_POINT('Ctrl Pts',(-3.89281501527711,-2.6,-48.6674779110168));
#2508=CARTESIAN_POINT('Ctrl Pts',(-1.97718332033701,1.6,-49.));
#2509=CARTESIAN_POINT('Ctrl Pts',(-1.97718332033701,-2.6,-49.));
#2510=CARTESIAN_POINT('Ctrl Pts',(4.44089209850063E-15,1.6,-49.));
#2511=CARTESIAN_POINT('Ctrl Pts',(4.44089209850063E-15,-2.6,-49.));
#2512=CARTESIAN_POINT('',(-4.44089209850063E-15,1.6,-49.));
#2513=CARTESIAN_POINT('Ctrl Pts',(4.44089209850063E-15,1.6,-49.));
#2514=CARTESIAN_POINT('Ctrl Pts',(-1.97718332033701,1.6,-49.));
#2515=CARTESIAN_POINT('Ctrl Pts',(-3.89281501527711,1.6,-48.6674779110168));
#2516=CARTESIAN_POINT('Ctrl Pts',(-5.66182921153989,1.6,-47.9940422662223));
#2517=CARTESIAN_POINT('Ctrl Pts',(-7.47350347626344,1.6,-47.3043666100296));
#2518=CARTESIAN_POINT('Ctrl Pts',(-9.15559809765028,1.6,-46.2459528738296));
#2519=CARTESIAN_POINT('Ctrl Pts',(-10.6354253362543,1.6,-44.8882426658348));
#2520=CARTESIAN_POINT('Ctrl Pts',(-10.9301054424212,1.6,-44.6178798979397));
#2521=CARTESIAN_POINT('Ctrl Pts',(-11.217399660982,1.6,-44.335388024311));
#2522=CARTESIAN_POINT('Ctrl Pts',(-11.4974025619213,1.6,-44.0412910797391));
#2523=CARTESIAN_POINT('Ctrl Pts',(-14.0830355715076,1.6,-41.3255093312194));
#2524=CARTESIAN_POINT('Ctrl Pts',(-16.0522867821108,1.6,-37.6664779095299));
#2525=CARTESIAN_POINT('Ctrl Pts',(-17.5676414443483,1.6,-33.0866570548655));
#2526=CARTESIAN_POINT('Ctrl Pts',(-18.7095255620093,1.6,-29.6355674677244));
#2527=CARTESIAN_POINT('Ctrl Pts',(-19.5862703650429,1.6,-25.6641458025541));
#2528=CARTESIAN_POINT('Ctrl Pts',(-20.2232963825214,1.6,-21.1506474859932));
#2529=CARTESIAN_POINT('Ctrl Pts',(-21.0259559786957,1.6,-15.4635913270565));
#2530=CARTESIAN_POINT('Ctrl Pts',(-21.445603571579,1.6,-8.92056484093959));
#2531=CARTESIAN_POINT('Ctrl Pts',(-21.4950441466291,1.6,-1.50000000000004));
#2532=CARTESIAN_POINT('',(-4.44089209850063E-15,-1.6,-49.));
#2533=CARTESIAN_POINT('',(-15.7728007797907,-0.6,-37.6194915777713));
#2534=CARTESIAN_POINT('Ctrl Pts',(-15.7728007797436,-2.6,-37.6194915777477));
#2535=CARTESIAN_POINT('Ctrl Pts',(-15.7728007797436,-1.93333333333333,-37.6194915777477));
#2536=CARTESIAN_POINT('Ctrl Pts',(-15.7728007797907,-1.26666666666667,-37.6194915777713));
#2537=CARTESIAN_POINT('Ctrl Pts',(-15.7728007797907,-0.6,-37.6194915777713));
#2538=CARTESIAN_POINT('',(-16.183339398637,-0.6,-36.7191070779446));
#2539=CARTESIAN_POINT('Ctrl Pts',(-15.7728007797432,-0.600000000000001,
-37.6194915777487));
#2540=CARTESIAN_POINT('Ctrl Pts',(-15.9125155246684,-0.600000000000001,
-37.3246092077191));
#2541=CARTESIAN_POINT('Ctrl Pts',(-16.0493387196454,-0.600000000000001,
-37.0244778602765));
#2542=CARTESIAN_POINT('Ctrl Pts',(-16.183339398637,-0.600000000000001,-36.7191070779446));
#2543=CARTESIAN_POINT('Ctrl Pts',(-16.183339398637,-0.6,-36.7191070779446));
#2544=CARTESIAN_POINT('Ctrl Pts',(-16.183339398637,-1.26666666666667,-36.7191070779446));
#2545=CARTESIAN_POINT('Ctrl Pts',(-16.183339398637,-1.93333333333333,-36.7191070779446));
#2546=CARTESIAN_POINT('Ctrl Pts',(-16.183339398637,-2.6,-36.7191070779446));
#2547=CARTESIAN_POINT('',(-21.1014277516513,-0.6,-12.5788161337986));
#2548=CARTESIAN_POINT('Ctrl Pts',(-21.1014277516513,-2.6,-12.5788161337986));
#2549=CARTESIAN_POINT('Ctrl Pts',(-21.1014277516513,-1.93333333333333,-12.5788161337986));
#2550=CARTESIAN_POINT('Ctrl Pts',(-21.1014277516513,-1.26666666666667,-12.5788161337986));
#2551=CARTESIAN_POINT('Ctrl Pts',(-21.1014277516513,-0.6,-12.5788161337986));
#2552=CARTESIAN_POINT('',(-21.1665776895665,-0.6,-11.580940575123));
#2553=CARTESIAN_POINT('Ctrl Pts',(-21.1014277516513,-0.600000000000001,
-12.5788161337986));
#2554=CARTESIAN_POINT('Ctrl Pts',(-21.1241193365849,-0.600000000000001,
-12.2484329035365));
#2555=CARTESIAN_POINT('Ctrl Pts',(-21.1458354207594,-0.600000000000001,
-11.9158086635722));
#2556=CARTESIAN_POINT('Ctrl Pts',(-21.1665776895665,-0.600000000000001,
-11.580940575123));
#2557=CARTESIAN_POINT('Ctrl Pts',(-21.1665776895665,-0.6,-11.580940575123));
#2558=CARTESIAN_POINT('Ctrl Pts',(-21.1665776895665,-1.26666666666667,-11.580940575123));
#2559=CARTESIAN_POINT('Ctrl Pts',(-21.1665776895665,-1.93333333333333,-11.580940575123));
#2560=CARTESIAN_POINT('Ctrl Pts',(-21.1665776895665,-2.6,-11.580940575123));
#2561=CARTESIAN_POINT('Origin',(0.,1.6,0.));
#2562=CARTESIAN_POINT('',(-4.44089209850063E-15,1.6,-48.2));
#2563=CARTESIAN_POINT('Ctrl Pts',(-20.6950202424527,1.6,-1.50000000000003));
#2564=CARTESIAN_POINT('Ctrl Pts',(-20.6455381491336,1.6,-8.89125700125251));
#2565=CARTESIAN_POINT('Ctrl Pts',(-20.2271000513729,1.6,-15.3993084582343));
#2566=CARTESIAN_POINT('Ctrl Pts',(-19.4311472550143,1.6,-21.0388451613765));
#2567=CARTESIAN_POINT('Ctrl Pts',(-18.799300852993,1.6,-25.5156445284353));
#2568=CARTESIAN_POINT('Ctrl Pts',(-17.9306818182085,1.6,-29.4427135744031));
#2569=CARTESIAN_POINT('Ctrl Pts',(-16.8081368497043,1.6,-32.8353549046269));
#2570=CARTESIAN_POINT('Ctrl Pts',(-15.1573377448011,1.6,-37.8245263216558));
#2571=CARTESIAN_POINT('Ctrl Pts',(-12.9703257580479,1.6,-41.660327021105));
#2572=CARTESIAN_POINT('Ctrl Pts',(-10.0945855211646,1.6,-44.2987578955365));
#2573=CARTESIAN_POINT('Ctrl Pts',(-8.68202040420564,1.6,-45.5947565288375));
#2574=CARTESIAN_POINT('Ctrl Pts',(-7.09196973521021,1.6,-46.5936028224153));
#2575=CARTESIAN_POINT('Ctrl Pts',(-5.37720809412614,1.6,-47.2463853799957));
#2576=CARTESIAN_POINT('Ctrl Pts',(-3.70298020493213,1.6,-47.8837373811691));
#2577=CARTESIAN_POINT('Ctrl Pts',(-1.89034886184615,1.6,-48.2));
#2578=CARTESIAN_POINT('Ctrl Pts',(4.44089209850063E-15,1.6,-48.2));
#2579=CARTESIAN_POINT('',(20.7,1.6,3.5527136788005E-14));
#2580=CARTESIAN_POINT('Ctrl Pts',(-4.44089209850063E-15,1.6,-48.2));
#2581=CARTESIAN_POINT('Ctrl Pts',(1.89034886184615,1.6,-48.2));
#2582=CARTESIAN_POINT('Ctrl Pts',(3.70298020493213,1.6,-47.8837373811691));
#2583=CARTESIAN_POINT('Ctrl Pts',(5.37720809412614,1.6,-47.2463853799957));
#2584=CARTESIAN_POINT('Ctrl Pts',(7.09196973521021,1.6,-46.5936028224153));
#2585=CARTESIAN_POINT('Ctrl Pts',(8.68202040420564,1.6,-45.5947565288375));
#2586=CARTESIAN_POINT('Ctrl Pts',(10.0945855211646,1.6,-44.2987578955365));
#2587=CARTESIAN_POINT('Ctrl Pts',(12.9703257580479,1.6,-41.660327021105));
#2588=CARTESIAN_POINT('Ctrl Pts',(15.1573377448011,1.6,-37.8245263216558));
#2589=CARTESIAN_POINT('Ctrl Pts',(16.8081368497043,1.6,-32.8353549046269));
#2590=CARTESIAN_POINT('Ctrl Pts',(17.9306818182085,1.6,-29.4427135744031));
#2591=CARTESIAN_POINT('Ctrl Pts',(18.799300852993,1.6,-25.5156445284353));
#2592=CARTESIAN_POINT('Ctrl Pts',(19.4311472550143,1.6,-21.0388451613765));
#2593=CARTESIAN_POINT('Ctrl Pts',(20.2805157571332,1.6,-15.0208440134364));
#2594=CARTESIAN_POINT('Ctrl Pts',(20.7,1.6,-8.01384608473383));
#2595=CARTESIAN_POINT('Ctrl Pts',(20.7,1.6,-3.52772661317651E-14));
#2596=CARTESIAN_POINT('',(4.44089209850063E-15,1.6,48.2));
#2597=CARTESIAN_POINT('Ctrl Pts',(20.7,1.6,3.52772661317651E-14));
#2598=CARTESIAN_POINT('Ctrl Pts',(20.7,1.6,8.01384608473383));
#2599=CARTESIAN_POINT('Ctrl Pts',(20.2805157571332,1.6,15.0208440134364));
#2600=CARTESIAN_POINT('Ctrl Pts',(19.4311472550143,1.6,21.0388451613765));
#2601=CARTESIAN_POINT('Ctrl Pts',(18.799300852993,1.6,25.5156445284353));
#2602=CARTESIAN_POINT('Ctrl Pts',(17.9306818182085,1.6,29.4427135744031));
#2603=CARTESIAN_POINT('Ctrl Pts',(16.8081368497043,1.6,32.8353549046269));
#2604=CARTESIAN_POINT('Ctrl Pts',(15.1573377448011,1.6,37.8245263216558));
#2605=CARTESIAN_POINT('Ctrl Pts',(12.9703257580479,1.6,41.660327021105));
#2606=CARTESIAN_POINT('Ctrl Pts',(10.0945855211646,1.6,44.2987578955365));
#2607=CARTESIAN_POINT('Ctrl Pts',(8.68202040420564,1.6,45.5947565288375));
#2608=CARTESIAN_POINT('Ctrl Pts',(7.09196973521021,1.6,46.5936028224153));
#2609=CARTESIAN_POINT('Ctrl Pts',(5.37720809412614,1.6,47.2463853799957));
#2610=CARTESIAN_POINT('Ctrl Pts',(3.70298020493213,1.6,47.8837373811691));
#2611=CARTESIAN_POINT('Ctrl Pts',(1.89034886184615,1.6,48.2));
#2612=CARTESIAN_POINT('Ctrl Pts',(-4.44089209850063E-15,1.6,48.2));
#2613=CARTESIAN_POINT('Ctrl Pts',(4.44089209850063E-15,1.6,48.2));
#2614=CARTESIAN_POINT('Ctrl Pts',(-1.89034886184615,1.6,48.2));
#2615=CARTESIAN_POINT('Ctrl Pts',(-3.70298020493213,1.6,47.8837373811691));
#2616=CARTESIAN_POINT('Ctrl Pts',(-5.37720809412614,1.6,47.2463853799957));
#2617=CARTESIAN_POINT('Ctrl Pts',(-7.09196973521021,1.6,46.5936028224153));
#2618=CARTESIAN_POINT('Ctrl Pts',(-8.68202040420564,1.6,45.5947565288375));
#2619=CARTESIAN_POINT('Ctrl Pts',(-10.0945855211646,1.6,44.2987578955365));
#2620=CARTESIAN_POINT('Ctrl Pts',(-12.9703257580479,1.6,41.660327021105));
#2621=CARTESIAN_POINT('Ctrl Pts',(-15.1573377448011,1.6,37.8245263216558));
#2622=CARTESIAN_POINT('Ctrl Pts',(-16.8081368497043,1.6,32.8353549046269));
#2623=CARTESIAN_POINT('Ctrl Pts',(-17.9306818182085,1.6,29.4427135744031));
#2624=CARTESIAN_POINT('Ctrl Pts',(-18.799300852993,1.6,25.5156445284353));
#2625=CARTESIAN_POINT('Ctrl Pts',(-19.4311472550143,1.6,21.0388451613765));
#2626=CARTESIAN_POINT('Ctrl Pts',(-20.2271000513729,1.6,15.3993084582343));
#2627=CARTESIAN_POINT('Ctrl Pts',(-20.6455381491336,1.6,8.89125700125247));
#2628=CARTESIAN_POINT('Ctrl Pts',(-20.6950202424527,1.6,1.49999999999997));
#2629=CARTESIAN_POINT('',(4.44089209850063E-15,1.6,49.));
#2630=CARTESIAN_POINT('Ctrl Pts',(-21.4950441466291,1.6,1.49999999999997));
#2631=CARTESIAN_POINT('Ctrl Pts',(-21.445603571579,1.6,8.92056484093955));
#2632=CARTESIAN_POINT('Ctrl Pts',(-21.0259559786957,1.6,15.4635913270565));
#2633=CARTESIAN_POINT('Ctrl Pts',(-20.2232963825214,1.6,21.1506474859932));
#2634=CARTESIAN_POINT('Ctrl Pts',(-19.5862703650429,1.6,25.6641458025541));
#2635=CARTESIAN_POINT('Ctrl Pts',(-18.7095255620093,1.6,29.6355674677244));
#2636=CARTESIAN_POINT('Ctrl Pts',(-17.5676414443483,1.6,33.0866570548655));
#2637=CARTESIAN_POINT('Ctrl Pts',(-16.0522867821108,1.6,37.6664779095299));
#2638=CARTESIAN_POINT('Ctrl Pts',(-14.0830355715076,1.6,41.3255093312194));
#2639=CARTESIAN_POINT('Ctrl Pts',(-11.4974025619213,1.6,44.0412910797391));
#2640=CARTESIAN_POINT('Ctrl Pts',(-11.217399660982,1.6,44.335388024311));
#2641=CARTESIAN_POINT('Ctrl Pts',(-10.9301054424212,1.6,44.6178798979397));
#2642=CARTESIAN_POINT('Ctrl Pts',(-10.6354253362543,1.6,44.8882426658348));
#2643=CARTESIAN_POINT('Ctrl Pts',(-9.15559809765028,1.6,46.2459528738296));
#2644=CARTESIAN_POINT('Ctrl Pts',(-7.47350347626344,1.6,47.3043666100296));
#2645=CARTESIAN_POINT('Ctrl Pts',(-5.66182921153989,1.6,47.9940422662223));
#2646=CARTESIAN_POINT('Ctrl Pts',(-3.89281501527711,1.6,48.6674779110168));
#2647=CARTESIAN_POINT('Ctrl Pts',(-1.97718332033701,1.6,49.));
#2648=CARTESIAN_POINT('Ctrl Pts',(4.44089209850063E-15,1.6,49.));
#2649=CARTESIAN_POINT('',(21.5,1.6,-3.5527136788005E-14));
#2650=CARTESIAN_POINT('Ctrl Pts',(-4.44089209850063E-15,1.6,49.));
#2651=CARTESIAN_POINT('Ctrl Pts',(1.97718332033701,1.6,49.));
#2652=CARTESIAN_POINT('Ctrl Pts',(3.89281501527711,1.6,48.6674779110168));
#2653=CARTESIAN_POINT('Ctrl Pts',(5.66182921153989,1.6,47.9940422662223));
#2654=CARTESIAN_POINT('Ctrl Pts',(7.47350347626344,1.6,47.3043666100296));
#2655=CARTESIAN_POINT('Ctrl Pts',(9.15559809765028,1.6,46.2459528738296));
#2656=CARTESIAN_POINT('Ctrl Pts',(10.6354253362543,1.6,44.8882426658348));
#2657=CARTESIAN_POINT('Ctrl Pts',(10.9301054424212,1.6,44.6178798979397));
#2658=CARTESIAN_POINT('Ctrl Pts',(11.217399660982,1.6,44.335388024311));
#2659=CARTESIAN_POINT('Ctrl Pts',(11.4974025619213,1.6,44.0412910797391));
#2660=CARTESIAN_POINT('Ctrl Pts',(14.0830355715076,1.6,41.3255093312194));
#2661=CARTESIAN_POINT('Ctrl Pts',(16.0522867821108,1.6,37.6664779095299));
#2662=CARTESIAN_POINT('Ctrl Pts',(17.5676414443483,1.6,33.0866570548655));
#2663=CARTESIAN_POINT('Ctrl Pts',(18.7095255620093,1.6,29.6355674677244));
#2664=CARTESIAN_POINT('Ctrl Pts',(19.5862703650429,1.6,25.6641458025541));
#2665=CARTESIAN_POINT('Ctrl Pts',(20.2232963825214,1.6,21.1506474859932));
#2666=CARTESIAN_POINT('Ctrl Pts',(21.0796149910328,1.6,15.0834029906206));
#2667=CARTESIAN_POINT('Ctrl Pts',(21.5,1.6,8.04191689805426));
#2668=CARTESIAN_POINT('Ctrl Pts',(21.5,1.6,3.52772661317651E-14));
#2669=CARTESIAN_POINT('Ctrl Pts',(21.5,1.6,-3.52772661317651E-14));
#2670=CARTESIAN_POINT('Ctrl Pts',(21.5,1.6,-8.04191689805426));
#2671=CARTESIAN_POINT('Ctrl Pts',(21.0796149910328,1.6,-15.0834029906206));
#2672=CARTESIAN_POINT('Ctrl Pts',(20.2232963825214,1.6,-21.1506474859932));
#2673=CARTESIAN_POINT('Ctrl Pts',(19.5862703650429,1.6,-25.6641458025541));
#2674=CARTESIAN_POINT('Ctrl Pts',(18.7095255620093,1.6,-29.6355674677244));
#2675=CARTESIAN_POINT('Ctrl Pts',(17.5676414443483,1.6,-33.0866570548655));
#2676=CARTESIAN_POINT('Ctrl Pts',(16.0522867821108,1.6,-37.6664779095299));
#2677=CARTESIAN_POINT('Ctrl Pts',(14.0830355715076,1.6,-41.3255093312194));
#2678=CARTESIAN_POINT('Ctrl Pts',(11.4974025619213,1.6,-44.0412910797391));
#2679=CARTESIAN_POINT('Ctrl Pts',(11.217399660982,1.6,-44.335388024311));
#2680=CARTESIAN_POINT('Ctrl Pts',(10.9301054424212,1.6,-44.6178798979397));
#2681=CARTESIAN_POINT('Ctrl Pts',(10.6354253362543,1.6,-44.8882426658348));
#2682=CARTESIAN_POINT('Ctrl Pts',(9.15559809765028,1.6,-46.2459528738296));
#2683=CARTESIAN_POINT('Ctrl Pts',(7.47350347626344,1.6,-47.3043666100296));
#2684=CARTESIAN_POINT('Ctrl Pts',(5.66182921153989,1.6,-47.9940422662223));
#2685=CARTESIAN_POINT('Ctrl Pts',(3.89281501527711,1.6,-48.6674779110168));
#2686=CARTESIAN_POINT('Ctrl Pts',(1.97718332033701,1.6,-49.));
#2687=CARTESIAN_POINT('Ctrl Pts',(-4.44089209850063E-15,1.6,-49.));
#2688=CARTESIAN_POINT('Ctrl Pts',(4.44089209850063E-15,-1.6,48.2));
#2689=CARTESIAN_POINT('Ctrl Pts',(4.44089209850063E-15,1.6,48.2));
#2690=CARTESIAN_POINT('Ctrl Pts',(-1.89034886184615,-1.6,48.2));
#2691=CARTESIAN_POINT('Ctrl Pts',(-1.89034886184615,1.6,48.2));
#2692=CARTESIAN_POINT('Ctrl Pts',(-3.70298020493213,-1.6,47.8837373811691));
#2693=CARTESIAN_POINT('Ctrl Pts',(-3.70298020493213,1.6,47.8837373811691));
#2694=CARTESIAN_POINT('Ctrl Pts',(-5.37720809412614,-1.6,47.2463853799957));
#2695=CARTESIAN_POINT('Ctrl Pts',(-5.37720809412614,1.6,47.2463853799957));
#2696=CARTESIAN_POINT('Ctrl Pts',(-7.09196973521021,-1.6,46.5936028224153));
#2697=CARTESIAN_POINT('Ctrl Pts',(-7.09196973521021,1.6,46.5936028224153));
#2698=CARTESIAN_POINT('Ctrl Pts',(-8.68202040420564,-1.6,45.5947565288375));
#2699=CARTESIAN_POINT('Ctrl Pts',(-8.68202040420564,1.6,45.5947565288375));
#2700=CARTESIAN_POINT('Ctrl Pts',(-10.0945855211646,-1.6,44.2987578955365));
#2701=CARTESIAN_POINT('Ctrl Pts',(-10.0945855211646,1.6,44.2987578955365));
#2702=CARTESIAN_POINT('Ctrl Pts',(-12.9703257580479,-1.6,41.660327021105));
#2703=CARTESIAN_POINT('Ctrl Pts',(-12.9703257580479,1.6,41.660327021105));
#2704=CARTESIAN_POINT('Ctrl Pts',(-15.1573377448011,-1.6,37.8245263216558));
#2705=CARTESIAN_POINT('Ctrl Pts',(-15.1573377448011,1.6,37.8245263216558));
#2706=CARTESIAN_POINT('Ctrl Pts',(-16.8081368497043,-1.6,32.8353549046269));
#2707=CARTESIAN_POINT('Ctrl Pts',(-16.8081368497043,1.6,32.8353549046269));
#2708=CARTESIAN_POINT('Ctrl Pts',(-17.9306818182085,-1.6,29.4427135744031));
#2709=CARTESIAN_POINT('Ctrl Pts',(-17.9306818182085,1.6,29.4427135744031));
#2710=CARTESIAN_POINT('Ctrl Pts',(-18.799300852993,-1.6,25.5156445284353));
#2711=CARTESIAN_POINT('Ctrl Pts',(-18.799300852993,1.6,25.5156445284353));
#2712=CARTESIAN_POINT('Ctrl Pts',(-19.4311472550143,-1.6,21.0388451613765));
#2713=CARTESIAN_POINT('Ctrl Pts',(-19.4311472550143,1.6,21.0388451613765));
#2714=CARTESIAN_POINT('Ctrl Pts',(-20.2805157571332,-1.6,15.0208440134364));
#2715=CARTESIAN_POINT('Ctrl Pts',(-20.2805157571332,1.6,15.0208440134364));
#2716=CARTESIAN_POINT('Ctrl Pts',(-20.7,-1.6,8.01384608473383));
#2717=CARTESIAN_POINT('Ctrl Pts',(-20.7,1.6,8.01384608473383));
#2718=CARTESIAN_POINT('Ctrl Pts',(-20.7,-1.6,3.52772661317651E-14));
#2719=CARTESIAN_POINT('Ctrl Pts',(-20.7,1.6,3.52772661317651E-14));
#2720=CARTESIAN_POINT('',(4.44089209850063E-15,-1.6,48.2));
#2721=CARTESIAN_POINT('',(4.44089209850063E-15,-1.6,48.2));
#2722=CARTESIAN_POINT('Ctrl Pts',(-20.6950202424527,-1.6,1.49999999999997));
#2723=CARTESIAN_POINT('Ctrl Pts',(-20.6455381491336,-1.6,8.89125700125247));
#2724=CARTESIAN_POINT('Ctrl Pts',(-20.2271000513729,-1.6,15.3993084582343));
#2725=CARTESIAN_POINT('Ctrl Pts',(-19.4311472550143,-1.6,21.0388451613765));
#2726=CARTESIAN_POINT('Ctrl Pts',(-18.799300852993,-1.6,25.5156445284353));
#2727=CARTESIAN_POINT('Ctrl Pts',(-17.9306818182085,-1.6,29.4427135744031));
#2728=CARTESIAN_POINT('Ctrl Pts',(-16.8081368497043,-1.6,32.8353549046269));
#2729=CARTESIAN_POINT('Ctrl Pts',(-15.1573377448011,-1.6,37.8245263216558));
#2730=CARTESIAN_POINT('Ctrl Pts',(-12.9703257580479,-1.6,41.660327021105));
#2731=CARTESIAN_POINT('Ctrl Pts',(-10.0945855211646,-1.6,44.2987578955365));
#2732=CARTESIAN_POINT('Ctrl Pts',(-8.68202040420564,-1.6,45.5947565288375));
#2733=CARTESIAN_POINT('Ctrl Pts',(-7.09196973521021,-1.6,46.5936028224153));
#2734=CARTESIAN_POINT('Ctrl Pts',(-5.37720809412614,-1.6,47.2463853799957));
#2735=CARTESIAN_POINT('Ctrl Pts',(-3.70298020493213,-1.6,47.8837373811691));
#2736=CARTESIAN_POINT('Ctrl Pts',(-1.89034886184615,-1.6,48.2));
#2737=CARTESIAN_POINT('Ctrl Pts',(4.44089209850063E-15,-1.6,48.2));
#2738=CARTESIAN_POINT('Ctrl Pts',(-20.7,-1.6,-3.52772661317651E-14));
#2739=CARTESIAN_POINT('Ctrl Pts',(-20.7,1.6,-3.52772661317651E-14));
#2740=CARTESIAN_POINT('Ctrl Pts',(-20.7,-1.6,-8.01384608473383));
#2741=CARTESIAN_POINT('Ctrl Pts',(-20.7,1.6,-8.01384608473383));
#2742=CARTESIAN_POINT('Ctrl Pts',(-20.2805157571332,-1.6,-15.0208440134364));
#2743=CARTESIAN_POINT('Ctrl Pts',(-20.2805157571332,1.6,-15.0208440134364));
#2744=CARTESIAN_POINT('Ctrl Pts',(-19.4311472550143,-1.6,-21.0388451613765));
#2745=CARTESIAN_POINT('Ctrl Pts',(-19.4311472550143,1.6,-21.0388451613765));
#2746=CARTESIAN_POINT('Ctrl Pts',(-18.799300852993,-1.6,-25.5156445284353));
#2747=CARTESIAN_POINT('Ctrl Pts',(-18.799300852993,1.6,-25.5156445284353));
#2748=CARTESIAN_POINT('Ctrl Pts',(-17.9306818182085,-1.6,-29.4427135744031));
#2749=CARTESIAN_POINT('Ctrl Pts',(-17.9306818182085,1.6,-29.4427135744031));
#2750=CARTESIAN_POINT('Ctrl Pts',(-16.8081368497043,-1.6,-32.8353549046269));
#2751=CARTESIAN_POINT('Ctrl Pts',(-16.8081368497043,1.6,-32.8353549046269));
#2752=CARTESIAN_POINT('Ctrl Pts',(-15.1573377448011,-1.6,-37.8245263216558));
#2753=CARTESIAN_POINT('Ctrl Pts',(-15.1573377448011,1.6,-37.8245263216558));
#2754=CARTESIAN_POINT('Ctrl Pts',(-12.9703257580479,-1.6,-41.660327021105));
#2755=CARTESIAN_POINT('Ctrl Pts',(-12.9703257580479,1.6,-41.660327021105));
#2756=CARTESIAN_POINT('Ctrl Pts',(-10.0945855211646,-1.6,-44.2987578955365));
#2757=CARTESIAN_POINT('Ctrl Pts',(-10.0945855211646,1.6,-44.2987578955365));
#2758=CARTESIAN_POINT('Ctrl Pts',(-8.68202040420564,-1.6,-45.5947565288375));
#2759=CARTESIAN_POINT('Ctrl Pts',(-8.68202040420564,1.6,-45.5947565288375));
#2760=CARTESIAN_POINT('Ctrl Pts',(-7.09196973521021,-1.6,-46.5936028224153));
#2761=CARTESIAN_POINT('Ctrl Pts',(-7.09196973521021,1.6,-46.5936028224153));
#2762=CARTESIAN_POINT('Ctrl Pts',(-5.37720809412614,-1.6,-47.2463853799957));
#2763=CARTESIAN_POINT('Ctrl Pts',(-5.37720809412614,1.6,-47.2463853799957));
#2764=CARTESIAN_POINT('Ctrl Pts',(-3.70298020493213,-1.6,-47.8837373811691));
#2765=CARTESIAN_POINT('Ctrl Pts',(-3.70298020493213,1.6,-47.8837373811691));
#2766=CARTESIAN_POINT('Ctrl Pts',(-1.89034886184615,-1.6,-48.2));
#2767=CARTESIAN_POINT('Ctrl Pts',(-1.89034886184615,1.6,-48.2));
#2768=CARTESIAN_POINT('Ctrl Pts',(4.44089209850063E-15,-1.6,-48.2));
#2769=CARTESIAN_POINT('Ctrl Pts',(4.44089209850063E-15,1.6,-48.2));
#2770=CARTESIAN_POINT('',(-4.44089209850063E-15,-1.6,-48.2));
#2771=CARTESIAN_POINT('Ctrl Pts',(4.44089209850063E-15,-1.6,-48.2));
#2772=CARTESIAN_POINT('Ctrl Pts',(-1.89034886184615,-1.6,-48.2));
#2773=CARTESIAN_POINT('Ctrl Pts',(-3.70298020493213,-1.6,-47.8837373811691));
#2774=CARTESIAN_POINT('Ctrl Pts',(-5.37720809412614,-1.6,-47.2463853799957));
#2775=CARTESIAN_POINT('Ctrl Pts',(-7.09196973521021,-1.6,-46.5936028224153));
#2776=CARTESIAN_POINT('Ctrl Pts',(-8.68202040420564,-1.6,-45.5947565288375));
#2777=CARTESIAN_POINT('Ctrl Pts',(-10.0945855211646,-1.6,-44.2987578955365));
#2778=CARTESIAN_POINT('Ctrl Pts',(-12.9703257580479,-1.6,-41.660327021105));
#2779=CARTESIAN_POINT('Ctrl Pts',(-15.1573377448011,-1.6,-37.8245263216558));
#2780=CARTESIAN_POINT('Ctrl Pts',(-16.8081368497043,-1.6,-32.8353549046269));
#2781=CARTESIAN_POINT('Ctrl Pts',(-17.9306818182085,-1.6,-29.4427135744031));
#2782=CARTESIAN_POINT('Ctrl Pts',(-18.799300852993,-1.6,-25.5156445284353));
#2783=CARTESIAN_POINT('Ctrl Pts',(-19.4311472550143,-1.6,-21.0388451613765));
#2784=CARTESIAN_POINT('Ctrl Pts',(-20.2271000513729,-1.6,-15.3993084582343));
#2785=CARTESIAN_POINT('Ctrl Pts',(-20.6455381491336,-1.6,-8.89125700125251));
#2786=CARTESIAN_POINT('Ctrl Pts',(-20.6950202424527,-1.6,-1.50000000000003));
#2787=CARTESIAN_POINT('',(-4.44089209850063E-15,-1.6,-48.2));
#2788=CARTESIAN_POINT('Origin',(-16.0758996902048,-0.75,-37.4902302841885));
#2789=CARTESIAN_POINT('',(-16.5456988337665,-0.9,-36.8885049521126));
#2790=CARTESIAN_POINT('',(-16.2738240575985,-0.6,-36.7614073670689));
#2791=CARTESIAN_POINT('',(-16.6315714453692,-0.99475606322853,-36.9286491747946));
#2792=CARTESIAN_POINT('',(-15.8290390352545,-0.6,-37.647714233666));
#2793=CARTESIAN_POINT('',(-15.941834476291,-0.6,-37.4229508785858));
#2794=CARTESIAN_POINT('',(-16.0971694630821,-0.9,-37.7822730448713));
#2795=CARTESIAN_POINT('',(-16.1054541015351,-0.909269337896639,-37.7864306151647));
#2796=CARTESIAN_POINT('',(-16.2099649041186,-0.9,-37.5575096897911));
#2797=CARTESIAN_POINT('Origin',(-16.1592498067548,-0.6,-37.250690061408));
#2798=CARTESIAN_POINT('',(-16.183339398637,-0.6,-36.7191070779446));
#2799=CARTESIAN_POINT('',(-16.0971694630821,-0.6,-37.7822730448713));
#2800=CARTESIAN_POINT('Origin',(-16.5456988337665,-1.6,-36.8885049521126));
#2801=CARTESIAN_POINT('',(-16.5456988337665,-1.6,-36.8885049521126));
#2802=CARTESIAN_POINT('Origin',(-21.3674748975956,-0.75,-12.3455643660777));
#2803=CARTESIAN_POINT('',(-21.5657377789263,-0.9,-11.6068485480703));
#2804=CARTESIAN_POINT('',(-21.2663677119065,-0.6,-11.5874175683598));
#2805=CARTESIAN_POINT('',(-21.6655278012663,-1.,-11.6133255413071));
#2806=CARTESIAN_POINT('',(-21.2015977795381,-0.6,-12.5853177917594));
#2807=CARTESIAN_POINT('',(-21.2177898640857,-0.6,-12.3358488762225));
#2808=CARTESIAN_POINT('',(-21.500967846558,-0.9,-12.6047487714699));
#2809=CARTESIAN_POINT('',(-21.5008728451713,-0.899904798711857,-12.6047426052889));
#2810=CARTESIAN_POINT('',(-21.5171599311055,-0.9,-12.355279855933));
#2811=CARTESIAN_POINT('Origin',(-21.3335827652888,-0.6,-12.0928446732964));
#2812=CARTESIAN_POINT('',(-21.1665776895665,-0.6,-11.580940575123));
#2813=CARTESIAN_POINT('',(-21.500967846558,-0.6,-12.6047487714699));
#2814=CARTESIAN_POINT('Origin',(-21.5657377789263,-1.6,-11.6068485480703));
#2815=CARTESIAN_POINT('',(-21.5657377789263,-1.6,-11.6068485480703));
#2816=CARTESIAN_POINT('Origin',(-21.3998598637798,-0.75,11.8466142543779));
#2817=CARTESIAN_POINT('',(-21.500967846558,-0.9,12.6047487714699));
#2818=CARTESIAN_POINT('',(-21.2015977795381,-0.6,12.5853177917594));
#2819=CARTESIAN_POINT('',(-21.6007578688979,-1.00000000000001,12.6112257647068));
#2820=CARTESIAN_POINT('',(-21.2663677119065,-0.6,11.5874175683598));
#2821=CARTESIAN_POINT('',(-21.2501748302698,-0.6,11.8368987645227));
#2822=CARTESIAN_POINT('',(-21.5657377789263,-0.9,11.6068485480703));
#2823=CARTESIAN_POINT('',(-21.5657377789263,-0.900000000000002,11.6068485480703));
#2824=CARTESIAN_POINT('',(-21.5495448972897,-0.9,11.8563297442332));
#2825=CARTESIAN_POINT('Origin',(-21.3335827652888,-0.6,12.0928446732964));
#2826=CARTESIAN_POINT('',(-21.1014277516513,-0.6,12.5788161337986));
#2827=CARTESIAN_POINT('',(-21.500967846558,-0.6,12.6047487714699));
#2828=CARTESIAN_POINT('',(-21.1665776895665,-0.6,11.580940575123));
#2829=CARTESIAN_POINT('Ctrl Pts',(-21.1665776895665,-0.600000000000001,
11.580940575123));
#2830=CARTESIAN_POINT('Ctrl Pts',(-21.1458354207594,-0.600000000000001,
11.9158086635722));
#2831=CARTESIAN_POINT('Ctrl Pts',(-21.1241193365849,-0.600000000000001,
12.2484329035365));
#2832=CARTESIAN_POINT('Ctrl Pts',(-21.1014277516513,-0.600000000000001,
12.5788161337986));
#2833=CARTESIAN_POINT('',(-21.1665776895665,-0.6,11.580940575123));
#2834=CARTESIAN_POINT('Origin',(-21.500967846558,-1.6,12.6047487714699));
#2835=CARTESIAN_POINT('',(-21.500967846558,-1.6,12.6047487714699));
#2836=CARTESIAN_POINT('Ctrl Pts',(-21.1014277516513,-0.6,12.5788161337986));
#2837=CARTESIAN_POINT('Ctrl Pts',(-21.1014277516513,-1.26666666666667,12.5788161337986));
#2838=CARTESIAN_POINT('Ctrl Pts',(-21.1014277516513,-1.93333333333333,12.5788161337986));
#2839=CARTESIAN_POINT('Ctrl Pts',(-21.1014277516513,-2.6,12.5788161337986));
#2840=CARTESIAN_POINT('Origin',(-16.3001643755469,-0.75,37.0433462378091));
#2841=CARTESIAN_POINT('',(-16.0971694630821,-0.9,37.7822730448713));
#2842=CARTESIAN_POINT('',(-15.8290390352545,-0.6,37.647714233666));
#2843=CARTESIAN_POINT('',(-16.186546272358,-0.999999999999998,37.8271259819397));
#2844=CARTESIAN_POINT('',(-16.2738240575985,-0.6,36.7614073670689));
#2845=CARTESIAN_POINT('',(-16.1660991616331,-0.6,36.9760668322065));
#2846=CARTESIAN_POINT('',(-16.5456988337665,-0.9,36.8885049521126));
#2847=CARTESIAN_POINT('',(-16.5440975649537,-0.898233081234647,36.8877563817525));
#2848=CARTESIAN_POINT('',(-16.4342295894607,-0.9,37.1106256434118));
#2849=CARTESIAN_POINT('Origin',(-16.1592498067548,-0.6,37.250690061408));
#2850=CARTESIAN_POINT('',(-15.7728007797431,-0.6,37.6194915777487));
#2851=CARTESIAN_POINT('',(-16.0971694630821,-0.6,37.7822730448713));
#2852=CARTESIAN_POINT('',(-16.183339398637,-0.6,36.7191070779446));
#2853=CARTESIAN_POINT('Ctrl Pts',(-16.183339398637,-0.600000000000001,36.7191070779446));
#2854=CARTESIAN_POINT('Ctrl Pts',(-16.0493387196454,-0.600000000000001,
37.0244778602765));
#2855=CARTESIAN_POINT('Ctrl Pts',(-15.9125155246683,-0.600000000000001,
37.3246092077191));
#2856=CARTESIAN_POINT('Ctrl Pts',(-15.7728007797432,-0.600000000000001,
37.6194915777487));
#2857=CARTESIAN_POINT('',(-16.183339398637,-0.6,36.7191070779446));
#2858=CARTESIAN_POINT('Origin',(-16.0971694630821,-1.6,37.7822730448713));
#2859=CARTESIAN_POINT('',(-16.0971694630821,-1.6,37.7822730448713));
#2860=CARTESIAN_POINT('Ctrl Pts',(-15.7728007797431,-0.6,37.6194915777487));
#2861=CARTESIAN_POINT('Ctrl Pts',(-15.7728007797431,-1.26666666666667,37.6194915777487));
#2862=CARTESIAN_POINT('Ctrl Pts',(-15.7728007797436,-1.93333333333333,37.6194915777477));
#2863=CARTESIAN_POINT('Ctrl Pts',(-15.7728007797436,-2.6,37.6194915777477));
#2864=CARTESIAN_POINT('Origin',(16.3001643755469,-0.75,-37.0433462378091));
#2865=CARTESIAN_POINT('',(16.0971694630821,-0.9,-37.7822730448713));
#2866=CARTESIAN_POINT('',(15.8290390352545,-0.6,-37.647714233666));
#2867=CARTESIAN_POINT('',(16.186546272358,-1.,-37.8271259819397));
#2868=CARTESIAN_POINT('',(16.2738240575985,-0.6,-36.7614073670689));
#2869=CARTESIAN_POINT('',(16.1660991616331,-0.6,-36.9760668322065));
#2870=CARTESIAN_POINT('',(16.5456988337665,-0.9,-36.8885049521126));
#2871=CARTESIAN_POINT('',(16.5440975649537,-0.898233081234648,-36.8877563817525));
#2872=CARTESIAN_POINT('',(16.4342295894607,-0.9,-37.1106256434118));
#2873=CARTESIAN_POINT('Origin',(16.1592498067548,-0.6,-37.250690061408));
#2874=CARTESIAN_POINT('',(15.7728007797907,-0.6,-37.6194915777713));
#2875=CARTESIAN_POINT('',(16.0971694630821,-0.6,-37.7822730448713));
#2876=CARTESIAN_POINT('',(16.183339398637,-0.6,-36.7191070779446));
#2877=CARTESIAN_POINT('Ctrl Pts',(16.183339398637,-0.600000000000001,-36.7191070779446));
#2878=CARTESIAN_POINT('Ctrl Pts',(16.0493387196455,-0.600000000000001,-37.0244778602765));
#2879=CARTESIAN_POINT('Ctrl Pts',(15.9125155246683,-0.600000000000001,-37.3246092077191));
#2880=CARTESIAN_POINT('Ctrl Pts',(15.7728007797432,-0.600000000000001,-37.6194915777487));
#2881=CARTESIAN_POINT('',(16.183339398637,-0.6,-36.7191070779446));
#2882=CARTESIAN_POINT('Origin',(16.0971694630821,-1.6,-37.7822730448713));
#2883=CARTESIAN_POINT('',(16.0971694630821,-1.6,-37.7822730448713));
#2884=CARTESIAN_POINT('Ctrl Pts',(15.7728007797907,-0.6,-37.6194915777713));
#2885=CARTESIAN_POINT('Ctrl Pts',(15.7728007797907,-1.26666666666667,-37.6194915777713));
#2886=CARTESIAN_POINT('Ctrl Pts',(15.7728007797436,-1.93333333333333,-37.6194915777477));
#2887=CARTESIAN_POINT('Ctrl Pts',(15.7728007797436,-2.6,-37.6194915777477));
#2888=CARTESIAN_POINT('Origin',(21.3998598637798,-0.75,-11.8466142543779));
#2889=CARTESIAN_POINT('',(21.500967846558,-0.9,-12.6047487714699));
#2890=CARTESIAN_POINT('',(21.2015977795381,-0.6,-12.5853177917594));
#2891=CARTESIAN_POINT('',(21.6007578688979,-0.999999999999999,-12.6112257647068));
#2892=CARTESIAN_POINT('',(21.2663677119064,-0.6,-11.5874175683598));
#2893=CARTESIAN_POINT('',(21.2501748302698,-0.6,-11.8368987645227));
#2894=CARTESIAN_POINT('',(21.5657377789263,-0.9,-11.6068485480703));
#2895=CARTESIAN_POINT('',(21.5657377789263,-0.899999999999998,-11.6068485480703));
#2896=CARTESIAN_POINT('',(21.5495448972897,-0.9,-11.8563297442332));
#2897=CARTESIAN_POINT('Origin',(21.3335827652888,-0.6,-12.0928446732964));
#2898=CARTESIAN_POINT('',(21.1014277516513,-0.6,-12.5788161337986));
#2899=CARTESIAN_POINT('',(21.500967846558,-0.6,-12.6047487714699));
#2900=CARTESIAN_POINT('',(21.1665776895665,-0.6,-11.580940575123));
#2901=CARTESIAN_POINT('Ctrl Pts',(21.1665776895665,-0.600000000000001,-11.580940575123));
#2902=CARTESIAN_POINT('Ctrl Pts',(21.1458354207594,-0.600000000000001,-11.9158086635722));
#2903=CARTESIAN_POINT('Ctrl Pts',(21.1241193365849,-0.600000000000001,-12.2484329035365));
#2904=CARTESIAN_POINT('Ctrl Pts',(21.1014277516513,-0.600000000000001,-12.5788161337986));
#2905=CARTESIAN_POINT('',(21.1665776895665,-0.6,-11.580940575123));
#2906=CARTESIAN_POINT('Origin',(21.500967846558,-1.6,-12.6047487714699));
#2907=CARTESIAN_POINT('',(21.500967846558,-1.6,-12.6047487714699));
#2908=CARTESIAN_POINT('Ctrl Pts',(21.1014277516513,-0.6,-12.5788161337986));
#2909=CARTESIAN_POINT('Ctrl Pts',(21.1014277516513,-1.26666666666667,-12.5788161337986));
#2910=CARTESIAN_POINT('Ctrl Pts',(21.1014277516513,-1.93333333333333,-12.5788161337986));
#2911=CARTESIAN_POINT('Ctrl Pts',(21.1014277516513,-2.6,-12.5788161337986));
#2912=CARTESIAN_POINT('Origin',(21.3674748975956,-0.75,12.3455643660777));
#2913=CARTESIAN_POINT('',(21.5657377789263,-0.9,11.6068485480703));
#2914=CARTESIAN_POINT('',(21.2663677119064,-0.6,11.5874175683598));
#2915=CARTESIAN_POINT('',(21.6655278012663,-0.999999999999998,11.6133255413071));
#2916=CARTESIAN_POINT('',(21.2015977795381,-0.6,12.5853177917594));
#2917=CARTESIAN_POINT('',(21.2177898640857,-0.6,12.3358488762225));
#2918=CARTESIAN_POINT('',(21.500967846558,-0.9,12.6047487714699));
#2919=CARTESIAN_POINT('',(21.5008728451713,-0.899904798711855,12.6047426052889));
#2920=CARTESIAN_POINT('',(21.5171599311055,-0.9,12.355279855933));
#2921=CARTESIAN_POINT('Origin',(21.3335827652888,-0.6,12.0928446732964));
#2922=CARTESIAN_POINT('',(21.1665776895665,-0.6,11.580940575123));
#2923=CARTESIAN_POINT('',(21.1665776895665,-0.6,11.580940575123));
#2924=CARTESIAN_POINT('',(21.1014277516513,-0.6,12.5788161337986));
#2925=CARTESIAN_POINT('Ctrl Pts',(21.1014277516513,-0.600000000000001,12.5788161337986));
#2926=CARTESIAN_POINT('Ctrl Pts',(21.1241193365849,-0.600000000000001,12.2484329035365));
#2927=CARTESIAN_POINT('Ctrl Pts',(21.1458354207594,-0.600000000000001,11.9158086635722));
#2928=CARTESIAN_POINT('Ctrl Pts',(21.1665776895665,-0.600000000000001,11.580940575123));
#2929=CARTESIAN_POINT('',(21.500967846558,-0.6,12.6047487714699));
#2930=CARTESIAN_POINT('Origin',(21.5657377789263,-1.6,11.6068485480703));
#2931=CARTESIAN_POINT('',(21.5657377789263,-1.6,11.6068485480703));
#2932=CARTESIAN_POINT('Ctrl Pts',(21.1665776895665,-0.6,11.580940575123));
#2933=CARTESIAN_POINT('Ctrl Pts',(21.1665776895665,-1.26666666666667,11.580940575123));
#2934=CARTESIAN_POINT('Ctrl Pts',(21.1665776895665,-1.93333333333333,11.580940575123));
#2935=CARTESIAN_POINT('Ctrl Pts',(21.1665776895665,-2.6,11.580940575123));
#2936=CARTESIAN_POINT('Origin',(16.0758996902048,-0.75,37.4902302841885));
#2937=CARTESIAN_POINT('',(16.5456988337665,-0.9,36.8885049521126));
#2938=CARTESIAN_POINT('',(16.2738240575985,-0.6,36.7614073670689));
#2939=CARTESIAN_POINT('',(16.6315714453692,-0.994756063228532,36.9286491747946));
#2940=CARTESIAN_POINT('',(15.8290390352545,-0.6,37.647714233666));
#2941=CARTESIAN_POINT('',(15.941834476291,-0.6,37.4229508785858));
#2942=CARTESIAN_POINT('',(16.0971694630821,-0.9,37.7822730448713));
#2943=CARTESIAN_POINT('',(16.1054541015351,-0.909269337896639,37.7864306151647));
#2944=CARTESIAN_POINT('',(16.2099649041186,-0.9,37.5575096897911));
#2945=CARTESIAN_POINT('Origin',(16.1592498067548,-0.6,37.250690061408));
#2946=CARTESIAN_POINT('',(16.183339398637,-0.6,36.7191070779446));
#2947=CARTESIAN_POINT('',(16.183339398637,-0.6,36.7191070779446));
#2948=CARTESIAN_POINT('',(15.7728007797431,-0.6,37.6194915777488));
#2949=CARTESIAN_POINT('Ctrl Pts',(15.7728007797432,-0.600000000000001,37.6194915777487));
#2950=CARTESIAN_POINT('Ctrl Pts',(15.9125155246684,-0.600000000000001,37.3246092077191));
#2951=CARTESIAN_POINT('Ctrl Pts',(16.0493387196454,-0.600000000000001,37.0244778602765));
#2952=CARTESIAN_POINT('Ctrl Pts',(16.183339398637,-0.600000000000001,36.7191070779446));
#2953=CARTESIAN_POINT('',(16.0971694630821,-0.6,37.7822730448713));
#2954=CARTESIAN_POINT('Origin',(16.5456988337665,-1.6,36.8885049521126));
#2955=CARTESIAN_POINT('',(16.5456988337665,-1.6,36.8885049521126));
#2956=CARTESIAN_POINT('Ctrl Pts',(16.183339398637,-0.6,36.7191070779446));
#2957=CARTESIAN_POINT('Ctrl Pts',(16.183339398637,-1.26666666666667,36.7191070779446));
#2958=CARTESIAN_POINT('Ctrl Pts',(16.183339398637,-1.93333333333333,36.7191070779446));
#2959=CARTESIAN_POINT('Ctrl Pts',(16.183339398637,-2.6,36.7191070779446));
#2960=CARTESIAN_POINT('Origin',(16.5456988337665,-1.6,-36.8885049521126));
#2961=CARTESIAN_POINT('',(16.5456988337665,-1.6,-36.8885049521126));
#2962=CARTESIAN_POINT('Origin',(16.183339398637,-1.6,-36.7191070779446));
#2963=CARTESIAN_POINT('Ctrl Pts',(16.183339398637,-2.6,-36.7191070779446));
#2964=CARTESIAN_POINT('Ctrl Pts',(16.183339398637,-1.93333333333333,-36.7191070779446));
#2965=CARTESIAN_POINT('Ctrl Pts',(16.183339398637,-1.26666666666667,-36.7191070779446));
#2966=CARTESIAN_POINT('Ctrl Pts',(16.183339398637,-0.6,-36.7191070779446));
#2967=CARTESIAN_POINT('Ctrl Pts',(-4.44089209850063E-15,1.6,-49.));
#2968=CARTESIAN_POINT('Ctrl Pts',(-4.44089209850063E-15,-2.6,-49.));
#2969=CARTESIAN_POINT('Ctrl Pts',(1.97718332033701,1.6,-49.));
#2970=CARTESIAN_POINT('Ctrl Pts',(1.97718332033701,-2.6,-49.));
#2971=CARTESIAN_POINT('Ctrl Pts',(3.89281501527711,1.6,-48.6674779110168));
#2972=CARTESIAN_POINT('Ctrl Pts',(3.89281501527711,-2.6,-48.6674779110168));
#2973=CARTESIAN_POINT('Ctrl Pts',(5.66182921153989,1.6,-47.9940422662223));
#2974=CARTESIAN_POINT('Ctrl Pts',(5.66182921153989,-2.6,-47.9940422662223));
#2975=CARTESIAN_POINT('Ctrl Pts',(7.47350347626344,1.6,-47.3043666100296));
#2976=CARTESIAN_POINT('Ctrl Pts',(7.47350347626344,-2.6,-47.3043666100296));
#2977=CARTESIAN_POINT('Ctrl Pts',(9.15559809765028,1.6,-46.2459528738296));
#2978=CARTESIAN_POINT('Ctrl Pts',(9.15559809765028,-2.6,-46.2459528738296));
#2979=CARTESIAN_POINT('Ctrl Pts',(10.6354253362543,1.6,-44.8882426658348));
#2980=CARTESIAN_POINT('Ctrl Pts',(10.6354253362543,-2.6,-44.8882426658348));
#2981=CARTESIAN_POINT('Ctrl Pts',(10.9301054424212,1.6,-44.6178798979397));
#2982=CARTESIAN_POINT('Ctrl Pts',(10.9301054424212,-2.6,-44.6178798979397));
#2983=CARTESIAN_POINT('Ctrl Pts',(11.217399660982,1.6,-44.335388024311));
#2984=CARTESIAN_POINT('Ctrl Pts',(11.217399660982,-2.6,-44.335388024311));
#2985=CARTESIAN_POINT('Ctrl Pts',(11.4974025619213,1.6,-44.0412910797391));
#2986=CARTESIAN_POINT('Ctrl Pts',(11.4974025619213,-2.6,-44.0412910797391));
#2987=CARTESIAN_POINT('Ctrl Pts',(14.0830355715076,1.6,-41.3255093312194));
#2988=CARTESIAN_POINT('Ctrl Pts',(14.0830355715076,-2.6,-41.3255093312194));
#2989=CARTESIAN_POINT('Ctrl Pts',(16.0522867821108,1.6,-37.6664779095299));
#2990=CARTESIAN_POINT('Ctrl Pts',(16.0522867821108,-2.6,-37.6664779095299));
#2991=CARTESIAN_POINT('Ctrl Pts',(17.5676414443483,1.6,-33.0866570548655));
#2992=CARTESIAN_POINT('Ctrl Pts',(17.5676414443483,-2.6,-33.0866570548655));
#2993=CARTESIAN_POINT('Ctrl Pts',(18.7095255620093,1.6,-29.6355674677244));
#2994=CARTESIAN_POINT('Ctrl Pts',(18.7095255620093,-2.6,-29.6355674677244));
#2995=CARTESIAN_POINT('Ctrl Pts',(19.5862703650429,1.6,-25.6641458025541));
#2996=CARTESIAN_POINT('Ctrl Pts',(19.5862703650429,-2.6,-25.6641458025541));
#2997=CARTESIAN_POINT('Ctrl Pts',(20.2232963825214,1.6,-21.1506474859932));
#2998=CARTESIAN_POINT('Ctrl Pts',(20.2232963825214,-2.6,-21.1506474859932));
#2999=CARTESIAN_POINT('Ctrl Pts',(21.0796149910328,1.6,-15.0834029906206));
#3000=CARTESIAN_POINT('Ctrl Pts',(21.0796149910328,-2.6,-15.0834029906206));
#3001=CARTESIAN_POINT('Ctrl Pts',(21.5,1.6,-8.04191689805426));
#3002=CARTESIAN_POINT('Ctrl Pts',(21.5,-2.6,-8.04191689805426));
#3003=CARTESIAN_POINT('Ctrl Pts',(21.5,1.6,-3.52772661317651E-14));
#3004=CARTESIAN_POINT('Ctrl Pts',(21.5,-2.6,-3.52772661317651E-14));
#3005=CARTESIAN_POINT('',(21.5,-1.6,-3.52772661317651E-14));
#3006=CARTESIAN_POINT('Ctrl Pts',(21.1665776895665,-2.6,-11.580940575123));
#3007=CARTESIAN_POINT('Ctrl Pts',(21.1665776895665,-1.93333333333333,-11.580940575123));
#3008=CARTESIAN_POINT('Ctrl Pts',(21.1665776895665,-1.26666666666667,-11.580940575123));
#3009=CARTESIAN_POINT('Ctrl Pts',(21.1665776895665,-0.6,-11.580940575123));
#3010=CARTESIAN_POINT('Origin',(-16.0971694630821,-1.6,-37.7822730448713));
#3011=CARTESIAN_POINT('',(-16.0971694630821,-1.6,-37.7822730448713));
#3012=CARTESIAN_POINT('Origin',(-15.7728007797907,-1.6,-37.6194915777713));
#3013=CARTESIAN_POINT('Origin',(-16.5456988337665,-1.6,36.8885049521126));
#3014=CARTESIAN_POINT('',(-16.5456988337665,-1.6,36.8885049521126));
#3015=CARTESIAN_POINT('Origin',(-16.183339398637,-1.6,36.7191070779446));
#3016=CARTESIAN_POINT('Ctrl Pts',(-16.183339398637,-2.6,36.7191070779446));
#3017=CARTESIAN_POINT('Ctrl Pts',(-16.183339398637,-1.93333333333333,36.7191070779446));
#3018=CARTESIAN_POINT('Ctrl Pts',(-16.183339398637,-1.26666666666667,36.7191070779446));
#3019=CARTESIAN_POINT('Ctrl Pts',(-16.183339398637,-0.6,36.7191070779446));
#3020=CARTESIAN_POINT('Ctrl Pts',(4.44089209850063E-15,1.6,49.));
#3021=CARTESIAN_POINT('Ctrl Pts',(4.44089209850063E-15,-2.6,49.));
#3022=CARTESIAN_POINT('Ctrl Pts',(-1.97718332033701,1.6,49.));
#3023=CARTESIAN_POINT('Ctrl Pts',(-1.97718332033701,-2.6,49.));
#3024=CARTESIAN_POINT('Ctrl Pts',(-3.89281501527711,1.6,48.6674779110168));
#3025=CARTESIAN_POINT('Ctrl Pts',(-3.89281501527711,-2.6,48.6674779110168));
#3026=CARTESIAN_POINT('Ctrl Pts',(-5.66182921153989,1.6,47.9940422662223));
#3027=CARTESIAN_POINT('Ctrl Pts',(-5.66182921153989,-2.6,47.9940422662223));
#3028=CARTESIAN_POINT('Ctrl Pts',(-7.47350347626344,1.6,47.3043666100296));
#3029=CARTESIAN_POINT('Ctrl Pts',(-7.47350347626344,-2.6,47.3043666100296));
#3030=CARTESIAN_POINT('Ctrl Pts',(-9.15559809765028,1.6,46.2459528738296));
#3031=CARTESIAN_POINT('Ctrl Pts',(-9.15559809765028,-2.6,46.2459528738296));
#3032=CARTESIAN_POINT('Ctrl Pts',(-10.6354253362543,1.6,44.8882426658348));
#3033=CARTESIAN_POINT('Ctrl Pts',(-10.6354253362543,-2.6,44.8882426658348));
#3034=CARTESIAN_POINT('Ctrl Pts',(-10.9301054424212,1.6,44.6178798979397));
#3035=CARTESIAN_POINT('Ctrl Pts',(-10.9301054424212,-2.6,44.6178798979397));
#3036=CARTESIAN_POINT('Ctrl Pts',(-11.217399660982,1.6,44.335388024311));
#3037=CARTESIAN_POINT('Ctrl Pts',(-11.217399660982,-2.6,44.335388024311));
#3038=CARTESIAN_POINT('Ctrl Pts',(-11.4974025619213,1.6,44.0412910797391));
#3039=CARTESIAN_POINT('Ctrl Pts',(-11.4974025619213,-2.6,44.0412910797391));
#3040=CARTESIAN_POINT('Ctrl Pts',(-14.0830355715076,1.6,41.3255093312194));
#3041=CARTESIAN_POINT('Ctrl Pts',(-14.0830355715076,-2.6,41.3255093312194));
#3042=CARTESIAN_POINT('Ctrl Pts',(-16.0522867821108,1.6,37.6664779095299));
#3043=CARTESIAN_POINT('Ctrl Pts',(-16.0522867821108,-2.6,37.6664779095299));
#3044=CARTESIAN_POINT('Ctrl Pts',(-17.5676414443483,1.6,33.0866570548655));
#3045=CARTESIAN_POINT('Ctrl Pts',(-17.5676414443483,-2.6,33.0866570548655));
#3046=CARTESIAN_POINT('Ctrl Pts',(-18.7095255620093,1.6,29.6355674677244));
#3047=CARTESIAN_POINT('Ctrl Pts',(-18.7095255620093,-2.6,29.6355674677244));
#3048=CARTESIAN_POINT('Ctrl Pts',(-19.5862703650429,1.6,25.6641458025541));
#3049=CARTESIAN_POINT('Ctrl Pts',(-19.5862703650429,-2.6,25.6641458025541));
#3050=CARTESIAN_POINT('Ctrl Pts',(-20.2232963825214,1.6,21.1506474859932));
#3051=CARTESIAN_POINT('Ctrl Pts',(-20.2232963825214,-2.6,21.1506474859932));
#3052=CARTESIAN_POINT('Ctrl Pts',(-21.0796149910328,1.6,15.0834029906206));
#3053=CARTESIAN_POINT('Ctrl Pts',(-21.0796149910328,-2.6,15.0834029906206));
#3054=CARTESIAN_POINT('Ctrl Pts',(-21.5,1.6,8.04191689805426));
#3055=CARTESIAN_POINT('Ctrl Pts',(-21.5,-2.6,8.04191689805426));
#3056=CARTESIAN_POINT('Ctrl Pts',(-21.5,1.6,3.52772661317651E-14));
#3057=CARTESIAN_POINT('Ctrl Pts',(-21.5,-2.6,3.52772661317651E-14));
#3058=CARTESIAN_POINT('Ctrl Pts',(-21.1665776895665,-2.6,11.580940575123));
#3059=CARTESIAN_POINT('Ctrl Pts',(-21.1665776895665,-1.93333333333333,11.580940575123));
#3060=CARTESIAN_POINT('Ctrl Pts',(-21.1665776895665,-1.26666666666667,11.580940575123));
#3061=CARTESIAN_POINT('Ctrl Pts',(-21.1665776895665,-0.6,11.580940575123));
#3062=CARTESIAN_POINT('',(4.44089209850063E-15,-1.6,49.));
#3063=CARTESIAN_POINT('Origin',(21.500967846558,-1.6,12.6047487714699));
#3064=CARTESIAN_POINT('',(21.500967846558,-1.6,12.6047487714699));
#3065=CARTESIAN_POINT('Origin',(21.1014277516513,-1.6,12.5788161337986));
#3066=CARTESIAN_POINT('Ctrl Pts',(21.1014277516513,-2.6,12.5788161337986));
#3067=CARTESIAN_POINT('Ctrl Pts',(21.1014277516513,-1.93333333333333,12.5788161337986));
#3068=CARTESIAN_POINT('Ctrl Pts',(21.1014277516513,-1.26666666666667,12.5788161337986));
#3069=CARTESIAN_POINT('Ctrl Pts',(21.1014277516513,-0.6,12.5788161337986));
#3070=CARTESIAN_POINT('Ctrl Pts',(21.5,1.6,3.52772661317651E-14));
#3071=CARTESIAN_POINT('Ctrl Pts',(21.5,-2.6,3.52772661317651E-14));
#3072=CARTESIAN_POINT('Ctrl Pts',(21.5,1.6,8.04191689805426));
#3073=CARTESIAN_POINT('Ctrl Pts',(21.5,-2.6,8.04191689805426));
#3074=CARTESIAN_POINT('Ctrl Pts',(21.0796149910328,1.6,15.0834029906206));
#3075=CARTESIAN_POINT('Ctrl Pts',(21.0796149910328,-2.6,15.0834029906206));
#3076=CARTESIAN_POINT('Ctrl Pts',(20.2232963825214,1.6,21.1506474859932));
#3077=CARTESIAN_POINT('Ctrl Pts',(20.2232963825214,-2.6,21.1506474859932));
#3078=CARTESIAN_POINT('Ctrl Pts',(19.5862703650429,1.6,25.6641458025541));
#3079=CARTESIAN_POINT('Ctrl Pts',(19.5862703650429,-2.6,25.6641458025541));
#3080=CARTESIAN_POINT('Ctrl Pts',(18.7095255620093,1.6,29.6355674677244));
#3081=CARTESIAN_POINT('Ctrl Pts',(18.7095255620093,-2.6,29.6355674677244));
#3082=CARTESIAN_POINT('Ctrl Pts',(17.5676414443483,1.6,33.0866570548655));
#3083=CARTESIAN_POINT('Ctrl Pts',(17.5676414443483,-2.6,33.0866570548655));
#3084=CARTESIAN_POINT('Ctrl Pts',(16.0522867821108,1.6,37.6664779095299));
#3085=CARTESIAN_POINT('Ctrl Pts',(16.0522867821108,-2.6,37.6664779095299));
#3086=CARTESIAN_POINT('Ctrl Pts',(14.0830355715076,1.6,41.3255093312194));
#3087=CARTESIAN_POINT('Ctrl Pts',(14.0830355715076,-2.6,41.3255093312194));
#3088=CARTESIAN_POINT('Ctrl Pts',(11.4974025619213,1.6,44.0412910797391));
#3089=CARTESIAN_POINT('Ctrl Pts',(11.4974025619213,-2.6,44.0412910797391));
#3090=CARTESIAN_POINT('Ctrl Pts',(11.217399660982,1.6,44.335388024311));
#3091=CARTESIAN_POINT('Ctrl Pts',(11.217399660982,-2.6,44.335388024311));
#3092=CARTESIAN_POINT('Ctrl Pts',(10.9301054424212,1.6,44.6178798979397));
#3093=CARTESIAN_POINT('Ctrl Pts',(10.9301054424212,-2.6,44.6178798979397));
#3094=CARTESIAN_POINT('Ctrl Pts',(10.6354253362543,1.6,44.8882426658348));
#3095=CARTESIAN_POINT('Ctrl Pts',(10.6354253362543,-2.6,44.8882426658348));
#3096=CARTESIAN_POINT('Ctrl Pts',(9.15559809765028,1.6,46.2459528738296));
#3097=CARTESIAN_POINT('Ctrl Pts',(9.15559809765028,-2.6,46.2459528738296));
#3098=CARTESIAN_POINT('Ctrl Pts',(7.47350347626344,1.6,47.3043666100296));
#3099=CARTESIAN_POINT('Ctrl Pts',(7.47350347626344,-2.6,47.3043666100296));
#3100=CARTESIAN_POINT('Ctrl Pts',(5.66182921153989,1.6,47.9940422662223));
#3101=CARTESIAN_POINT('Ctrl Pts',(5.66182921153989,-2.6,47.9940422662223));
#3102=CARTESIAN_POINT('Ctrl Pts',(3.89281501527711,1.6,48.6674779110168));
#3103=CARTESIAN_POINT('Ctrl Pts',(3.89281501527711,-2.6,48.6674779110168));
#3104=CARTESIAN_POINT('Ctrl Pts',(1.97718332033701,1.6,49.));
#3105=CARTESIAN_POINT('Ctrl Pts',(1.97718332033701,-2.6,49.));
#3106=CARTESIAN_POINT('Ctrl Pts',(-4.44089209850063E-15,1.6,49.));
#3107=CARTESIAN_POINT('Ctrl Pts',(-4.44089209850063E-15,-2.6,49.));
#3108=CARTESIAN_POINT('Ctrl Pts',(15.7728007797436,-2.6,37.6194915777477));
#3109=CARTESIAN_POINT('Ctrl Pts',(15.7728007797436,-1.93333333333333,37.6194915777477));
#3110=CARTESIAN_POINT('Ctrl Pts',(15.7728007797431,-1.26666666666667,37.6194915777488));
#3111=CARTESIAN_POINT('Ctrl Pts',(15.7728007797431,-0.6,37.6194915777488));
#3112=CARTESIAN_POINT('Origin',(21.5657377789263,-1.6,-11.6068485480703));
#3113=CARTESIAN_POINT('',(21.5657377789263,-1.6,-11.6068485480703));
#3114=CARTESIAN_POINT('Origin',(21.1665776895665,-1.6,-11.580940575123));
#3115=CARTESIAN_POINT('Origin',(-21.500967846558,-1.6,-12.6047487714699));
#3116=CARTESIAN_POINT('',(-21.500967846558,-1.6,-12.6047487714699));
#3117=CARTESIAN_POINT('Origin',(-21.1014277516513,-1.6,-12.5788161337986));
#3118=CARTESIAN_POINT('Origin',(-21.5657377789263,-1.6,11.6068485480703));
#3119=CARTESIAN_POINT('',(-21.5657377789263,-1.6,11.6068485480703));
#3120=CARTESIAN_POINT('Origin',(-21.1665776895665,-1.6,11.580940575123));
#3121=CARTESIAN_POINT('Origin',(16.0971694630821,-1.6,37.7822730448713));
#3122=CARTESIAN_POINT('',(16.0971694630821,-1.6,37.7822730448713));
#3123=CARTESIAN_POINT('Origin',(15.7728007797907,-1.6,37.6194915777713));
#3124=CARTESIAN_POINT('Ctrl Pts',(-4.44089209850063E-15,-1.6,43.5));
#3125=CARTESIAN_POINT('Ctrl Pts',(-4.44089209850063E-15,1.6,43.5));
#3126=CARTESIAN_POINT('Ctrl Pts',(1.38019641821231,-1.6,43.5));
#3127=CARTESIAN_POINT('Ctrl Pts',(1.38019641821231,1.6,43.5));
#3128=CARTESIAN_POINT('Ctrl Pts',(2.58770069415534,-1.6,43.2792617683137));
#3129=CARTESIAN_POINT('Ctrl Pts',(2.58770069415534,1.6,43.2792617683137));
#3130=CARTESIAN_POINT('Ctrl Pts',(3.70505902932036,-1.6,42.853901173414));
#3131=CARTESIAN_POINT('Ctrl Pts',(3.70505902932036,1.6,42.853901173414));
#3132=CARTESIAN_POINT('Ctrl Pts',(4.85045900652248,-1.6,42.4178655701813));
#3133=CARTESIAN_POINT('Ctrl Pts',(4.85045900652248,1.6,42.4178655701813));
#3134=CARTESIAN_POINT('Ctrl Pts',(5.89975145521837,-1.6,41.768978002009));
#3135=CARTESIAN_POINT('Ctrl Pts',(5.89975145521837,1.6,41.768978002009));
#3136=CARTESIAN_POINT('Ctrl Pts',(6.91715160751209,-1.6,40.835534870034));
#3137=CARTESIAN_POINT('Ctrl Pts',(6.91715160751209,1.6,40.835534870034));
#3138=CARTESIAN_POINT('Ctrl Pts',(8.96976491406317,-1.6,38.9523055533476));
#3139=CARTESIAN_POINT('Ctrl Pts',(8.96976491406317,1.6,38.9523055533476));
#3140=CARTESIAN_POINT('Ctrl Pts',(10.8636026601088,-1.6,35.8393126077337));
#3141=CARTESIAN_POINT('Ctrl Pts',(10.8636026601088,1.6,35.8393126077337));
#3142=CARTESIAN_POINT('Ctrl Pts',(12.3460473561703,-1.6,31.3589547719751));
#3143=CARTESIAN_POINT('Ctrl Pts',(12.3460473561703,1.6,31.3589547719751));
#3144=CARTESIAN_POINT('Ctrl Pts',(13.3549748233791,-1.6,28.3096969511403));
#3145=CARTESIAN_POINT('Ctrl Pts',(13.3549748233791,1.6,28.3096969511403));
#3146=CARTESIAN_POINT('Ctrl Pts',(14.1758549697003,-1.6,24.6431995429877));
#3147=CARTESIAN_POINT('Ctrl Pts',(14.1758549697003,1.6,24.6431995429877));
#3148=CARTESIAN_POINT('Ctrl Pts',(14.7772711309099,-1.6,20.3820065042535));
#3149=CARTESIAN_POINT('Ctrl Pts',(14.7772711309099,1.6,20.3820065042535));
#3150=CARTESIAN_POINT('Ctrl Pts',(15.5858077579732,-1.6,14.6533100224792));
#3151=CARTESIAN_POINT('Ctrl Pts',(15.5858077579732,1.6,14.6533100224792));
#3152=CARTESIAN_POINT('Ctrl Pts',(16.,-1.6,7.84893005647625));
#3153=CARTESIAN_POINT('Ctrl Pts',(16.,1.6,7.84893005647625));
#3154=CARTESIAN_POINT('Ctrl Pts',(16.,-1.6,3.52772661317651E-14));
#3155=CARTESIAN_POINT('Ctrl Pts',(16.,1.6,3.52772661317651E-14));
#3156=CARTESIAN_POINT('',(3.93827373350305,-1.59999999999998,42.7616188050497));
#3157=CARTESIAN_POINT('Ctrl Pts',(16.,-1.6,3.52772661317651E-14));
#3158=CARTESIAN_POINT('Ctrl Pts',(16.,-1.6,7.84893005647625));
#3159=CARTESIAN_POINT('Ctrl Pts',(15.5858077579732,-1.6,14.6533100224792));
#3160=CARTESIAN_POINT('Ctrl Pts',(14.7772711309099,-1.6,20.3820065042535));
#3161=CARTESIAN_POINT('Ctrl Pts',(14.1758549697003,-1.6,24.6431995429877));
#3162=CARTESIAN_POINT('Ctrl Pts',(13.3549748233791,-1.6,28.3096969511403));
#3163=CARTESIAN_POINT('Ctrl Pts',(12.3460473561703,-1.6,31.3589547719751));
#3164=CARTESIAN_POINT('Ctrl Pts',(10.8636026601088,-1.6,35.8393126077337));
#3165=CARTESIAN_POINT('Ctrl Pts',(8.96976491406317,-1.6,38.9523055533476));
#3166=CARTESIAN_POINT('Ctrl Pts',(6.91715160751209,-1.6,40.835534870034));
#3167=CARTESIAN_POINT('Ctrl Pts',(5.96919400677316,-1.6,41.7052659289673));
#3168=CARTESIAN_POINT('Ctrl Pts',(4.99354914333827,-1.6,42.3279603823437));
#3169=CARTESIAN_POINT('Ctrl Pts',(3.93827373350036,-1.6,42.7616188050508));
#3170=CARTESIAN_POINT('Ctrl Pts',(3.93827373350036,-1.6,42.7616188050508));
#3171=CARTESIAN_POINT('Ctrl Pts',(3.86096962517838,-1.6,42.793386415071));
#3172=CARTESIAN_POINT('Ctrl Pts',(3.78323819686657,-1.6,42.8241396043903));
#3173=CARTESIAN_POINT('Ctrl Pts',(3.70505902932036,-1.6,42.853901173414));
#3174=CARTESIAN_POINT('Ctrl Pts',(2.58770069415534,-1.6,43.2792617683137));
#3175=CARTESIAN_POINT('Ctrl Pts',(1.38019641821231,-1.6,43.5));
#3176=CARTESIAN_POINT('Ctrl Pts',(-4.44089209850063E-15,-1.6,43.5));
#3177=CARTESIAN_POINT('Ctrl Pts',(4.44089209850063E-15,-1.6,-43.5));
#3178=CARTESIAN_POINT('Ctrl Pts',(4.44089209850063E-15,1.6,-43.5));
#3179=CARTESIAN_POINT('Ctrl Pts',(-1.38019641821231,-1.6,-43.5));
#3180=CARTESIAN_POINT('Ctrl Pts',(-1.38019641821231,1.6,-43.5));
#3181=CARTESIAN_POINT('Ctrl Pts',(-2.58770069415534,-1.6,-43.2792617683137));
#3182=CARTESIAN_POINT('Ctrl Pts',(-2.58770069415534,1.6,-43.2792617683137));
#3183=CARTESIAN_POINT('Ctrl Pts',(-3.70505902932036,-1.6,-42.853901173414));
#3184=CARTESIAN_POINT('Ctrl Pts',(-3.70505902932036,1.6,-42.853901173414));
#3185=CARTESIAN_POINT('Ctrl Pts',(-4.85045900652248,-1.6,-42.4178655701813));
#3186=CARTESIAN_POINT('Ctrl Pts',(-4.85045900652248,1.6,-42.4178655701813));
#3187=CARTESIAN_POINT('Ctrl Pts',(-5.89975145521837,-1.6,-41.768978002009));
#3188=CARTESIAN_POINT('Ctrl Pts',(-5.89975145521837,1.6,-41.768978002009));
#3189=CARTESIAN_POINT('Ctrl Pts',(-6.91715160751209,-1.6,-40.835534870034));
#3190=CARTESIAN_POINT('Ctrl Pts',(-6.91715160751209,1.6,-40.835534870034));
#3191=CARTESIAN_POINT('Ctrl Pts',(-8.96976491406317,-1.6,-38.9523055533476));
#3192=CARTESIAN_POINT('Ctrl Pts',(-8.96976491406317,1.6,-38.9523055533476));
#3193=CARTESIAN_POINT('Ctrl Pts',(-10.8636026601088,-1.6,-35.8393126077337));
#3194=CARTESIAN_POINT('Ctrl Pts',(-10.8636026601088,1.6,-35.8393126077337));
#3195=CARTESIAN_POINT('Ctrl Pts',(-12.3460473561703,-1.6,-31.3589547719751));
#3196=CARTESIAN_POINT('Ctrl Pts',(-12.3460473561703,1.6,-31.3589547719751));
#3197=CARTESIAN_POINT('Ctrl Pts',(-13.3549748233791,-1.6,-28.3096969511403));
#3198=CARTESIAN_POINT('Ctrl Pts',(-13.3549748233791,1.6,-28.3096969511403));
#3199=CARTESIAN_POINT('Ctrl Pts',(-14.1758549697003,-1.6,-24.6431995429877));
#3200=CARTESIAN_POINT('Ctrl Pts',(-14.1758549697003,1.6,-24.6431995429877));
#3201=CARTESIAN_POINT('Ctrl Pts',(-14.7772711309099,-1.6,-20.3820065042535));
#3202=CARTESIAN_POINT('Ctrl Pts',(-14.7772711309099,1.6,-20.3820065042535));
#3203=CARTESIAN_POINT('Ctrl Pts',(-15.5858077579732,-1.6,-14.6533100224792));
#3204=CARTESIAN_POINT('Ctrl Pts',(-15.5858077579732,1.6,-14.6533100224792));
#3205=CARTESIAN_POINT('Ctrl Pts',(-16.,-1.6,-7.84893005647625));
#3206=CARTESIAN_POINT('Ctrl Pts',(-16.,1.6,-7.84893005647625));
#3207=CARTESIAN_POINT('Ctrl Pts',(-16.,-1.6,-3.52772661317651E-14));
#3208=CARTESIAN_POINT('Ctrl Pts',(-16.,1.6,-3.52772661317651E-14));
#3209=CARTESIAN_POINT('',(-3.93827373350305,-1.6,-42.7616188050497));
#3210=CARTESIAN_POINT('Ctrl Pts',(-16.,-1.6,-3.52772661317651E-14));
#3211=CARTESIAN_POINT('Ctrl Pts',(-16.,-1.6,-7.84893005647625));
#3212=CARTESIAN_POINT('Ctrl Pts',(-15.5858077579732,-1.6,-14.6533100224792));
#3213=CARTESIAN_POINT('Ctrl Pts',(-14.7772711309099,-1.6,-20.3820065042535));
#3214=CARTESIAN_POINT('Ctrl Pts',(-14.1758549697003,-1.6,-24.6431995429877));
#3215=CARTESIAN_POINT('Ctrl Pts',(-13.3549748233791,-1.6,-28.3096969511403));
#3216=CARTESIAN_POINT('Ctrl Pts',(-12.3460473561703,-1.6,-31.3589547719751));
#3217=CARTESIAN_POINT('Ctrl Pts',(-10.8636026601088,-1.6,-35.8393126077337));
#3218=CARTESIAN_POINT('Ctrl Pts',(-8.96976491406317,-1.6,-38.9523055533476));
#3219=CARTESIAN_POINT('Ctrl Pts',(-6.91715160751209,-1.6,-40.835534870034));
#3220=CARTESIAN_POINT('Ctrl Pts',(-5.96919400677396,-1.6,-41.7052659289665));
#3221=CARTESIAN_POINT('Ctrl Pts',(-4.99354914333992,-1.6,-42.3279603823426));
#3222=CARTESIAN_POINT('Ctrl Pts',(-3.93827373350305,-1.6,-42.7616188050497));
#3223=CARTESIAN_POINT('Ctrl Pts',(-3.93827373350305,-1.6,-42.7616188050497));
#3224=CARTESIAN_POINT('Ctrl Pts',(-3.86096962518018,-1.6,-42.7933864150703));
#3225=CARTESIAN_POINT('Ctrl Pts',(-3.78323819686748,-1.6,-42.82413960439));
#3226=CARTESIAN_POINT('Ctrl Pts',(-3.70505902932036,-1.6,-42.853901173414));
#3227=CARTESIAN_POINT('Ctrl Pts',(-2.58770069415534,-1.6,-43.2792617683137));
#3228=CARTESIAN_POINT('Ctrl Pts',(-1.38019641821231,-1.6,-43.5));
#3229=CARTESIAN_POINT('Ctrl Pts',(4.44089209850063E-15,-1.6,-43.5));
#3230=CARTESIAN_POINT('Ctrl Pts',(20.7,-1.6,3.52772661317651E-14));
#3231=CARTESIAN_POINT('Ctrl Pts',(20.7,1.6,3.52772661317651E-14));
#3232=CARTESIAN_POINT('Ctrl Pts',(20.7,-1.6,8.01384608473383));
#3233=CARTESIAN_POINT('Ctrl Pts',(20.7,1.6,8.01384608473383));
#3234=CARTESIAN_POINT('Ctrl Pts',(20.2805157571332,-1.6,15.0208440134364));
#3235=CARTESIAN_POINT('Ctrl Pts',(20.2805157571332,1.6,15.0208440134364));
#3236=CARTESIAN_POINT('Ctrl Pts',(19.4311472550143,-1.6,21.0388451613765));
#3237=CARTESIAN_POINT('Ctrl Pts',(19.4311472550143,1.6,21.0388451613765));
#3238=CARTESIAN_POINT('Ctrl Pts',(18.799300852993,-1.6,25.5156445284353));
#3239=CARTESIAN_POINT('Ctrl Pts',(18.799300852993,1.6,25.5156445284353));
#3240=CARTESIAN_POINT('Ctrl Pts',(17.9306818182085,-1.6,29.4427135744031));
#3241=CARTESIAN_POINT('Ctrl Pts',(17.9306818182085,1.6,29.4427135744031));
#3242=CARTESIAN_POINT('Ctrl Pts',(16.8081368497043,-1.6,32.8353549046269));
#3243=CARTESIAN_POINT('Ctrl Pts',(16.8081368497043,1.6,32.8353549046269));
#3244=CARTESIAN_POINT('Ctrl Pts',(15.1573377448011,-1.6,37.8245263216558));
#3245=CARTESIAN_POINT('Ctrl Pts',(15.1573377448011,1.6,37.8245263216558));
#3246=CARTESIAN_POINT('Ctrl Pts',(12.9703257580479,-1.6,41.660327021105));
#3247=CARTESIAN_POINT('Ctrl Pts',(12.9703257580479,1.6,41.660327021105));
#3248=CARTESIAN_POINT('Ctrl Pts',(10.0945855211646,-1.6,44.2987578955365));
#3249=CARTESIAN_POINT('Ctrl Pts',(10.0945855211646,1.6,44.2987578955365));
#3250=CARTESIAN_POINT('Ctrl Pts',(8.68202040420564,-1.6,45.5947565288375));
#3251=CARTESIAN_POINT('Ctrl Pts',(8.68202040420564,1.6,45.5947565288375));
#3252=CARTESIAN_POINT('Ctrl Pts',(7.09196973521021,-1.6,46.5936028224153));
#3253=CARTESIAN_POINT('Ctrl Pts',(7.09196973521021,1.6,46.5936028224153));
#3254=CARTESIAN_POINT('Ctrl Pts',(5.37720809412614,-1.6,47.2463853799957));
#3255=CARTESIAN_POINT('Ctrl Pts',(5.37720809412614,1.6,47.2463853799957));
#3256=CARTESIAN_POINT('Ctrl Pts',(3.70298020493213,-1.6,47.8837373811691));
#3257=CARTESIAN_POINT('Ctrl Pts',(3.70298020493213,1.6,47.8837373811691));
#3258=CARTESIAN_POINT('Ctrl Pts',(1.89034886184615,-1.6,48.2));
#3259=CARTESIAN_POINT('Ctrl Pts',(1.89034886184615,1.6,48.2));
#3260=CARTESIAN_POINT('Ctrl Pts',(-4.44089209850063E-15,-1.6,48.2));
#3261=CARTESIAN_POINT('Ctrl Pts',(-4.44089209850063E-15,1.6,48.2));
#3262=CARTESIAN_POINT('',(20.7,-1.6,3.52772661317651E-14));
#3263=CARTESIAN_POINT('Ctrl Pts',(-4.44089209850063E-15,-1.6,48.2));
#3264=CARTESIAN_POINT('Ctrl Pts',(1.89034886184615,-1.6,48.2));
#3265=CARTESIAN_POINT('Ctrl Pts',(3.70298020493213,-1.6,47.8837373811691));
#3266=CARTESIAN_POINT('Ctrl Pts',(5.37720809412614,-1.6,47.2463853799957));
#3267=CARTESIAN_POINT('Ctrl Pts',(7.09196973521021,-1.6,46.5936028224153));
#3268=CARTESIAN_POINT('Ctrl Pts',(8.68202040420564,-1.6,45.5947565288375));
#3269=CARTESIAN_POINT('Ctrl Pts',(10.0945855211646,-1.6,44.2987578955365));
#3270=CARTESIAN_POINT('Ctrl Pts',(12.9703257580479,-1.6,41.660327021105));
#3271=CARTESIAN_POINT('Ctrl Pts',(15.1573377448011,-1.6,37.8245263216558));
#3272=CARTESIAN_POINT('Ctrl Pts',(16.8081368497043,-1.6,32.8353549046269));
#3273=CARTESIAN_POINT('Ctrl Pts',(17.9306818182085,-1.6,29.4427135744031));
#3274=CARTESIAN_POINT('Ctrl Pts',(18.799300852993,-1.6,25.5156445284353));
#3275=CARTESIAN_POINT('Ctrl Pts',(19.4311472550143,-1.6,21.0388451613765));
#3276=CARTESIAN_POINT('Ctrl Pts',(20.2805157571332,-1.6,15.0208440134364));
#3277=CARTESIAN_POINT('Ctrl Pts',(20.7,-1.6,8.01384608473383));
#3278=CARTESIAN_POINT('Ctrl Pts',(20.7,-1.6,3.52772661317651E-14));
#3279=CARTESIAN_POINT('',(20.7,-1.6,3.52772661317651E-14));
#3280=CARTESIAN_POINT('Ctrl Pts',(-4.44089209850063E-15,-1.6,-48.2));
#3281=CARTESIAN_POINT('Ctrl Pts',(-4.44089209850063E-15,1.6,-48.2));
#3282=CARTESIAN_POINT('Ctrl Pts',(1.89034886184615,-1.6,-48.2));
#3283=CARTESIAN_POINT('Ctrl Pts',(1.89034886184615,1.6,-48.2));
#3284=CARTESIAN_POINT('Ctrl Pts',(3.70298020493213,-1.6,-47.8837373811691));
#3285=CARTESIAN_POINT('Ctrl Pts',(3.70298020493213,1.6,-47.8837373811691));
#3286=CARTESIAN_POINT('Ctrl Pts',(5.37720809412614,-1.6,-47.2463853799957));
#3287=CARTESIAN_POINT('Ctrl Pts',(5.37720809412614,1.6,-47.2463853799957));
#3288=CARTESIAN_POINT('Ctrl Pts',(7.09196973521021,-1.6,-46.5936028224153));
#3289=CARTESIAN_POINT('Ctrl Pts',(7.09196973521021,1.6,-46.5936028224153));
#3290=CARTESIAN_POINT('Ctrl Pts',(8.68202040420564,-1.6,-45.5947565288375));
#3291=CARTESIAN_POINT('Ctrl Pts',(8.68202040420564,1.6,-45.5947565288375));
#3292=CARTESIAN_POINT('Ctrl Pts',(10.0945855211646,-1.6,-44.2987578955365));
#3293=CARTESIAN_POINT('Ctrl Pts',(10.0945855211646,1.6,-44.2987578955365));
#3294=CARTESIAN_POINT('Ctrl Pts',(12.9703257580479,-1.6,-41.660327021105));
#3295=CARTESIAN_POINT('Ctrl Pts',(12.9703257580479,1.6,-41.660327021105));
#3296=CARTESIAN_POINT('Ctrl Pts',(15.1573377448011,-1.6,-37.8245263216558));
#3297=CARTESIAN_POINT('Ctrl Pts',(15.1573377448011,1.6,-37.8245263216558));
#3298=CARTESIAN_POINT('Ctrl Pts',(16.8081368497043,-1.6,-32.8353549046269));
#3299=CARTESIAN_POINT('Ctrl Pts',(16.8081368497043,1.6,-32.8353549046269));
#3300=CARTESIAN_POINT('Ctrl Pts',(17.9306818182085,-1.6,-29.4427135744031));
#3301=CARTESIAN_POINT('Ctrl Pts',(17.9306818182085,1.6,-29.4427135744031));
#3302=CARTESIAN_POINT('Ctrl Pts',(18.799300852993,-1.6,-25.5156445284353));
#3303=CARTESIAN_POINT('Ctrl Pts',(18.799300852993,1.6,-25.5156445284353));
#3304=CARTESIAN_POINT('Ctrl Pts',(19.4311472550143,-1.6,-21.0388451613765));
#3305=CARTESIAN_POINT('Ctrl Pts',(19.4311472550143,1.6,-21.0388451613765));
#3306=CARTESIAN_POINT('Ctrl Pts',(20.2805157571332,-1.6,-15.0208440134364));
#3307=CARTESIAN_POINT('Ctrl Pts',(20.2805157571332,1.6,-15.0208440134364));
#3308=CARTESIAN_POINT('Ctrl Pts',(20.7,-1.6,-8.01384608473383));
#3309=CARTESIAN_POINT('Ctrl Pts',(20.7,1.6,-8.01384608473383));
#3310=CARTESIAN_POINT('Ctrl Pts',(20.7,-1.6,-3.52772661317651E-14));
#3311=CARTESIAN_POINT('Ctrl Pts',(20.7,1.6,-3.52772661317651E-14));
#3312=CARTESIAN_POINT('Ctrl Pts',(20.7,-1.6,-3.52772661317651E-14));
#3313=CARTESIAN_POINT('Ctrl Pts',(20.7,-1.6,-8.01384608473383));
#3314=CARTESIAN_POINT('Ctrl Pts',(20.2805157571332,-1.6,-15.0208440134364));
#3315=CARTESIAN_POINT('Ctrl Pts',(19.4311472550143,-1.6,-21.0388451613765));
#3316=CARTESIAN_POINT('Ctrl Pts',(18.799300852993,-1.6,-25.5156445284353));
#3317=CARTESIAN_POINT('Ctrl Pts',(17.9306818182085,-1.6,-29.4427135744031));
#3318=CARTESIAN_POINT('Ctrl Pts',(16.8081368497043,-1.6,-32.8353549046269));
#3319=CARTESIAN_POINT('Ctrl Pts',(15.1573377448011,-1.6,-37.8245263216558));
#3320=CARTESIAN_POINT('Ctrl Pts',(12.9703257580479,-1.6,-41.660327021105));
#3321=CARTESIAN_POINT('Ctrl Pts',(10.0945855211646,-1.6,-44.2987578955365));
#3322=CARTESIAN_POINT('Ctrl Pts',(8.68202040420564,-1.6,-45.5947565288375));
#3323=CARTESIAN_POINT('Ctrl Pts',(7.09196973521021,-1.6,-46.5936028224153));
#3324=CARTESIAN_POINT('Ctrl Pts',(5.37720809412614,-1.6,-47.2463853799957));
#3325=CARTESIAN_POINT('Ctrl Pts',(3.70298020493213,-1.6,-47.8837373811691));
#3326=CARTESIAN_POINT('Ctrl Pts',(1.89034886184615,-1.6,-48.2));
#3327=CARTESIAN_POINT('Ctrl Pts',(-4.44089209850063E-15,-1.6,-48.2));
#3328=CARTESIAN_POINT('Ctrl Pts',(-4.44089209850063E-15,1.6,42.3));
#3329=CARTESIAN_POINT('Ctrl Pts',(-4.44089209850063E-15,-2.6,42.3));
#3330=CARTESIAN_POINT('Ctrl Pts',(1.24994473047601,1.6,42.3));
#3331=CARTESIAN_POINT('Ctrl Pts',(1.24994473047601,-2.6,42.3));
#3332=CARTESIAN_POINT('Ctrl Pts',(2.30294847863786,1.6,42.1036509735421));
#3333=CARTESIAN_POINT('Ctrl Pts',(2.30294847863786,-2.6,42.1036509735421));
#3334=CARTESIAN_POINT('Ctrl Pts',(3.27812735319974,1.6,41.732415844074));
#3335=CARTESIAN_POINT('Ctrl Pts',(3.27812735319974,-2.6,41.732415844074));
#3336=CARTESIAN_POINT('Ctrl Pts',(4.27815839494264,1.6,41.3517198887598));
#3337=CARTESIAN_POINT('Ctrl Pts',(4.27815839494264,-2.6,41.3517198887598));
#3338=CARTESIAN_POINT('Ctrl Pts',(5.18938491505141,1.6,40.7921834845209));
#3339=CARTESIAN_POINT('Ctrl Pts',(5.18938491505141,-2.6,40.7921834845209));
#3340=CARTESIAN_POINT('Ctrl Pts',(6.10589188487741,1.6,39.9513077145865));
#3341=CARTESIAN_POINT('Ctrl Pts',(6.10589188487741,-2.6,39.9513077145865));
#3342=CARTESIAN_POINT('Ctrl Pts',(7.94834512410963,1.6,38.2608958168989));
#3343=CARTESIAN_POINT('Ctrl Pts',(7.94834512410963,-2.6,38.2608958168989));
#3344=CARTESIAN_POINT('Ctrl Pts',(9.76732987252779,1.6,35.3324495318387));
#3345=CARTESIAN_POINT('Ctrl Pts',(9.76732987252779,-2.6,35.3324495318387));
#3346=CARTESIAN_POINT('Ctrl Pts',(11.2067904642042,1.6,30.9820015466172));
#3347=CARTESIAN_POINT('Ctrl Pts',(11.2067904642042,-2.6,30.9820015466172));
#3348=CARTESIAN_POINT('Ctrl Pts',(12.1867092076779,1.6,28.0204161111583));
#3349=CARTESIAN_POINT('Ctrl Pts',(12.1867092076779,-2.6,28.0204161111583));
#3350=CARTESIAN_POINT('Ctrl Pts',(12.9954007016255,1.6,24.4204476318096));
#3351=CARTESIAN_POINT('Ctrl Pts',(12.9954007016255,-2.6,24.4204476318096));
#3352=CARTESIAN_POINT('Ctrl Pts',(13.5890474396492,1.6,20.2143030173285));
#3353=CARTESIAN_POINT('Ctrl Pts',(13.5890474396492,-2.6,20.2143030173285));
#3354=CARTESIAN_POINT('Ctrl Pts',(14.3871589071238,1.6,14.559471556703));
#3355=CARTESIAN_POINT('Ctrl Pts',(14.3871589071238,-2.6,14.559471556703));
#3356=CARTESIAN_POINT('Ctrl Pts',(14.8,1.6,7.80682383649559));
#3357=CARTESIAN_POINT('Ctrl Pts',(14.8,-2.6,7.80682383649559));
#3358=CARTESIAN_POINT('Ctrl Pts',(14.8,1.6,3.52772661317651E-14));
#3359=CARTESIAN_POINT('Ctrl Pts',(14.8,-2.6,3.52772661317651E-14));
#3360=CARTESIAN_POINT('',(14.8,-1.6,-3.52772661317651E-14));
#3361=CARTESIAN_POINT('Ctrl Pts',(14.8,1.6,-3.52772661317651E-14));
#3362=CARTESIAN_POINT('Ctrl Pts',(14.8,-2.6,-3.52772661317651E-14));
#3363=CARTESIAN_POINT('Ctrl Pts',(14.8,1.6,-7.80682383649559));
#3364=CARTESIAN_POINT('Ctrl Pts',(14.8,-2.6,-7.80682383649559));
#3365=CARTESIAN_POINT('Ctrl Pts',(14.3871589071238,1.6,-14.559471556703));
#3366=CARTESIAN_POINT('Ctrl Pts',(14.3871589071238,-2.6,-14.559471556703));
#3367=CARTESIAN_POINT('Ctrl Pts',(13.5890474396492,1.6,-20.2143030173285));
#3368=CARTESIAN_POINT('Ctrl Pts',(13.5890474396492,-2.6,-20.2143030173285));
#3369=CARTESIAN_POINT('Ctrl Pts',(12.9954007016255,1.6,-24.4204476318096));
#3370=CARTESIAN_POINT('Ctrl Pts',(12.9954007016255,-2.6,-24.4204476318096));
#3371=CARTESIAN_POINT('Ctrl Pts',(12.1867092076779,1.6,-28.0204161111583));
#3372=CARTESIAN_POINT('Ctrl Pts',(12.1867092076779,-2.6,-28.0204161111583));
#3373=CARTESIAN_POINT('Ctrl Pts',(11.2067904642042,1.6,-30.9820015466172));
#3374=CARTESIAN_POINT('Ctrl Pts',(11.2067904642042,-2.6,-30.9820015466172));
#3375=CARTESIAN_POINT('Ctrl Pts',(9.76732987252779,1.6,-35.3324495318387));
#3376=CARTESIAN_POINT('Ctrl Pts',(9.76732987252779,-2.6,-35.3324495318387));
#3377=CARTESIAN_POINT('Ctrl Pts',(7.94834512410963,1.6,-38.2608958168989));
#3378=CARTESIAN_POINT('Ctrl Pts',(7.94834512410963,-2.6,-38.2608958168989));
#3379=CARTESIAN_POINT('Ctrl Pts',(6.10589188487741,1.6,-39.9513077145865));
#3380=CARTESIAN_POINT('Ctrl Pts',(6.10589188487741,-2.6,-39.9513077145865));
#3381=CARTESIAN_POINT('Ctrl Pts',(5.18938491505141,1.6,-40.7921834845209));
#3382=CARTESIAN_POINT('Ctrl Pts',(5.18938491505141,-2.6,-40.7921834845209));
#3383=CARTESIAN_POINT('Ctrl Pts',(4.27815839494264,1.6,-41.3517198887598));
#3384=CARTESIAN_POINT('Ctrl Pts',(4.27815839494264,-2.6,-41.3517198887598));
#3385=CARTESIAN_POINT('Ctrl Pts',(3.27812735319974,1.6,-41.732415844074));
#3386=CARTESIAN_POINT('Ctrl Pts',(3.27812735319974,-2.6,-41.732415844074));
#3387=CARTESIAN_POINT('Ctrl Pts',(2.30294847863786,1.6,-42.1036509735421));
#3388=CARTESIAN_POINT('Ctrl Pts',(2.30294847863786,-2.6,-42.1036509735421));
#3389=CARTESIAN_POINT('Ctrl Pts',(1.24994473047601,1.6,-42.3));
#3390=CARTESIAN_POINT('Ctrl Pts',(1.24994473047601,-2.6,-42.3));
#3391=CARTESIAN_POINT('Ctrl Pts',(-4.44089209850063E-15,1.6,-42.3));
#3392=CARTESIAN_POINT('Ctrl Pts',(-4.44089209850063E-15,-2.6,-42.3));
#3393=CARTESIAN_POINT('Origin',(0.,-1.6,0.));
#3394=UNCERTAINTY_MEASURE_WITH_UNIT(LENGTH_MEASURE(0.01),#3398,
'DISTANCE_ACCURACY_VALUE',
'Maximum model space distance between geometric entities at asserted c
onnectivities');
#3395=UNCERTAINTY_MEASURE_WITH_UNIT(LENGTH_MEASURE(0.01),#3398,
'DISTANCE_ACCURACY_VALUE',
'Maximum model space distance between geometric entities at asserted c
onnectivities');
#3396=(
GEOMETRIC_REPRESENTATION_CONTEXT(3)
GLOBAL_UNCERTAINTY_ASSIGNED_CONTEXT((#3394))
GLOBAL_UNIT_ASSIGNED_CONTEXT((#3398,#3400,#3401))
REPRESENTATION_CONTEXT('','3D')
);
#3397=(
GEOMETRIC_REPRESENTATION_CONTEXT(3)
GLOBAL_UNCERTAINTY_ASSIGNED_CONTEXT((#3395))
GLOBAL_UNIT_ASSIGNED_CONTEXT((#3398,#3400,#3401))
REPRESENTATION_CONTEXT('','3D')
);
#3398=(
LENGTH_UNIT()
NAMED_UNIT(*)
SI_UNIT(.MILLI.,.METRE.)
);
#3399=(
LENGTH_UNIT()
NAMED_UNIT(*)
SI_UNIT($,.METRE.)
);
#3400=(
NAMED_UNIT(*)
PLANE_ANGLE_UNIT()
SI_UNIT($,.RADIAN.)
);
#3401=(
NAMED_UNIT(*)
SI_UNIT($,.STERADIAN.)
SOLID_ANGLE_UNIT()
);
#3402=SHAPE_DEFINITION_REPRESENTATION(#3403,#3404);
#3403=PRODUCT_DEFINITION_SHAPE('',$,#3406);
#3404=SHAPE_REPRESENTATION('',(#1370),#3396);
#3405=PRODUCT_DEFINITION_CONTEXT('part definition',#3410,'design');
#3406=PRODUCT_DEFINITION('Antenna-case','antenna-case',#3407,#3405);
#3407=PRODUCT_DEFINITION_FORMATION('',$,#3412);
#3408=PRODUCT_RELATED_PRODUCT_CATEGORY('antenna-case','antenna-case',(#3412));
#3409=APPLICATION_PROTOCOL_DEFINITION('international standard',
'automotive_design',2009,#3410);
#3410=APPLICATION_CONTEXT(
'Core Data for Automotive Mechanical Design Process');
#3411=PRODUCT_CONTEXT('part definition',#3410,'mechanical');
#3412=PRODUCT('Antenna-case','antenna-case',$,(#3411));
#3413=PRESENTATION_STYLE_ASSIGNMENT((#3415));
#3414=PRESENTATION_STYLE_ASSIGNMENT((#3416));
#3415=SURFACE_STYLE_USAGE(.BOTH.,#3417);
#3416=SURFACE_STYLE_USAGE(.BOTH.,#3418);
#3417=SURFACE_SIDE_STYLE('',(#3419));
#3418=SURFACE_SIDE_STYLE('',(#3420));
#3419=SURFACE_STYLE_FILL_AREA(#3421);
#3420=SURFACE_STYLE_FILL_AREA(#3422);
#3421=FILL_AREA_STYLE('Steel - Satin',(#3423));
#3422=FILL_AREA_STYLE('Plastic - Glossy (White)',(#3424));
#3423=FILL_AREA_STYLE_COLOUR('Steel - Satin',#3425);
#3424=FILL_AREA_STYLE_COLOUR('Plastic - Glossy (White)',#3426);
#3425=COLOUR_RGB('Steel - Satin',0.627450980392157,0.627450980392157,0.627450980392157);
#3426=COLOUR_RGB('Plastic - Glossy (White)',0.964705882352941,0.964705882352941,
0.952941176470588);
ENDSEC;
END-ISO-10303-21;
