ISO-10303-21;
HEADER;
/* Generated by software containing ST-Developer
 * from STEP Tools, Inc. (www.steptools.com) 
 */

FILE_DESCRIPTION(
/* description */ (''),
/* implementation_level */ '2;1');

FILE_NAME(
/* name */ 'perch.step',
/* time_stamp */ '2026-10-08T05:29:48+02:00',
/* author */ (''),
/* organization */ (''),
/* preprocessor_version */ 'ST-DEVELOPER v20.2',
/* originating_system */ 'Autodesk Translation Framework v15.15.0.0',
/* authorisation */ '');

FILE_SCHEMA (('AUTOMOTIVE_DESIGN { 1 0 10303 214 3 1 1 }'));
ENDSEC;

DATA;
#10=MECHANICAL_DESIGN_GEOMETRIC_PRESENTATION_REPRESENTATION('',(#13),#11295);
#11=SHAPE_REPRESENTATION_RELATIONSHIP('SRR','None',#11301,#12);
#12=ADVANCED_BREP_SHAPE_REPRESENTATION('',(#14),#11294);
#13=STYLED_ITEM('',(#11311),#14);
#14=MANIFOLD_SOLID_BREP('Body1',#4300);
#15=CONICAL_SURFACE('',#4395,2.2,0.78539816339744);
#16=CONICAL_SURFACE('',#4453,2.2,0.78539816339744);
#17=CYLINDRICAL_SURFACE('',#4388,1.25);
#18=CYLINDRICAL_SURFACE('',#4397,2.);
#19=CYLINDRICAL_SURFACE('',#4399,1.5);
#20=CYLINDRICAL_SURFACE('',#4408,10.5);
#21=CYLINDRICAL_SURFACE('',#4413,4.31579936562712);
#22=CYLINDRICAL_SURFACE('',#4416,5.);
#23=CYLINDRICAL_SURFACE('',#4419,4.00000000000002);
#24=CYLINDRICAL_SURFACE('',#4422,9.81579936562712);
#25=CYLINDRICAL_SURFACE('',#4439,1.25);
#26=CYLINDRICAL_SURFACE('',#4455,2.);
#27=CYLINDRICAL_SURFACE('',#4457,1.5);
#28=CYLINDRICAL_SURFACE('',#4472,10.5);
#29=CYLINDRICAL_SURFACE('',#4477,4.31579936562712);
#30=CYLINDRICAL_SURFACE('',#4479,5.);
#31=CYLINDRICAL_SURFACE('',#4481,4.00000000000001);
#32=CYLINDRICAL_SURFACE('',#4483,9.81579936562712);
#33=(
BOUNDED_SURFACE()
B_SPLINE_SURFACE(5,1,((#5965,#5966),(#5967,#5968),(#5969,#5970),(#5971,
#5972),(#5973,#5974),(#5975,#5976),(#5977,#5978),(#5979,#5980),(#5981,#5982),
(#5983,#5984),(#5985,#5986),(#5987,#5988),(#5989,#5990),(#5991,#5992),(#5993,
#5994),(#5995,#5996),(#5997,#5998),(#5999,#6000),(#6001,#6002),(#6003,#6004)),
 .UNSPECIFIED.,.F.,.F.,.F.)
B_SPLINE_SURFACE_WITH_KNOTS((6,1,1,1,1,1,1,1,1,1,1,1,1,1,1,6),(2,2),(0.,
0.0666666666666667,0.133333333333333,0.2,0.266666666666667,0.333333333333333,
0.4,0.466666666666667,0.533333333333333,0.6,0.666666666666667,0.733333333333333,
0.8,0.866666666666667,0.933333333333333,1.),(-0.5,0.5),.UNSPECIFIED.)
GEOMETRIC_REPRESENTATION_ITEM()
RATIONAL_B_SPLINE_SURFACE(((1.,1.),(1.,1.),(1.,1.),(1.,1.),(1.,1.),(1.,
1.),(1.,1.),(1.,1.),(1.,1.),(1.,1.),(1.,1.),(1.,1.),(1.,1.),(1.,1.),(1.,
1.),(1.,1.),(1.,1.),(1.,1.),(1.,1.),(1.,1.)))
REPRESENTATION_ITEM('')
SURFACE()
);
#34=(
BOUNDED_SURFACE()
B_SPLINE_SURFACE(5,1,((#6192,#6193),(#6194,#6195),(#6196,#6197),(#6198,
#6199),(#6200,#6201),(#6202,#6203),(#6204,#6205),(#6206,#6207),(#6208,#6209),
(#6210,#6211),(#6212,#6213),(#6214,#6215),(#6216,#6217),(#6218,#6219),(#6220,
#6221),(#6222,#6223),(#6224,#6225),(#6226,#6227),(#6228,#6229),(#6230,#6231),
(#6232,#6233),(#6234,#6235),(#6236,#6237),(#6238,#6239),(#6240,#6241)),
 .UNSPECIFIED.,.F.,.F.,.F.)
B_SPLINE_SURFACE_WITH_KNOTS((6,1,1,1,1,1,1,1,1,1,1,1,1,1,1,1,1,1,1,1,6),
(2,2),(-1.,-0.95,-0.9,-0.85,-0.8,-0.75,-0.7,-0.65,-0.6,-0.55,-0.5,-0.45,
-0.4,-0.35,-0.3,-0.25,-0.2,-0.15,-0.1,-0.05,0.),(0.,0.15),.UNSPECIFIED.)
GEOMETRIC_REPRESENTATION_ITEM()
RATIONAL_B_SPLINE_SURFACE(((1.,1.),(1.,1.),(1.,1.),(1.,1.),(1.,1.),(1.,
1.),(1.,1.),(1.,1.),(1.,1.),(1.,1.),(1.,1.),(1.,1.),(1.,1.),(1.,1.),(1.,
1.),(1.,1.),(1.,1.),(1.,1.),(1.,1.),(1.,1.),(1.,1.),(1.,1.),(1.,1.),(1.,
1.),(1.,1.)))
REPRESENTATION_ITEM('')
SURFACE()
);
#35=(
BOUNDED_SURFACE()
B_SPLINE_SURFACE(5,1,((#6853,#6854),(#6855,#6856),(#6857,#6858),(#6859,
#6860),(#6861,#6862),(#6863,#6864),(#6865,#6866),(#6867,#6868),(#6869,#6870),
(#6871,#6872),(#6873,#6874),(#6875,#6876),(#6877,#6878),(#6879,#6880),(#6881,
#6882),(#6883,#6884),(#6885,#6886),(#6887,#6888),(#6889,#6890),(#6891,#6892),
(#6893,#6894),(#6895,#6896),(#6897,#6898),(#6899,#6900),(#6901,#6902)),
 .UNSPECIFIED.,.F.,.F.,.F.)
B_SPLINE_SURFACE_WITH_KNOTS((6,1,1,1,1,1,1,1,1,1,1,1,1,1,1,1,1,1,1,1,6),
(2,2),(-1.,-0.95,-0.9,-0.85,-0.8,-0.75,-0.7,-0.65,-0.6,-0.55,-0.5,-0.45,
-0.4,-0.35,-0.3,-0.25,-0.2,-0.15,-0.1,-0.05,0.),(0.,0.15),.UNSPECIFIED.)
GEOMETRIC_REPRESENTATION_ITEM()
RATIONAL_B_SPLINE_SURFACE(((1.,1.),(1.,1.),(1.,1.),(1.,1.),(1.,1.),(1.,
1.),(1.,1.),(1.,1.),(1.,1.),(1.,1.),(1.,1.),(1.,1.),(1.,1.),(1.,1.),(1.,
1.),(1.,1.),(1.,1.),(1.,1.),(1.,1.),(1.,1.),(1.,1.),(1.,1.),(1.,1.),(1.,
1.),(1.,1.)))
REPRESENTATION_ITEM('')
SURFACE()
);
#36=(
BOUNDED_SURFACE()
B_SPLINE_SURFACE(5,1,((#7836,#7837),(#7838,#7839),(#7840,#7841),(#7842,
#7843),(#7844,#7845),(#7846,#7847),(#7848,#7849),(#7850,#7851),(#7852,#7853),
(#7854,#7855),(#7856,#7857),(#7858,#7859),(#7860,#7861),(#7862,#7863),(#7864,
#7865),(#7866,#7867),(#7868,#7869),(#7870,#7871),(#7872,#7873),(#7874,#7875)),
 .UNSPECIFIED.,.F.,.F.,.F.)
B_SPLINE_SURFACE_WITH_KNOTS((6,1,1,1,1,1,1,1,1,1,1,1,1,1,1,6),(2,2),(0.,
0.0666666666666667,0.133333333333333,0.2,0.266666666666667,0.333333333333333,
0.4,0.466666666666667,0.533333333333333,0.6,0.666666666666667,0.733333333333333,
0.8,0.866666666666667,0.933333333333333,1.),(-0.5,0.5),.UNSPECIFIED.)
GEOMETRIC_REPRESENTATION_ITEM()
RATIONAL_B_SPLINE_SURFACE(((1.,1.),(1.,1.),(1.,1.),(1.,1.),(1.,1.),(1.,
1.),(1.,1.),(1.,1.),(1.,1.),(1.,1.),(1.,1.),(1.,1.),(1.,1.),(1.,1.),(1.,
1.),(1.,1.),(1.,1.),(1.,1.),(1.,1.),(1.,1.)))
REPRESENTATION_ITEM('')
SURFACE()
);
#37=FACE_BOUND('',#447,.T.);
#38=FACE_BOUND('',#586,.T.);
#39=FACE_BOUND('',#602,.T.);
#40=FACE_BOUND('',#625,.T.);
#41=FACE_BOUND('',#642,.T.);
#42=FACE_BOUND('',#649,.T.);
#43=(
BOUNDED_CURVE()
B_SPLINE_CURVE(5,(#5771,#5772,#5773,#5774,#5775,#5776,#5777),
 .UNSPECIFIED.,.F.,.F.)
B_SPLINE_CURVE_WITH_KNOTS((6,1,6),(0.139976787048017,0.15,0.189960223218867),
 .UNSPECIFIED.)
CURVE()
GEOMETRIC_REPRESENTATION_ITEM()
RATIONAL_B_SPLINE_CURVE((1.,1.,1.,1.,1.,1.,1.))
REPRESENTATION_ITEM('')
);
#44=(
BOUNDED_CURVE()
B_SPLINE_CURVE(5,(#5890,#5891,#5892,#5893,#5894,#5895,#5896),
 .UNSPECIFIED.,.F.,.F.)
B_SPLINE_CURVE_WITH_KNOTS((6,1,6),(0.139976787048017,0.15,0.189960223218867),
 .UNSPECIFIED.)
CURVE()
GEOMETRIC_REPRESENTATION_ITEM()
RATIONAL_B_SPLINE_CURVE((1.,1.,1.,1.,1.,1.,1.))
REPRESENTATION_ITEM('')
);
#45=(
BOUNDED_CURVE()
B_SPLINE_CURVE(5,(#6011,#6012,#6013,#6014,#6015,#6016,#6017,#6018,#6019),
 .UNSPECIFIED.,.F.,.F.)
B_SPLINE_CURVE_WITH_KNOTS((6,1,1,1,6),(0.11062211487708,0.133333333333333,
0.2,0.266666666666667,0.269906851912724),.UNSPECIFIED.)
CURVE()
GEOMETRIC_REPRESENTATION_ITEM()
RATIONAL_B_SPLINE_CURVE((1.,1.,1.,1.,1.,1.,1.,1.,1.))
REPRESENTATION_ITEM('')
);
#46=(
BOUNDED_CURVE()
B_SPLINE_CURVE(5,(#6036,#6037,#6038,#6039,#6040,#6041,#6042,#6043),
 .UNSPECIFIED.,.F.,.F.)
B_SPLINE_CURVE_WITH_KNOTS((6,1,1,6),(0.33401536761846,0.4,0.466666666666667,
0.516642616962305),.UNSPECIFIED.)
CURVE()
GEOMETRIC_REPRESENTATION_ITEM()
RATIONAL_B_SPLINE_CURVE((1.,1.,1.,1.,1.,1.,1.,1.))
REPRESENTATION_ITEM('')
);
#47=(
BOUNDED_CURVE()
B_SPLINE_CURVE(5,(#6243,#6244,#6245,#6246,#6247,#6248,#6249),
 .UNSPECIFIED.,.F.,.F.)
B_SPLINE_CURVE_WITH_KNOTS((6,1,6),(-0.189960223218867,-0.15,-0.139976787048017),
 .UNSPECIFIED.)
CURVE()
GEOMETRIC_REPRESENTATION_ITEM()
RATIONAL_B_SPLINE_CURVE((1.,1.,1.,1.,1.,1.,1.))
REPRESENTATION_ITEM('')
);
#48=(
BOUNDED_CURVE()
B_SPLINE_CURVE(5,(#6903,#6904,#6905,#6906,#6907,#6908,#6909),
 .UNSPECIFIED.,.F.,.F.)
B_SPLINE_CURVE_WITH_KNOTS((6,1,6),(-0.189960223218867,-0.15,-0.139976787048016),
 .UNSPECIFIED.)
CURVE()
GEOMETRIC_REPRESENTATION_ITEM()
RATIONAL_B_SPLINE_CURVE((1.,1.,1.,1.,1.,1.,1.))
REPRESENTATION_ITEM('')
);
#49=(
BOUNDED_CURVE()
B_SPLINE_CURVE(5,(#7953,#7954,#7955,#7956,#7957,#7958,#7959,#7960),
 .UNSPECIFIED.,.F.,.F.)
B_SPLINE_CURVE_WITH_KNOTS((6,1,1,6),(0.33401536761846,0.4,0.466666666666667,
0.516642616962304),.UNSPECIFIED.)
CURVE()
GEOMETRIC_REPRESENTATION_ITEM()
RATIONAL_B_SPLINE_CURVE((1.,1.,1.,1.,1.,1.,1.,1.))
REPRESENTATION_ITEM('')
);
#50=(
BOUNDED_CURVE()
B_SPLINE_CURVE(5,(#7977,#7978,#7979,#7980,#7981,#7982,#7983,#7984,#7985),
 .UNSPECIFIED.,.F.,.F.)
B_SPLINE_CURVE_WITH_KNOTS((6,1,1,1,6),(0.11062211487708,0.133333333333333,
0.2,0.266666666666667,0.269906851912724),.UNSPECIFIED.)
CURVE()
GEOMETRIC_REPRESENTATION_ITEM()
RATIONAL_B_SPLINE_CURVE((1.,1.,1.,1.,1.,1.,1.,1.,1.))
REPRESENTATION_ITEM('')
);
#51=(
BOUNDED_CURVE()
B_SPLINE_CURVE(3,(#8000,#8001,#8002,#8003,#8004,#8005,#8006,#8007,#8008),
 .UNSPECIFIED.,.F.,.F.)
B_SPLINE_CURVE_WITH_KNOTS((4,3,2,4),(-2.74506265830819,-2.74162235484131,
-2.5612824902705,-2.31039666043424),.UNSPECIFIED.)
CURVE()
GEOMETRIC_REPRESENTATION_ITEM()
RATIONAL_B_SPLINE_CURVE((1.,1.,1.,1.,1.,1.,1.,1.,1.))
REPRESENTATION_ITEM('')
);
#52=(
BOUNDED_CURVE()
B_SPLINE_CURVE(3,(#9533,#9534,#9535,#9536,#9537,#9538,#9539,#9540,#9541,
#9542,#9543,#9544,#9545,#9546,#9547,#9548,#9549,#9550,#9551,#9552,#9553,
#9554,#9555,#9556,#9557,#9558),.UNSPECIFIED.,.F.,.F.)
B_SPLINE_CURVE_WITH_KNOTS((4,3,2,3,2,3,2,3,2,2,4),(-2.74315151630623,-2.74162235484131,
-2.56128249027205,-2.28163890882502,-2.05088260508441,-1.82012630134381,
-1.76908631282505,-1.71804632430628,-1.14983708706076,-0.865732468438002,
-0.686765030834553),.UNSPECIFIED.)
CURVE()
GEOMETRIC_REPRESENTATION_ITEM()
RATIONAL_B_SPLINE_CURVE((1.,1.,1.,1.,1.,1.,1.,1.,1.,1.,1.,1.,1.,1.,1.,1.,
1.,1.,1.,1.,1.,1.,1.,1.,1.,1.))
REPRESENTATION_ITEM('')
);
#53=(
BOUNDED_CURVE()
B_SPLINE_CURVE(3,(#9569,#9570,#9571,#9572,#9573,#9574,#9575,#9576,#9577),
 .UNSPECIFIED.,.F.,.F.)
B_SPLINE_CURVE_WITH_KNOTS((4,2,3,4),(2.31039666043424,2.56128249027205,
2.74162235484131,2.74506327786621),.UNSPECIFIED.)
CURVE()
GEOMETRIC_REPRESENTATION_ITEM()
RATIONAL_B_SPLINE_CURVE((1.,1.,1.,1.,1.,1.,1.,1.,1.))
REPRESENTATION_ITEM('')
);
#54=(
BOUNDED_CURVE()
B_SPLINE_CURVE(3,(#9768,#9769,#9770,#9771,#9772,#9773,#9774,#9775,#9776,
#9777,#9778,#9779,#9780,#9781,#9782,#9783,#9784,#9785,#9786,#9787,#9788,
#9789,#9790,#9791,#9792,#9793),.UNSPECIFIED.,.F.,.F.)
B_SPLINE_CURVE_WITH_KNOTS((4,2,2,3,2,3,2,3,2,3,4),(0.686765030832605,0.866155636758896,
1.1501191992748,1.7180463243066,1.76908631282521,1.82012630134381,2.05088260508444,
2.28163890882506,2.5612824902705,2.74162235484131,2.74315151630631),
 .UNSPECIFIED.)
CURVE()
GEOMETRIC_REPRESENTATION_ITEM()
RATIONAL_B_SPLINE_CURVE((1.,1.,1.,1.,1.,1.,1.,1.,1.,1.,1.,1.,1.,1.,1.,1.,
1.,1.,1.,1.,1.,1.,1.,1.,1.,1.))
REPRESENTATION_ITEM('')
);
#55=CIRCLE('',#4303,9.81579936562712);
#56=CIRCLE('',#4304,4.00000000000002);
#57=CIRCLE('',#4305,5.);
#58=CIRCLE('',#4306,5.);
#59=CIRCLE('',#4307,4.00000000000001);
#60=CIRCLE('',#4308,9.81579936562712);
#61=CIRCLE('',#4380,1.5);
#62=CIRCLE('',#4381,2.4);
#63=CIRCLE('',#4383,10.5);
#64=CIRCLE('',#4384,4.31579936562712);
#65=CIRCLE('',#4387,1.25);
#66=CIRCLE('',#4389,1.25);
#67=CIRCLE('',#4396,2.);
#68=CIRCLE('',#4398,2.);
#69=CIRCLE('',#4400,1.5);
#70=CIRCLE('',#4409,10.5);
#71=CIRCLE('',#4414,4.31579936562712);
#72=CIRCLE('',#4417,5.);
#73=CIRCLE('',#4420,4.00000000000002);
#74=CIRCLE('',#4423,9.81579936562712);
#75=CIRCLE('',#4431,1.5);
#76=CIRCLE('',#4432,2.4);
#77=CIRCLE('',#4434,4.31579936562712);
#78=CIRCLE('',#4435,10.5);
#79=CIRCLE('',#4438,1.25);
#80=CIRCLE('',#4440,1.25);
#81=CIRCLE('',#4454,2.);
#82=CIRCLE('',#4456,2.);
#83=CIRCLE('',#4458,1.5);
#84=CIRCLE('',#4467,9.81579936562712);
#85=CIRCLE('',#4468,4.00000000000001);
#86=CIRCLE('',#4469,5.);
#87=CIRCLE('',#4470,10.5);
#88=CIRCLE('',#4471,4.31579936562712);
#89=PLANE('',#4302);
#90=PLANE('',#4309);
#91=PLANE('',#4310);
#92=PLANE('',#4311);
#93=PLANE('',#4312);
#94=PLANE('',#4313);
#95=PLANE('',#4314);
#96=PLANE('',#4315);
#97=PLANE('',#4316);
#98=PLANE('',#4317);
#99=PLANE('',#4318);
#100=PLANE('',#4319);
#101=PLANE('',#4320);
#102=PLANE('',#4321);
#103=PLANE('',#4322);
#104=PLANE('',#4323);
#105=PLANE('',#4324);
#106=PLANE('',#4325);
#107=PLANE('',#4326);
#108=PLANE('',#4327);
#109=PLANE('',#4328);
#110=PLANE('',#4329);
#111=PLANE('',#4330);
#112=PLANE('',#4331);
#113=PLANE('',#4332);
#114=PLANE('',#4333);
#115=PLANE('',#4334);
#116=PLANE('',#4335);
#117=PLANE('',#4336);
#118=PLANE('',#4337);
#119=PLANE('',#4338);
#120=PLANE('',#4339);
#121=PLANE('',#4340);
#122=PLANE('',#4341);
#123=PLANE('',#4342);
#124=PLANE('',#4343);
#125=PLANE('',#4344);
#126=PLANE('',#4345);
#127=PLANE('',#4346);
#128=PLANE('',#4347);
#129=PLANE('',#4348);
#130=PLANE('',#4349);
#131=PLANE('',#4350);
#132=PLANE('',#4351);
#133=PLANE('',#4352);
#134=PLANE('',#4353);
#135=PLANE('',#4354);
#136=PLANE('',#4355);
#137=PLANE('',#4356);
#138=PLANE('',#4357);
#139=PLANE('',#4358);
#140=PLANE('',#4359);
#141=PLANE('',#4360);
#142=PLANE('',#4361);
#143=PLANE('',#4362);
#144=PLANE('',#4363);
#145=PLANE('',#4364);
#146=PLANE('',#4365);
#147=PLANE('',#4366);
#148=PLANE('',#4367);
#149=PLANE('',#4368);
#150=PLANE('',#4369);
#151=PLANE('',#4370);
#152=PLANE('',#4371);
#153=PLANE('',#4372);
#154=PLANE('',#4373);
#155=PLANE('',#4374);
#156=PLANE('',#4375);
#157=PLANE('',#4376);
#158=PLANE('',#4377);
#159=PLANE('',#4378);
#160=PLANE('',#4379);
#161=PLANE('',#4382);
#162=PLANE('',#4385);
#163=PLANE('',#4386);
#164=PLANE('',#4390);
#165=PLANE('',#4391);
#166=PLANE('',#4392);
#167=PLANE('',#4393);
#168=PLANE('',#4394);
#169=PLANE('',#4401);
#170=PLANE('',#4402);
#171=PLANE('',#4403);
#172=PLANE('',#4404);
#173=PLANE('',#4405);
#174=PLANE('',#4406);
#175=PLANE('',#4407);
#176=PLANE('',#4410);
#177=PLANE('',#4411);
#178=PLANE('',#4412);
#179=PLANE('',#4415);
#180=PLANE('',#4418);
#181=PLANE('',#4421);
#182=PLANE('',#4424);
#183=PLANE('',#4425);
#184=PLANE('',#4426);
#185=PLANE('',#4427);
#186=PLANE('',#4428);
#187=PLANE('',#4429);
#188=PLANE('',#4430);
#189=PLANE('',#4433);
#190=PLANE('',#4436);
#191=PLANE('',#4437);
#192=PLANE('',#4441);
#193=PLANE('',#4442);
#194=PLANE('',#4443);
#195=PLANE('',#4444);
#196=PLANE('',#4445);
#197=PLANE('',#4446);
#198=PLANE('',#4447);
#199=PLANE('',#4448);
#200=PLANE('',#4449);
#201=PLANE('',#4450);
#202=PLANE('',#4451);
#203=PLANE('',#4452);
#204=PLANE('',#4459);
#205=PLANE('',#4460);
#206=PLANE('',#4461);
#207=PLANE('',#4462);
#208=PLANE('',#4463);
#209=PLANE('',#4464);
#210=PLANE('',#4465);
#211=PLANE('',#4466);
#212=PLANE('',#4473);
#213=PLANE('',#4474);
#214=PLANE('',#4475);
#215=PLANE('',#4476);
#216=PLANE('',#4478);
#217=PLANE('',#4480);
#218=PLANE('',#4482);
#219=PLANE('',#4484);
#220=FACE_OUTER_BOUND('',#441,.T.);
#221=FACE_OUTER_BOUND('',#442,.T.);
#222=FACE_OUTER_BOUND('',#443,.T.);
#223=FACE_OUTER_BOUND('',#444,.T.);
#224=FACE_OUTER_BOUND('',#445,.T.);
#225=FACE_OUTER_BOUND('',#446,.T.);
#226=FACE_OUTER_BOUND('',#448,.T.);
#227=FACE_OUTER_BOUND('',#449,.T.);
#228=FACE_OUTER_BOUND('',#450,.T.);
#229=FACE_OUTER_BOUND('',#451,.T.);
#230=FACE_OUTER_BOUND('',#452,.T.);
#231=FACE_OUTER_BOUND('',#453,.T.);
#232=FACE_OUTER_BOUND('',#454,.T.);
#233=FACE_OUTER_BOUND('',#455,.T.);
#234=FACE_OUTER_BOUND('',#456,.T.);
#235=FACE_OUTER_BOUND('',#457,.T.);
#236=FACE_OUTER_BOUND('',#458,.T.);
#237=FACE_OUTER_BOUND('',#459,.T.);
#238=FACE_OUTER_BOUND('',#460,.T.);
#239=FACE_OUTER_BOUND('',#461,.T.);
#240=FACE_OUTER_BOUND('',#462,.T.);
#241=FACE_OUTER_BOUND('',#463,.T.);
#242=FACE_OUTER_BOUND('',#464,.T.);
#243=FACE_OUTER_BOUND('',#465,.T.);
#244=FACE_OUTER_BOUND('',#466,.T.);
#245=FACE_OUTER_BOUND('',#467,.T.);
#246=FACE_OUTER_BOUND('',#468,.T.);
#247=FACE_OUTER_BOUND('',#469,.T.);
#248=FACE_OUTER_BOUND('',#470,.T.);
#249=FACE_OUTER_BOUND('',#471,.T.);
#250=FACE_OUTER_BOUND('',#472,.T.);
#251=FACE_OUTER_BOUND('',#473,.T.);
#252=FACE_OUTER_BOUND('',#474,.T.);
#253=FACE_OUTER_BOUND('',#475,.T.);
#254=FACE_OUTER_BOUND('',#476,.T.);
#255=FACE_OUTER_BOUND('',#477,.T.);
#256=FACE_OUTER_BOUND('',#478,.T.);
#257=FACE_OUTER_BOUND('',#479,.T.);
#258=FACE_OUTER_BOUND('',#480,.T.);
#259=FACE_OUTER_BOUND('',#481,.T.);
#260=FACE_OUTER_BOUND('',#482,.T.);
#261=FACE_OUTER_BOUND('',#483,.T.);
#262=FACE_OUTER_BOUND('',#484,.T.);
#263=FACE_OUTER_BOUND('',#485,.T.);
#264=FACE_OUTER_BOUND('',#486,.T.);
#265=FACE_OUTER_BOUND('',#487,.T.);
#266=FACE_OUTER_BOUND('',#488,.T.);
#267=FACE_OUTER_BOUND('',#489,.T.);
#268=FACE_OUTER_BOUND('',#490,.T.);
#269=FACE_OUTER_BOUND('',#491,.T.);
#270=FACE_OUTER_BOUND('',#492,.T.);
#271=FACE_OUTER_BOUND('',#493,.T.);
#272=FACE_OUTER_BOUND('',#494,.T.);
#273=FACE_OUTER_BOUND('',#495,.T.);
#274=FACE_OUTER_BOUND('',#496,.T.);
#275=FACE_OUTER_BOUND('',#497,.T.);
#276=FACE_OUTER_BOUND('',#498,.T.);
#277=FACE_OUTER_BOUND('',#499,.T.);
#278=FACE_OUTER_BOUND('',#500,.T.);
#279=FACE_OUTER_BOUND('',#501,.T.);
#280=FACE_OUTER_BOUND('',#502,.T.);
#281=FACE_OUTER_BOUND('',#503,.T.);
#282=FACE_OUTER_BOUND('',#504,.T.);
#283=FACE_OUTER_BOUND('',#505,.T.);
#284=FACE_OUTER_BOUND('',#506,.T.);
#285=FACE_OUTER_BOUND('',#507,.T.);
#286=FACE_OUTER_BOUND('',#508,.T.);
#287=FACE_OUTER_BOUND('',#509,.T.);
#288=FACE_OUTER_BOUND('',#510,.T.);
#289=FACE_OUTER_BOUND('',#511,.T.);
#290=FACE_OUTER_BOUND('',#512,.T.);
#291=FACE_OUTER_BOUND('',#513,.T.);
#292=FACE_OUTER_BOUND('',#514,.T.);
#293=FACE_OUTER_BOUND('',#515,.T.);
#294=FACE_OUTER_BOUND('',#516,.T.);
#295=FACE_OUTER_BOUND('',#517,.T.);
#296=FACE_OUTER_BOUND('',#518,.T.);
#297=FACE_OUTER_BOUND('',#519,.T.);
#298=FACE_OUTER_BOUND('',#520,.T.);
#299=FACE_OUTER_BOUND('',#521,.T.);
#300=FACE_OUTER_BOUND('',#522,.T.);
#301=FACE_OUTER_BOUND('',#523,.T.);
#302=FACE_OUTER_BOUND('',#524,.T.);
#303=FACE_OUTER_BOUND('',#525,.T.);
#304=FACE_OUTER_BOUND('',#526,.T.);
#305=FACE_OUTER_BOUND('',#527,.T.);
#306=FACE_OUTER_BOUND('',#528,.T.);
#307=FACE_OUTER_BOUND('',#529,.T.);
#308=FACE_OUTER_BOUND('',#530,.T.);
#309=FACE_OUTER_BOUND('',#531,.T.);
#310=FACE_OUTER_BOUND('',#532,.T.);
#311=FACE_OUTER_BOUND('',#533,.T.);
#312=FACE_OUTER_BOUND('',#534,.T.);
#313=FACE_OUTER_BOUND('',#535,.T.);
#314=FACE_OUTER_BOUND('',#536,.T.);
#315=FACE_OUTER_BOUND('',#537,.T.);
#316=FACE_OUTER_BOUND('',#538,.T.);
#317=FACE_OUTER_BOUND('',#539,.T.);
#318=FACE_OUTER_BOUND('',#540,.T.);
#319=FACE_OUTER_BOUND('',#541,.T.);
#320=FACE_OUTER_BOUND('',#542,.T.);
#321=FACE_OUTER_BOUND('',#543,.T.);
#322=FACE_OUTER_BOUND('',#544,.T.);
#323=FACE_OUTER_BOUND('',#545,.T.);
#324=FACE_OUTER_BOUND('',#546,.T.);
#325=FACE_OUTER_BOUND('',#547,.T.);
#326=FACE_OUTER_BOUND('',#548,.T.);
#327=FACE_OUTER_BOUND('',#549,.T.);
#328=FACE_OUTER_BOUND('',#550,.T.);
#329=FACE_OUTER_BOUND('',#551,.T.);
#330=FACE_OUTER_BOUND('',#552,.T.);
#331=FACE_OUTER_BOUND('',#553,.T.);
#332=FACE_OUTER_BOUND('',#554,.T.);
#333=FACE_OUTER_BOUND('',#555,.T.);
#334=FACE_OUTER_BOUND('',#556,.T.);
#335=FACE_OUTER_BOUND('',#557,.T.);
#336=FACE_OUTER_BOUND('',#558,.T.);
#337=FACE_OUTER_BOUND('',#559,.T.);
#338=FACE_OUTER_BOUND('',#560,.T.);
#339=FACE_OUTER_BOUND('',#561,.T.);
#340=FACE_OUTER_BOUND('',#562,.T.);
#341=FACE_OUTER_BOUND('',#563,.T.);
#342=FACE_OUTER_BOUND('',#564,.T.);
#343=FACE_OUTER_BOUND('',#565,.T.);
#344=FACE_OUTER_BOUND('',#566,.T.);
#345=FACE_OUTER_BOUND('',#567,.T.);
#346=FACE_OUTER_BOUND('',#568,.T.);
#347=FACE_OUTER_BOUND('',#569,.T.);
#348=FACE_OUTER_BOUND('',#570,.T.);
#349=FACE_OUTER_BOUND('',#571,.T.);
#350=FACE_OUTER_BOUND('',#572,.T.);
#351=FACE_OUTER_BOUND('',#573,.T.);
#352=FACE_OUTER_BOUND('',#574,.T.);
#353=FACE_OUTER_BOUND('',#575,.T.);
#354=FACE_OUTER_BOUND('',#576,.T.);
#355=FACE_OUTER_BOUND('',#577,.T.);
#356=FACE_OUTER_BOUND('',#578,.T.);
#357=FACE_OUTER_BOUND('',#579,.T.);
#358=FACE_OUTER_BOUND('',#580,.T.);
#359=FACE_OUTER_BOUND('',#581,.T.);
#360=FACE_OUTER_BOUND('',#582,.T.);
#361=FACE_OUTER_BOUND('',#583,.T.);
#362=FACE_OUTER_BOUND('',#584,.T.);
#363=FACE_OUTER_BOUND('',#585,.T.);
#364=FACE_OUTER_BOUND('',#587,.T.);
#365=FACE_OUTER_BOUND('',#588,.T.);
#366=FACE_OUTER_BOUND('',#589,.T.);
#367=FACE_OUTER_BOUND('',#590,.T.);
#368=FACE_OUTER_BOUND('',#591,.T.);
#369=FACE_OUTER_BOUND('',#592,.T.);
#370=FACE_OUTER_BOUND('',#593,.T.);
#371=FACE_OUTER_BOUND('',#594,.T.);
#372=FACE_OUTER_BOUND('',#595,.T.);
#373=FACE_OUTER_BOUND('',#596,.T.);
#374=FACE_OUTER_BOUND('',#597,.T.);
#375=FACE_OUTER_BOUND('',#598,.T.);
#376=FACE_OUTER_BOUND('',#599,.T.);
#377=FACE_OUTER_BOUND('',#600,.T.);
#378=FACE_OUTER_BOUND('',#601,.T.);
#379=FACE_OUTER_BOUND('',#603,.T.);
#380=FACE_OUTER_BOUND('',#604,.T.);
#381=FACE_OUTER_BOUND('',#605,.T.);
#382=FACE_OUTER_BOUND('',#606,.T.);
#383=FACE_OUTER_BOUND('',#607,.T.);
#384=FACE_OUTER_BOUND('',#608,.T.);
#385=FACE_OUTER_BOUND('',#609,.T.);
#386=FACE_OUTER_BOUND('',#610,.T.);
#387=FACE_OUTER_BOUND('',#611,.T.);
#388=FACE_OUTER_BOUND('',#612,.T.);
#389=FACE_OUTER_BOUND('',#613,.T.);
#390=FACE_OUTER_BOUND('',#614,.T.);
#391=FACE_OUTER_BOUND('',#615,.T.);
#392=FACE_OUTER_BOUND('',#616,.T.);
#393=FACE_OUTER_BOUND('',#617,.T.);
#394=FACE_OUTER_BOUND('',#618,.T.);
#395=FACE_OUTER_BOUND('',#619,.T.);
#396=FACE_OUTER_BOUND('',#620,.T.);
#397=FACE_OUTER_BOUND('',#621,.T.);
#398=FACE_OUTER_BOUND('',#622,.T.);
#399=FACE_OUTER_BOUND('',#623,.T.);
#400=FACE_OUTER_BOUND('',#624,.T.);
#401=FACE_OUTER_BOUND('',#626,.T.);
#402=FACE_OUTER_BOUND('',#627,.T.);
#403=FACE_OUTER_BOUND('',#628,.T.);
#404=FACE_OUTER_BOUND('',#629,.T.);
#405=FACE_OUTER_BOUND('',#630,.T.);
#406=FACE_OUTER_BOUND('',#631,.T.);
#407=FACE_OUTER_BOUND('',#632,.T.);
#408=FACE_OUTER_BOUND('',#633,.T.);
#409=FACE_OUTER_BOUND('',#634,.T.);
#410=FACE_OUTER_BOUND('',#635,.T.);
#411=FACE_OUTER_BOUND('',#636,.T.);
#412=FACE_OUTER_BOUND('',#637,.T.);
#413=FACE_OUTER_BOUND('',#638,.T.);
#414=FACE_OUTER_BOUND('',#639,.T.);
#415=FACE_OUTER_BOUND('',#640,.T.);
#416=FACE_OUTER_BOUND('',#641,.T.);
#417=FACE_OUTER_BOUND('',#643,.T.);
#418=FACE_OUTER_BOUND('',#644,.T.);
#419=FACE_OUTER_BOUND('',#645,.T.);
#420=FACE_OUTER_BOUND('',#646,.T.);
#421=FACE_OUTER_BOUND('',#647,.T.);
#422=FACE_OUTER_BOUND('',#648,.T.);
#423=FACE_OUTER_BOUND('',#650,.T.);
#424=FACE_OUTER_BOUND('',#651,.T.);
#425=FACE_OUTER_BOUND('',#652,.T.);
#426=FACE_OUTER_BOUND('',#653,.T.);
#427=FACE_OUTER_BOUND('',#654,.T.);
#428=FACE_OUTER_BOUND('',#655,.T.);
#429=FACE_OUTER_BOUND('',#656,.T.);
#430=FACE_OUTER_BOUND('',#657,.T.);
#431=FACE_OUTER_BOUND('',#658,.T.);
#432=FACE_OUTER_BOUND('',#659,.T.);
#433=FACE_OUTER_BOUND('',#660,.T.);
#434=FACE_OUTER_BOUND('',#661,.T.);
#435=FACE_OUTER_BOUND('',#662,.T.);
#436=FACE_OUTER_BOUND('',#663,.T.);
#437=FACE_OUTER_BOUND('',#664,.T.);
#438=FACE_OUTER_BOUND('',#665,.T.);
#439=FACE_OUTER_BOUND('',#666,.T.);
#440=FACE_OUTER_BOUND('',#667,.T.);
#441=EDGE_LOOP('',(#2723,#2724,#2725,#2726));
#442=EDGE_LOOP('',(#2727,#2728,#2729,#2730));
#443=EDGE_LOOP('',(#2731,#2732,#2733,#2734));
#444=EDGE_LOOP('',(#2735,#2736,#2737,#2738));
#445=EDGE_LOOP('',(#2739,#2740,#2741,#2742,#2743,#2744));
#446=EDGE_LOOP('',(#2745,#2746,#2747,#2748,#2749,#2750,#2751,#2752,#2753,
#2754,#2755,#2756,#2757,#2758,#2759,#2760,#2761,#2762,#2763,#2764,#2765,
#2766,#2767,#2768,#2769,#2770,#2771,#2772,#2773,#2774,#2775,#2776));
#447=EDGE_LOOP('',(#2777,#2778,#2779,#2780));
#448=EDGE_LOOP('',(#2781,#2782,#2783,#2784,#2785,#2786,#2787,#2788,#2789,
#2790));
#449=EDGE_LOOP('',(#2791,#2792,#2793,#2794,#2795,#2796,#2797,#2798));
#450=EDGE_LOOP('',(#2799,#2800,#2801,#2802,#2803,#2804));
#451=EDGE_LOOP('',(#2805,#2806,#2807,#2808));
#452=EDGE_LOOP('',(#2809,#2810,#2811,#2812,#2813,#2814,#2815,#2816));
#453=EDGE_LOOP('',(#2817,#2818,#2819,#2820,#2821,#2822,#2823,#2824,#2825));
#454=EDGE_LOOP('',(#2826,#2827,#2828,#2829));
#455=EDGE_LOOP('',(#2830,#2831,#2832,#2833,#2834,#2835,#2836));
#456=EDGE_LOOP('',(#2837,#2838,#2839,#2840));
#457=EDGE_LOOP('',(#2841,#2842,#2843,#2844));
#458=EDGE_LOOP('',(#2845,#2846,#2847,#2848,#2849));
#459=EDGE_LOOP('',(#2850,#2851,#2852,#2853));
#460=EDGE_LOOP('',(#2854,#2855,#2856,#2857,#2858,#2859,#2860));
#461=EDGE_LOOP('',(#2861,#2862,#2863,#2864));
#462=EDGE_LOOP('',(#2865,#2866,#2867,#2868,#2869,#2870,#2871,#2872,#2873,
#2874,#2875,#2876,#2877,#2878,#2879,#2880,#2881,#2882,#2883));
#463=EDGE_LOOP('',(#2884,#2885,#2886,#2887,#2888,#2889));
#464=EDGE_LOOP('',(#2890,#2891,#2892,#2893,#2894,#2895,#2896,#2897));
#465=EDGE_LOOP('',(#2898,#2899,#2900,#2901,#2902,#2903));
#466=EDGE_LOOP('',(#2904,#2905,#2906,#2907,#2908,#2909));
#467=EDGE_LOOP('',(#2910,#2911));
#468=EDGE_LOOP('',(#2912,#2913,#2914,#2915));
#469=EDGE_LOOP('',(#2916,#2917,#2918,#2919,#2920,#2921,#2922,#2923));
#470=EDGE_LOOP('',(#2924,#2925,#2926,#2927,#2928,#2929,#2930,#2931,#2932,
#2933,#2934,#2935,#2936,#2937,#2938,#2939,#2940,#2941,#2942,#2943,#2944,
#2945,#2946,#2947));
#471=EDGE_LOOP('',(#2948,#2949,#2950,#2951));
#472=EDGE_LOOP('',(#2952,#2953,#2954,#2955));
#473=EDGE_LOOP('',(#2956,#2957,#2958,#2959));
#474=EDGE_LOOP('',(#2960,#2961,#2962,#2963));
#475=EDGE_LOOP('',(#2964,#2965,#2966,#2967));
#476=EDGE_LOOP('',(#2968,#2969,#2970,#2971,#2972,#2973));
#477=EDGE_LOOP('',(#2974,#2975,#2976,#2977));
#478=EDGE_LOOP('',(#2978,#2979,#2980,#2981));
#479=EDGE_LOOP('',(#2982,#2983,#2984,#2985));
#480=EDGE_LOOP('',(#2986,#2987,#2988,#2989,#2990));
#481=EDGE_LOOP('',(#2991,#2992,#2993,#2994));
#482=EDGE_LOOP('',(#2995,#2996,#2997,#2998));
#483=EDGE_LOOP('',(#2999,#3000,#3001,#3002,#3003,#3004,#3005,#3006,#3007,
#3008));
#484=EDGE_LOOP('',(#3009,#3010,#3011,#3012,#3013,#3014,#3015,#3016));
#485=EDGE_LOOP('',(#3017,#3018,#3019,#3020,#3021));
#486=EDGE_LOOP('',(#3022,#3023,#3024,#3025,#3026,#3027));
#487=EDGE_LOOP('',(#3028,#3029));
#488=EDGE_LOOP('',(#3030,#3031,#3032,#3033));
#489=EDGE_LOOP('',(#3034,#3035,#3036,#3037));
#490=EDGE_LOOP('',(#3038,#3039,#3040,#3041));
#491=EDGE_LOOP('',(#3042,#3043,#3044,#3045,#3046,#3047,#3048));
#492=EDGE_LOOP('',(#3049,#3050,#3051,#3052));
#493=EDGE_LOOP('',(#3053,#3054,#3055,#3056));
#494=EDGE_LOOP('',(#3057,#3058,#3059,#3060));
#495=EDGE_LOOP('',(#3061,#3062,#3063,#3064));
#496=EDGE_LOOP('',(#3065,#3066,#3067,#3068));
#497=EDGE_LOOP('',(#3069,#3070,#3071,#3072,#3073,#3074));
#498=EDGE_LOOP('',(#3075,#3076,#3077,#3078,#3079,#3080));
#499=EDGE_LOOP('',(#3081,#3082,#3083));
#500=EDGE_LOOP('',(#3084,#3085,#3086,#3087,#3088,#3089));
#501=EDGE_LOOP('',(#3090,#3091,#3092));
#502=EDGE_LOOP('',(#3093,#3094,#3095,#3096,#3097,#3098,#3099));
#503=EDGE_LOOP('',(#3100,#3101,#3102));
#504=EDGE_LOOP('',(#3103,#3104,#3105,#3106,#3107,#3108,#3109));
#505=EDGE_LOOP('',(#3110,#3111,#3112));
#506=EDGE_LOOP('',(#3113,#3114,#3115,#3116,#3117,#3118,#3119,#3120,#3121,
#3122,#3123,#3124,#3125,#3126,#3127,#3128,#3129,#3130));
#507=EDGE_LOOP('',(#3131,#3132,#3133,#3134,#3135,#3136));
#508=EDGE_LOOP('',(#3137,#3138,#3139,#3140));
#509=EDGE_LOOP('',(#3141,#3142,#3143,#3144));
#510=EDGE_LOOP('',(#3145,#3146,#3147,#3148));
#511=EDGE_LOOP('',(#3149,#3150,#3151,#3152));
#512=EDGE_LOOP('',(#3153,#3154,#3155,#3156));
#513=EDGE_LOOP('',(#3157,#3158,#3159,#3160,#3161,#3162));
#514=EDGE_LOOP('',(#3163,#3164,#3165,#3166,#3167,#3168,#3169,#3170,#3171,
#3172,#3173,#3174,#3175,#3176,#3177,#3178,#3179,#3180));
#515=EDGE_LOOP('',(#3181,#3182,#3183,#3184,#3185,#3186,#3187,#3188,#3189,
#3190,#3191,#3192,#3193,#3194,#3195,#3196,#3197,#3198,#3199,#3200));
#516=EDGE_LOOP('',(#3201,#3202,#3203,#3204,#3205,#3206,#3207,#3208,#3209,
#3210));
#517=EDGE_LOOP('',(#3211,#3212,#3213,#3214,#3215,#3216,#3217,#3218,#3219,
#3220));
#518=EDGE_LOOP('',(#3221,#3222,#3223,#3224,#3225,#3226));
#519=EDGE_LOOP('',(#3227,#3228,#3229,#3230));
#520=EDGE_LOOP('',(#3231,#3232,#3233,#3234));
#521=EDGE_LOOP('',(#3235,#3236,#3237,#3238));
#522=EDGE_LOOP('',(#3239,#3240,#3241,#3242));
#523=EDGE_LOOP('',(#3243,#3244,#3245,#3246,#3247,#3248));
#524=EDGE_LOOP('',(#3249,#3250,#3251,#3252,#3253,#3254,#3255,#3256,#3257,
#3258,#3259,#3260,#3261,#3262,#3263,#3264));
#525=EDGE_LOOP('',(#3265,#3266,#3267,#3268,#3269,#3270,#3271,#3272,#3273));
#526=EDGE_LOOP('',(#3274,#3275,#3276,#3277));
#527=EDGE_LOOP('',(#3278,#3279,#3280,#3281,#3282,#3283));
#528=EDGE_LOOP('',(#3284,#3285,#3286,#3287,#3288));
#529=EDGE_LOOP('',(#3289,#3290,#3291,#3292,#3293,#3294));
#530=EDGE_LOOP('',(#3295,#3296,#3297,#3298));
#531=EDGE_LOOP('',(#3299,#3300,#3301,#3302,#3303,#3304));
#532=EDGE_LOOP('',(#3305,#3306,#3307,#3308));
#533=EDGE_LOOP('',(#3309,#3310,#3311,#3312));
#534=EDGE_LOOP('',(#3313,#3314,#3315,#3316));
#535=EDGE_LOOP('',(#3317,#3318,#3319,#3320,#3321));
#536=EDGE_LOOP('',(#3322,#3323,#3324,#3325,#3326));
#537=EDGE_LOOP('',(#3327,#3328,#3329,#3330));
#538=EDGE_LOOP('',(#3331,#3332,#3333,#3334));
#539=EDGE_LOOP('',(#3335,#3336,#3337,#3338));
#540=EDGE_LOOP('',(#3339,#3340,#3341,#3342));
#541=EDGE_LOOP('',(#3343,#3344,#3345,#3346,#3347));
#542=EDGE_LOOP('',(#3348,#3349,#3350,#3351));
#543=EDGE_LOOP('',(#3352,#3353,#3354,#3355,#3356));
#544=EDGE_LOOP('',(#3357,#3358,#3359,#3360,#3361,#3362));
#545=EDGE_LOOP('',(#3363,#3364,#3365,#3366,#3367,#3368));
#546=EDGE_LOOP('',(#3369,#3370,#3371,#3372,#3373,#3374));
#547=EDGE_LOOP('',(#3375,#3376,#3377,#3378,#3379,#3380));
#548=EDGE_LOOP('',(#3381,#3382,#3383,#3384,#3385));
#549=EDGE_LOOP('',(#3386,#3387,#3388,#3389));
#550=EDGE_LOOP('',(#3390,#3391,#3392,#3393,#3394));
#551=EDGE_LOOP('',(#3395,#3396,#3397,#3398,#3399,#3400));
#552=EDGE_LOOP('',(#3401,#3402,#3403,#3404));
#553=EDGE_LOOP('',(#3405,#3406,#3407,#3408));
#554=EDGE_LOOP('',(#3409,#3410,#3411,#3412));
#555=EDGE_LOOP('',(#3413,#3414,#3415,#3416));
#556=EDGE_LOOP('',(#3417,#3418,#3419,#3420));
#557=EDGE_LOOP('',(#3421,#3422,#3423,#3424));
#558=EDGE_LOOP('',(#3425,#3426,#3427,#3428,#3429,#3430));
#559=EDGE_LOOP('',(#3431,#3432,#3433,#3434,#3435,#3436));
#560=EDGE_LOOP('',(#3437,#3438,#3439,#3440,#3441,#3442));
#561=EDGE_LOOP('',(#3443,#3444,#3445,#3446,#3447));
#562=EDGE_LOOP('',(#3448,#3449,#3450,#3451,#3452));
#563=EDGE_LOOP('',(#3453,#3454,#3455,#3456));
#564=EDGE_LOOP('',(#3457,#3458,#3459,#3460));
#565=EDGE_LOOP('',(#3461,#3462,#3463,#3464));
#566=EDGE_LOOP('',(#3465,#3466,#3467,#3468));
#567=EDGE_LOOP('',(#3469,#3470,#3471,#3472));
#568=EDGE_LOOP('',(#3473,#3474,#3475,#3476,#3477));
#569=EDGE_LOOP('',(#3478,#3479,#3480,#3481));
#570=EDGE_LOOP('',(#3482,#3483,#3484,#3485,#3486));
#571=EDGE_LOOP('',(#3487,#3488,#3489,#3490));
#572=EDGE_LOOP('',(#3491,#3492,#3493,#3494));
#573=EDGE_LOOP('',(#3495,#3496,#3497,#3498));
#574=EDGE_LOOP('',(#3499,#3500,#3501,#3502,#3503));
#575=EDGE_LOOP('',(#3504,#3505,#3506,#3507,#3508));
#576=EDGE_LOOP('',(#3509,#3510,#3511,#3512,#3513));
#577=EDGE_LOOP('',(#3514,#3515,#3516,#3517,#3518));
#578=EDGE_LOOP('',(#3519,#3520,#3521));
#579=EDGE_LOOP('',(#3522,#3523,#3524));
#580=EDGE_LOOP('',(#3525,#3526,#3527,#3528,#3529,#3530,#3531,#3532,#3533));
#581=EDGE_LOOP('',(#3534,#3535,#3536));
#582=EDGE_LOOP('',(#3537,#3538,#3539,#3540,#3541,#3542));
#583=EDGE_LOOP('',(#3543,#3544,#3545,#3546,#3547,#3548,#3549));
#584=EDGE_LOOP('',(#3550,#3551,#3552,#3553,#3554,#3555,#3556));
#585=EDGE_LOOP('',(#3557,#3558,#3559,#3560,#3561));
#586=EDGE_LOOP('',(#3562));
#587=EDGE_LOOP('',(#3563,#3564,#3565,#3566,#3567,#3568,#3569,#3570,#3571));
#588=EDGE_LOOP('',(#3572,#3573,#3574,#3575,#3576));
#589=EDGE_LOOP('',(#3577,#3578,#3579,#3580,#3581,#3582,#3583));
#590=EDGE_LOOP('',(#3584,#3585,#3586,#3587));
#591=EDGE_LOOP('',(#3588,#3589,#3590,#3591,#3592,#3593,#3594,#3595,#3596,
#3597,#3598,#3599));
#592=EDGE_LOOP('',(#3600,#3601,#3602,#3603));
#593=EDGE_LOOP('',(#3604,#3605,#3606,#3607));
#594=EDGE_LOOP('',(#3608,#3609,#3610,#3611,#3612,#3613));
#595=EDGE_LOOP('',(#3614,#3615,#3616,#3617));
#596=EDGE_LOOP('',(#3618,#3619,#3620,#3621));
#597=EDGE_LOOP('',(#3622,#3623,#3624,#3625));
#598=EDGE_LOOP('',(#3626,#3627,#3628,#3629));
#599=EDGE_LOOP('',(#3630,#3631,#3632,#3633,#3634,#3635));
#600=EDGE_LOOP('',(#3636,#3637,#3638,#3639));
#601=EDGE_LOOP('',(#3640,#3641,#3642,#3643,#3644));
#602=EDGE_LOOP('',(#3645));
#603=EDGE_LOOP('',(#3646,#3647,#3648,#3649,#3650));
#604=EDGE_LOOP('',(#3651,#3652,#3653,#3654,#3655));
#605=EDGE_LOOP('',(#3656,#3657,#3658,#3659,#3660,#3661));
#606=EDGE_LOOP('',(#3662,#3663,#3664,#3665));
#607=EDGE_LOOP('',(#3666,#3667,#3668,#3669));
#608=EDGE_LOOP('',(#3670,#3671,#3672,#3673));
#609=EDGE_LOOP('',(#3674,#3675,#3676,#3677));
#610=EDGE_LOOP('',(#3678,#3679,#3680,#3681));
#611=EDGE_LOOP('',(#3682,#3683,#3684,#3685));
#612=EDGE_LOOP('',(#3686,#3687,#3688,#3689));
#613=EDGE_LOOP('',(#3690,#3691,#3692,#3693));
#614=EDGE_LOOP('',(#3694,#3695,#3696,#3697));
#615=EDGE_LOOP('',(#3698,#3699,#3700,#3701));
#616=EDGE_LOOP('',(#3702,#3703,#3704,#3705));
#617=EDGE_LOOP('',(#3706,#3707,#3708,#3709));
#618=EDGE_LOOP('',(#3710,#3711,#3712,#3713));
#619=EDGE_LOOP('',(#3714,#3715,#3716,#3717,#3718,#3719,#3720,#3721,#3722));
#620=EDGE_LOOP('',(#3723,#3724,#3725));
#621=EDGE_LOOP('',(#3726,#3727,#3728,#3729,#3730,#3731));
#622=EDGE_LOOP('',(#3732,#3733,#3734,#3735,#3736,#3737,#3738));
#623=EDGE_LOOP('',(#3739,#3740,#3741,#3742,#3743,#3744,#3745));
#624=EDGE_LOOP('',(#3746,#3747,#3748,#3749,#3750));
#625=EDGE_LOOP('',(#3751));
#626=EDGE_LOOP('',(#3752,#3753,#3754,#3755,#3756,#3757,#3758,#3759,#3760));
#627=EDGE_LOOP('',(#3761,#3762,#3763,#3764,#3765));
#628=EDGE_LOOP('',(#3766,#3767,#3768,#3769,#3770,#3771,#3772));
#629=EDGE_LOOP('',(#3773,#3774,#3775,#3776));
#630=EDGE_LOOP('',(#3777,#3778,#3779,#3780,#3781,#3782,#3783,#3784,#3785,
#3786,#3787,#3788));
#631=EDGE_LOOP('',(#3789,#3790,#3791,#3792));
#632=EDGE_LOOP('',(#3793,#3794,#3795,#3796));
#633=EDGE_LOOP('',(#3797,#3798,#3799,#3800,#3801,#3802));
#634=EDGE_LOOP('',(#3803,#3804,#3805,#3806,#3807,#3808));
#635=EDGE_LOOP('',(#3809,#3810,#3811,#3812));
#636=EDGE_LOOP('',(#3813,#3814,#3815,#3816,#3817,#3818,#3819,#3820));
#637=EDGE_LOOP('',(#3821,#3822,#3823,#3824,#3825,#3826,#3827));
#638=EDGE_LOOP('',(#3828,#3829,#3830,#3831));
#639=EDGE_LOOP('',(#3832,#3833,#3834,#3835,#3836,#3837,#3838));
#640=EDGE_LOOP('',(#3839,#3840,#3841,#3842,#3843,#3844));
#641=EDGE_LOOP('',(#3845,#3846,#3847,#3848,#3849,#3850,#3851,#3852,#3853,
#3854,#3855,#3856,#3857,#3858,#3859,#3860,#3861,#3862,#3863,#3864,#3865,
#3866,#3867,#3868,#3869,#3870,#3871));
#642=EDGE_LOOP('',(#3872,#3873,#3874,#3875));
#643=EDGE_LOOP('',(#3876,#3877,#3878,#3879));
#644=EDGE_LOOP('',(#3880,#3881,#3882,#3883));
#645=EDGE_LOOP('',(#3884,#3885,#3886,#3887));
#646=EDGE_LOOP('',(#3888,#3889,#3890,#3891,#3892,#3893));
#647=EDGE_LOOP('',(#3894,#3895,#3896,#3897));
#648=EDGE_LOOP('',(#3898,#3899,#3900,#3901,#3902));
#649=EDGE_LOOP('',(#3903));
#650=EDGE_LOOP('',(#3904,#3905,#3906,#3907,#3908));
#651=EDGE_LOOP('',(#3909,#3910,#3911,#3912,#3913));
#652=EDGE_LOOP('',(#3914,#3915,#3916,#3917,#3918,#3919));
#653=EDGE_LOOP('',(#3920,#3921,#3922,#3923));
#654=EDGE_LOOP('',(#3924,#3925,#3926,#3927,#3928,#3929,#3930,#3931,#3932,
#3933,#3934,#3935,#3936,#3937,#3938,#3939,#3940,#3941,#3942,#3943,#3944,
#3945,#3946,#3947,#3948,#3949,#3950,#3951,#3952,#3953,#3954,#3955,#3956,
#3957,#3958));
#655=EDGE_LOOP('',(#3959,#3960,#3961,#3962));
#656=EDGE_LOOP('',(#3963,#3964,#3965,#3966));
#657=EDGE_LOOP('',(#3967,#3968,#3969,#3970));
#658=EDGE_LOOP('',(#3971,#3972,#3973,#3974));
#659=EDGE_LOOP('',(#3975,#3976,#3977,#3978));
#660=EDGE_LOOP('',(#3979,#3980,#3981,#3982));
#661=EDGE_LOOP('',(#3983,#3984,#3985,#3986));
#662=EDGE_LOOP('',(#3987,#3988,#3989,#3990));
#663=EDGE_LOOP('',(#3991,#3992,#3993,#3994));
#664=EDGE_LOOP('',(#3995,#3996,#3997,#3998));
#665=EDGE_LOOP('',(#3999,#4000,#4001,#4002));
#666=EDGE_LOOP('',(#4003,#4004,#4005,#4006));
#667=EDGE_LOOP('',(#4007,#4008,#4009,#4010));
#668=LINE('',#5264,#1056);
#669=LINE('',#5359,#1057);
#670=LINE('',#5598,#1058);
#671=LINE('',#5602,#1059);
#672=LINE('',#5606,#1060);
#673=LINE('',#5610,#1061);
#674=LINE('',#5612,#1062);
#675=LINE('',#5616,#1063);
#676=LINE('',#5620,#1064);
#677=LINE('',#5624,#1065);
#678=LINE('',#5793,#1066);
#679=LINE('',#5818,#1067);
#680=LINE('',#5842,#1068);
#681=LINE('',#5867,#1069);
#682=LINE('',#6118,#1070);
#683=LINE('',#6145,#1071);
#684=LINE('',#6523,#1072);
#685=LINE('',#6611,#1073);
#686=LINE('',#6732,#1074);
#687=LINE('',#6734,#1075);
#688=LINE('',#6736,#1076);
#689=LINE('',#6737,#1077);
#690=LINE('',#6740,#1078);
#691=LINE('',#6741,#1079);
#692=LINE('',#6744,#1080);
#693=LINE('',#6757,#1081);
#694=LINE('',#6770,#1082);
#695=LINE('',#6783,#1083);
#696=LINE('',#6785,#1084);
#697=LINE('',#6787,#1085);
#698=LINE('',#6789,#1086);
#699=LINE('',#6791,#1087);
#700=LINE('',#6793,#1088);
#701=LINE('',#6795,#1089);
#702=LINE('',#6797,#1090);
#703=LINE('',#6799,#1091);
#704=LINE('',#6801,#1092);
#705=LINE('',#6802,#1093);
#706=LINE('',#6805,#1094);
#707=LINE('',#6812,#1095);
#708=LINE('',#6814,#1096);
#709=LINE('',#6816,#1097);
#710=LINE('',#6818,#1098);
#711=LINE('',#6819,#1099);
#712=LINE('',#6822,#1100);
#713=LINE('',#6831,#1101);
#714=LINE('',#6841,#1102);
#715=LINE('',#6986,#1103);
#716=LINE('',#7011,#1104);
#717=LINE('',#7035,#1105);
#718=LINE('',#7060,#1106);
#719=LINE('',#7190,#1107);
#720=LINE('',#7215,#1108);
#721=LINE('',#7239,#1109);
#722=LINE('',#7264,#1110);
#723=LINE('',#7347,#1111);
#724=LINE('',#7348,#1112);
#725=LINE('',#7369,#1113);
#726=LINE('',#7371,#1114);
#727=LINE('',#7453,#1115);
#728=LINE('',#7462,#1116);
#729=LINE('',#7585,#1117);
#730=LINE('',#7598,#1118);
#731=LINE('',#7743,#1119);
#732=LINE('',#7877,#1120);
#733=LINE('',#7991,#1121);
#734=LINE('',#7998,#1122);
#735=LINE('',#8009,#1123);
#736=LINE('',#8012,#1124);
#737=LINE('',#8032,#1125);
#738=LINE('',#8033,#1126);
#739=LINE('',#8078,#1127);
#740=LINE('',#8080,#1128);
#741=LINE('',#8189,#1129);
#742=LINE('',#8190,#1130);
#743=LINE('',#8302,#1131);
#744=LINE('',#8419,#1132);
#745=LINE('',#8421,#1133);
#746=LINE('',#8423,#1134);
#747=LINE('',#8425,#1135);
#748=LINE('',#8427,#1136);
#749=LINE('',#8446,#1137);
#750=LINE('',#8447,#1138);
#751=LINE('',#8451,#1139);
#752=LINE('',#8453,#1140);
#753=LINE('',#8455,#1141);
#754=LINE('',#8477,#1142);
#755=LINE('',#8478,#1143);
#756=LINE('',#8481,#1144);
#757=LINE('',#8482,#1145);
#758=LINE('',#8486,#1146);
#759=LINE('',#8488,#1147);
#760=LINE('',#8490,#1148);
#761=LINE('',#8492,#1149);
#762=LINE('',#8494,#1150);
#763=LINE('',#8500,#1151);
#764=LINE('',#8503,#1152);
#765=LINE('',#8504,#1153);
#766=LINE('',#8508,#1154);
#767=LINE('',#8510,#1155);
#768=LINE('',#8512,#1156);
#769=LINE('',#8514,#1157);
#770=LINE('',#8521,#1158);
#771=LINE('',#8522,#1159);
#772=LINE('',#8525,#1160);
#773=LINE('',#8526,#1161);
#774=LINE('',#8541,#1162);
#775=LINE('',#8553,#1163);
#776=LINE('',#8565,#1164);
#777=LINE('',#8583,#1165);
#778=LINE('',#8595,#1166);
#779=LINE('',#8607,#1167);
#780=LINE('',#8661,#1168);
#781=LINE('',#8664,#1169);
#782=LINE('',#8666,#1170);
#783=LINE('',#8667,#1171);
#784=LINE('',#8698,#1172);
#785=LINE('',#8701,#1173);
#786=LINE('',#8703,#1174);
#787=LINE('',#8704,#1175);
#788=LINE('',#8735,#1176);
#789=LINE('',#8738,#1177);
#790=LINE('',#8740,#1178);
#791=LINE('',#8741,#1179);
#792=LINE('',#8812,#1180);
#793=LINE('',#8828,#1181);
#794=LINE('',#8844,#1182);
#795=LINE('',#8874,#1183);
#796=LINE('',#8876,#1184);
#797=LINE('',#8889,#1185);
#798=LINE('',#8899,#1186);
#799=LINE('',#8908,#1187);
#800=LINE('',#8911,#1188);
#801=LINE('',#8946,#1189);
#802=LINE('',#8948,#1190);
#803=LINE('',#8977,#1191);
#804=LINE('',#8980,#1192);
#805=LINE('',#9009,#1193);
#806=LINE('',#9011,#1194);
#807=LINE('',#9046,#1195);
#808=LINE('',#9084,#1196);
#809=LINE('',#9087,#1197);
#810=LINE('',#9088,#1198);
#811=LINE('',#9102,#1199);
#812=LINE('',#9116,#1200);
#813=LINE('',#9119,#1201);
#814=LINE('',#9120,#1202);
#815=LINE('',#9176,#1203);
#816=LINE('',#9194,#1204);
#817=LINE('',#9353,#1205);
#818=LINE('',#9355,#1206);
#819=LINE('',#9801,#1207);
#820=LINE('',#9804,#1208);
#821=LINE('',#9813,#1209);
#822=LINE('',#9828,#1210);
#823=LINE('',#9829,#1211);
#824=LINE('',#9831,#1212);
#825=LINE('',#9864,#1213);
#826=LINE('',#9866,#1214);
#827=LINE('',#9899,#1215);
#828=LINE('',#9933,#1216);
#829=LINE('',#9951,#1217);
#830=LINE('',#10001,#1218);
#831=LINE('',#10051,#1219);
#832=LINE('',#10132,#1220);
#833=LINE('',#10165,#1221);
#834=LINE('',#10166,#1222);
#835=LINE('',#10168,#1223);
#836=LINE('',#10199,#1224);
#837=LINE('',#10226,#1225);
#838=LINE('',#10228,#1226);
#839=LINE('',#10273,#1227);
#840=LINE('',#10300,#1228);
#841=LINE('',#10301,#1229);
#842=LINE('',#10303,#1230);
#843=LINE('',#10336,#1231);
#844=LINE('',#10339,#1232);
#845=LINE('',#10340,#1233);
#846=LINE('',#10343,#1234);
#847=LINE('',#10344,#1235);
#848=LINE('',#10376,#1236);
#849=LINE('',#10379,#1237);
#850=LINE('',#10380,#1238);
#851=LINE('',#10394,#1239);
#852=LINE('',#10408,#1240);
#853=LINE('',#10411,#1241);
#854=LINE('',#10412,#1242);
#855=LINE('',#10444,#1243);
#856=LINE('',#10447,#1244);
#857=LINE('',#10448,#1245);
#858=LINE('',#10482,#1246);
#859=LINE('',#10510,#1247);
#860=LINE('',#10523,#1248);
#861=LINE('',#10524,#1249);
#862=LINE('',#10557,#1250);
#863=LINE('',#10564,#1251);
#864=LINE('',#10565,#1252);
#865=LINE('',#10588,#1253);
#866=LINE('',#10591,#1254);
#867=LINE('',#10592,#1255);
#868=LINE('',#10615,#1256);
#869=LINE('',#10618,#1257);
#870=LINE('',#10619,#1258);
#871=LINE('',#10671,#1259);
#872=LINE('',#10673,#1260);
#873=LINE('',#10706,#1261);
#874=LINE('',#10708,#1262);
#875=LINE('',#10741,#1263);
#876=LINE('',#10774,#1264);
#877=LINE('',#10879,#1265);
#878=LINE('',#10881,#1266);
#879=LINE('',#10883,#1267);
#880=LINE('',#10885,#1268);
#881=LINE('',#10887,#1269);
#882=LINE('',#10889,#1270);
#883=LINE('',#10891,#1271);
#884=LINE('',#10893,#1272);
#885=LINE('',#10894,#1273);
#886=LINE('',#10897,#1274);
#887=LINE('',#10898,#1275);
#888=LINE('',#10901,#1276);
#889=LINE('',#10902,#1277);
#890=LINE('',#10903,#1278);
#891=LINE('',#10905,#1279);
#892=LINE('',#10908,#1280);
#893=LINE('',#10910,#1281);
#894=LINE('',#10912,#1282);
#895=LINE('',#10913,#1283);
#896=LINE('',#10916,#1284);
#897=LINE('',#10919,#1285);
#898=LINE('',#10924,#1286);
#899=LINE('',#10926,#1287);
#900=LINE('',#10930,#1288);
#901=LINE('',#10932,#1289);
#902=LINE('',#10936,#1290);
#903=LINE('',#10937,#1291);
#904=LINE('',#10940,#1292);
#905=LINE('',#10941,#1293);
#906=LINE('',#10944,#1294);
#907=LINE('',#10946,#1295);
#908=LINE('',#10950,#1296);
#909=LINE('',#10951,#1297);
#910=LINE('',#10954,#1298);
#911=LINE('',#10957,#1299);
#912=LINE('',#10960,#1300);
#913=LINE('',#10961,#1301);
#914=LINE('',#10963,#1302);
#915=LINE('',#10965,#1303);
#916=LINE('',#10967,#1304);
#917=LINE('',#10969,#1305);
#918=LINE('',#10971,#1306);
#919=LINE('',#10973,#1307);
#920=LINE('',#10975,#1308);
#921=LINE('',#10976,#1309);
#922=LINE('',#10978,#1310);
#923=LINE('',#10981,#1311);
#924=LINE('',#10983,#1312);
#925=LINE('',#10984,#1313);
#926=LINE('',#10987,#1314);
#927=LINE('',#10988,#1315);
#928=LINE('',#10991,#1316);
#929=LINE('',#10992,#1317);
#930=LINE('',#10995,#1318);
#931=LINE('',#10999,#1319);
#932=LINE('',#11003,#1320);
#933=LINE('',#11006,#1321);
#934=LINE('',#11009,#1322);
#935=LINE('',#11010,#1323);
#936=LINE('',#11012,#1324);
#937=LINE('',#11014,#1325);
#938=LINE('',#11017,#1326);
#939=LINE('',#11019,#1327);
#940=LINE('',#11020,#1328);
#941=LINE('',#11022,#1329);
#942=LINE('',#11024,#1330);
#943=LINE('',#11029,#1331);
#944=LINE('',#11032,#1332);
#945=LINE('',#11034,#1333);
#946=LINE('',#11035,#1334);
#947=LINE('',#11038,#1335);
#948=LINE('',#11039,#1336);
#949=LINE('',#11042,#1337);
#950=LINE('',#11043,#1338);
#951=LINE('',#11047,#1339);
#952=LINE('',#11050,#1340);
#953=LINE('',#11052,#1341);
#954=LINE('',#11053,#1342);
#955=LINE('',#11056,#1343);
#956=LINE('',#11060,#1344);
#957=LINE('',#11061,#1345);
#958=LINE('',#11064,#1346);
#959=LINE('',#11068,#1347);
#960=LINE('',#11069,#1348);
#961=LINE('',#11073,#1349);
#962=LINE('',#11077,#1350);
#963=LINE('',#11079,#1351);
#964=LINE('',#11081,#1352);
#965=LINE('',#11083,#1353);
#966=LINE('',#11085,#1354);
#967=LINE('',#11087,#1355);
#968=LINE('',#11089,#1356);
#969=LINE('',#11091,#1357);
#970=LINE('',#11092,#1358);
#971=LINE('',#11095,#1359);
#972=LINE('',#11096,#1360);
#973=LINE('',#11099,#1361);
#974=LINE('',#11101,#1362);
#975=LINE('',#11103,#1363);
#976=LINE('',#11104,#1364);
#977=LINE('',#11106,#1365);
#978=LINE('',#11108,#1366);
#979=LINE('',#11110,#1367);
#980=LINE('',#11111,#1368);
#981=LINE('',#11114,#1369);
#982=LINE('',#11116,#1370);
#983=LINE('',#11118,#1371);
#984=LINE('',#11119,#1372);
#985=LINE('',#11122,#1373);
#986=LINE('',#11125,#1374);
#987=LINE('',#11130,#1375);
#988=LINE('',#11132,#1376);
#989=LINE('',#11134,#1377);
#990=LINE('',#11138,#1378);
#991=LINE('',#11140,#1379);
#992=LINE('',#11143,#1380);
#993=LINE('',#11146,#1381);
#994=LINE('',#11147,#1382);
#995=LINE('',#11150,#1383);
#996=LINE('',#11152,#1384);
#997=LINE('',#11156,#1385);
#998=LINE('',#11157,#1386);
#999=LINE('',#11160,#1387);
#1000=LINE('',#11163,#1388);
#1001=LINE('',#11166,#1389);
#1002=LINE('',#11168,#1390);
#1003=LINE('',#11170,#1391);
#1004=LINE('',#11172,#1392);
#1005=LINE('',#11174,#1393);
#1006=LINE('',#11176,#1394);
#1007=LINE('',#11178,#1395);
#1008=LINE('',#11179,#1396);
#1009=LINE('',#11181,#1397);
#1010=LINE('',#11182,#1398);
#1011=LINE('',#11184,#1399);
#1012=LINE('',#11186,#1400);
#1013=LINE('',#11187,#1401);
#1014=LINE('',#11190,#1402);
#1015=LINE('',#11192,#1403);
#1016=LINE('',#11193,#1404);
#1017=LINE('',#11195,#1405);
#1018=LINE('',#11199,#1406);
#1019=LINE('',#11200,#1407);
#1020=LINE('',#11201,#1408);
#1021=LINE('',#11203,#1409);
#1022=LINE('',#11204,#1410);
#1023=LINE('',#11208,#1411);
#1024=LINE('',#11209,#1412);
#1025=LINE('',#11214,#1413);
#1026=LINE('',#11218,#1414);
#1027=LINE('',#11222,#1415);
#1028=LINE('',#11225,#1416);
#1029=LINE('',#11228,#1417);
#1030=LINE('',#11229,#1418);
#1031=LINE('',#11231,#1419);
#1032=LINE('',#11233,#1420);
#1033=LINE('',#11236,#1421);
#1034=LINE('',#11238,#1422);
#1035=LINE('',#11239,#1423);
#1036=LINE('',#11241,#1424);
#1037=LINE('',#11243,#1425);
#1038=LINE('',#11249,#1426);
#1039=LINE('',#11253,#1427);
#1040=LINE('',#11256,#1428);
#1041=LINE('',#11258,#1429);
#1042=LINE('',#11259,#1430);
#1043=LINE('',#11263,#1431);
#1044=LINE('',#11265,#1432);
#1045=LINE('',#11268,#1433);
#1046=LINE('',#11270,#1434);
#1047=LINE('',#11272,#1435);
#1048=LINE('',#11275,#1436);
#1049=LINE('',#11277,#1437);
#1050=LINE('',#11279,#1438);
#1051=LINE('',#11281,#1439);
#1052=LINE('',#11283,#1440);
#1053=LINE('',#11285,#1441);
#1054=LINE('',#11287,#1442);
#1055=LINE('',#11289,#1443);
#1056=VECTOR('',#4487,10.);
#1057=VECTOR('',#4488,10.);
#1058=VECTOR('',#4491,10.);
#1059=VECTOR('',#4494,10.);
#1060=VECTOR('',#4497,10.);
#1061=VECTOR('',#4500,10.);
#1062=VECTOR('',#4501,10.);
#1063=VECTOR('',#4504,10.);
#1064=VECTOR('',#4507,10.);
#1065=VECTOR('',#4510,10.);
#1066=VECTOR('',#4511,10.);
#1067=VECTOR('',#4512,10.);
#1068=VECTOR('',#4513,10.);
#1069=VECTOR('',#4514,10.);
#1070=VECTOR('',#4515,10.);
#1071=VECTOR('',#4518,10.);
#1072=VECTOR('',#4521,10.);
#1073=VECTOR('',#4522,10.);
#1074=VECTOR('',#4525,10.);
#1075=VECTOR('',#4526,10.);
#1076=VECTOR('',#4527,10.);
#1077=VECTOR('',#4528,10.);
#1078=VECTOR('',#4531,10.);
#1079=VECTOR('',#4532,10.);
#1080=VECTOR('',#4535,10.);
#1081=VECTOR('',#4536,10.);
#1082=VECTOR('',#4537,10.);
#1083=VECTOR('',#4538,10.);
#1084=VECTOR('',#4539,10.);
#1085=VECTOR('',#4540,10.);
#1086=VECTOR('',#4541,10.);
#1087=VECTOR('',#4542,10.);
#1088=VECTOR('',#4543,10.);
#1089=VECTOR('',#4544,10.);
#1090=VECTOR('',#4545,10.);
#1091=VECTOR('',#4546,10.);
#1092=VECTOR('',#4547,10.);
#1093=VECTOR('',#4548,10.);
#1094=VECTOR('',#4551,10.);
#1095=VECTOR('',#4554,10.);
#1096=VECTOR('',#4555,10.);
#1097=VECTOR('',#4556,10.);
#1098=VECTOR('',#4557,10.);
#1099=VECTOR('',#4558,10.);
#1100=VECTOR('',#4561,10.);
#1101=VECTOR('',#4562,10.);
#1102=VECTOR('',#4565,10.);
#1103=VECTOR('',#4572,10.);
#1104=VECTOR('',#4573,10.);
#1105=VECTOR('',#4574,10.);
#1106=VECTOR('',#4575,10.);
#1107=VECTOR('',#4576,10.);
#1108=VECTOR('',#4577,10.);
#1109=VECTOR('',#4578,10.);
#1110=VECTOR('',#4579,10.);
#1111=VECTOR('',#4582,10.);
#1112=VECTOR('',#4583,10.);
#1113=VECTOR('',#4584,10.);
#1114=VECTOR('',#4587,10.);
#1115=VECTOR('',#4588,10.);
#1116=VECTOR('',#4589,10.);
#1117=VECTOR('',#4592,10.);
#1118=VECTOR('',#4595,10.);
#1119=VECTOR('',#4596,10.);
#1120=VECTOR('',#4597,10.);
#1121=VECTOR('',#4600,10.);
#1122=VECTOR('',#4603,10.);
#1123=VECTOR('',#4604,10.);
#1124=VECTOR('',#4607,10.);
#1125=VECTOR('',#4612,10.);
#1126=VECTOR('',#4613,10.);
#1127=VECTOR('',#4614,10.);
#1128=VECTOR('',#4617,10.);
#1129=VECTOR('',#4620,10.);
#1130=VECTOR('',#4621,10.);
#1131=VECTOR('',#4624,10.);
#1132=VECTOR('',#4627,10.);
#1133=VECTOR('',#4628,10.);
#1134=VECTOR('',#4629,10.);
#1135=VECTOR('',#4630,10.);
#1136=VECTOR('',#4631,10.);
#1137=VECTOR('',#4634,10.);
#1138=VECTOR('',#4635,10.);
#1139=VECTOR('',#4638,10.);
#1140=VECTOR('',#4639,10.);
#1141=VECTOR('',#4640,10.);
#1142=VECTOR('',#4641,10.);
#1143=VECTOR('',#4642,10.);
#1144=VECTOR('',#4645,10.);
#1145=VECTOR('',#4646,10.);
#1146=VECTOR('',#4649,10.);
#1147=VECTOR('',#4650,10.);
#1148=VECTOR('',#4651,10.);
#1149=VECTOR('',#4652,10.);
#1150=VECTOR('',#4653,10.);
#1151=VECTOR('',#4654,10.);
#1152=VECTOR('',#4657,10.);
#1153=VECTOR('',#4658,10.);
#1154=VECTOR('',#4661,10.);
#1155=VECTOR('',#4662,10.);
#1156=VECTOR('',#4663,10.);
#1157=VECTOR('',#4664,10.);
#1158=VECTOR('',#4665,10.);
#1159=VECTOR('',#4666,10.);
#1160=VECTOR('',#4669,10.);
#1161=VECTOR('',#4670,10.);
#1162=VECTOR('',#4673,10.);
#1163=VECTOR('',#4674,10.);
#1164=VECTOR('',#4675,10.);
#1165=VECTOR('',#4676,10.);
#1166=VECTOR('',#4677,10.);
#1167=VECTOR('',#4678,10.);
#1168=VECTOR('',#4679,10.);
#1169=VECTOR('',#4682,10.);
#1170=VECTOR('',#4683,10.);
#1171=VECTOR('',#4684,10.);
#1172=VECTOR('',#4685,10.);
#1173=VECTOR('',#4688,10.);
#1174=VECTOR('',#4689,10.);
#1175=VECTOR('',#4690,10.);
#1176=VECTOR('',#4691,10.);
#1177=VECTOR('',#4694,10.);
#1178=VECTOR('',#4695,10.);
#1179=VECTOR('',#4696,10.);
#1180=VECTOR('',#4699,10.);
#1181=VECTOR('',#4700,10.);
#1182=VECTOR('',#4701,10.);
#1183=VECTOR('',#4704,10.);
#1184=VECTOR('',#4705,10.);
#1185=VECTOR('',#4706,10.);
#1186=VECTOR('',#4707,10.);
#1187=VECTOR('',#4708,10.);
#1188=VECTOR('',#4711,10.);
#1189=VECTOR('',#4712,10.);
#1190=VECTOR('',#4713,10.);
#1191=VECTOR('',#4714,10.);
#1192=VECTOR('',#4717,10.);
#1193=VECTOR('',#4718,10.);
#1194=VECTOR('',#4719,10.);
#1195=VECTOR('',#4720,10.);
#1196=VECTOR('',#4721,10.);
#1197=VECTOR('',#4724,10.);
#1198=VECTOR('',#4725,10.);
#1199=VECTOR('',#4726,10.);
#1200=VECTOR('',#4727,10.);
#1201=VECTOR('',#4730,10.);
#1202=VECTOR('',#4731,10.);
#1203=VECTOR('',#4734,10.);
#1204=VECTOR('',#4735,10.);
#1205=VECTOR('',#4738,10.);
#1206=VECTOR('',#4739,10.);
#1207=VECTOR('',#4744,10.);
#1208=VECTOR('',#4747,10.);
#1209=VECTOR('',#4748,10.);
#1210=VECTOR('',#4749,10.);
#1211=VECTOR('',#4750,10.);
#1212=VECTOR('',#4753,10.);
#1213=VECTOR('',#4754,10.);
#1214=VECTOR('',#4757,10.);
#1215=VECTOR('',#4758,10.);
#1216=VECTOR('',#4759,10.);
#1217=VECTOR('',#4760,10.);
#1218=VECTOR('',#4761,10.);
#1219=VECTOR('',#4762,10.);
#1220=VECTOR('',#4763,10.);
#1221=VECTOR('',#4764,10.);
#1222=VECTOR('',#4765,10.);
#1223=VECTOR('',#4768,10.);
#1224=VECTOR('',#4769,10.);
#1225=VECTOR('',#4770,10.);
#1226=VECTOR('',#4771,10.);
#1227=VECTOR('',#4772,10.);
#1228=VECTOR('',#4773,10.);
#1229=VECTOR('',#4774,10.);
#1230=VECTOR('',#4777,10.);
#1231=VECTOR('',#4778,10.);
#1232=VECTOR('',#4781,10.);
#1233=VECTOR('',#4782,10.);
#1234=VECTOR('',#4785,10.);
#1235=VECTOR('',#4786,10.);
#1236=VECTOR('',#4787,10.);
#1237=VECTOR('',#4790,10.);
#1238=VECTOR('',#4791,10.);
#1239=VECTOR('',#4792,10.);
#1240=VECTOR('',#4793,10.);
#1241=VECTOR('',#4796,10.);
#1242=VECTOR('',#4797,10.);
#1243=VECTOR('',#4798,10.);
#1244=VECTOR('',#4801,10.);
#1245=VECTOR('',#4802,10.);
#1246=VECTOR('',#4803,10.);
#1247=VECTOR('',#4804,10.);
#1248=VECTOR('',#4807,10.);
#1249=VECTOR('',#4808,10.);
#1250=VECTOR('',#4809,10.);
#1251=VECTOR('',#4812,10.);
#1252=VECTOR('',#4813,10.);
#1253=VECTOR('',#4814,10.);
#1254=VECTOR('',#4817,10.);
#1255=VECTOR('',#4818,10.);
#1256=VECTOR('',#4819,10.);
#1257=VECTOR('',#4822,10.);
#1258=VECTOR('',#4823,10.);
#1259=VECTOR('',#4828,10.);
#1260=VECTOR('',#4831,10.);
#1261=VECTOR('',#4832,10.);
#1262=VECTOR('',#4835,10.);
#1263=VECTOR('',#4836,10.);
#1264=VECTOR('',#4837,10.);
#1265=VECTOR('',#4842,10.);
#1266=VECTOR('',#4843,10.);
#1267=VECTOR('',#4844,10.);
#1268=VECTOR('',#4845,10.);
#1269=VECTOR('',#4846,10.);
#1270=VECTOR('',#4847,10.);
#1271=VECTOR('',#4848,10.);
#1272=VECTOR('',#4849,10.);
#1273=VECTOR('',#4850,10.);
#1274=VECTOR('',#4853,10.);
#1275=VECTOR('',#4854,10.);
#1276=VECTOR('',#4857,10.);
#1277=VECTOR('',#4858,10.);
#1278=VECTOR('',#4859,10.);
#1279=VECTOR('',#4862,10.);
#1280=VECTOR('',#4865,10.);
#1281=VECTOR('',#4866,10.);
#1282=VECTOR('',#4867,10.);
#1283=VECTOR('',#4868,10.);
#1284=VECTOR('',#4871,10.);
#1285=VECTOR('',#4874,10.);
#1286=VECTOR('',#4879,10.);
#1287=VECTOR('',#4880,10.);
#1288=VECTOR('',#4883,10.);
#1289=VECTOR('',#4884,10.);
#1290=VECTOR('',#4887,10.);
#1291=VECTOR('',#4888,10.);
#1292=VECTOR('',#4891,10.);
#1293=VECTOR('',#4892,10.);
#1294=VECTOR('',#4895,10.);
#1295=VECTOR('',#4896,10.);
#1296=VECTOR('',#4899,10.);
#1297=VECTOR('',#4900,10.);
#1298=VECTOR('',#4903,1.25);
#1299=VECTOR('',#4906,1.25);
#1300=VECTOR('',#4909,10.);
#1301=VECTOR('',#4910,10.);
#1302=VECTOR('',#4911,10.);
#1303=VECTOR('',#4912,10.);
#1304=VECTOR('',#4913,10.);
#1305=VECTOR('',#4914,10.);
#1306=VECTOR('',#4915,10.);
#1307=VECTOR('',#4916,10.);
#1308=VECTOR('',#4917,10.);
#1309=VECTOR('',#4918,10.);
#1310=VECTOR('',#4921,10.);
#1311=VECTOR('',#4924,10.);
#1312=VECTOR('',#4925,10.);
#1313=VECTOR('',#4926,10.);
#1314=VECTOR('',#4929,10.);
#1315=VECTOR('',#4930,10.);
#1316=VECTOR('',#4933,10.);
#1317=VECTOR('',#4934,10.);
#1318=VECTOR('',#4937,2.2);
#1319=VECTOR('',#4942,2.);
#1320=VECTOR('',#4947,10.);
#1321=VECTOR('',#4950,10.);
#1322=VECTOR('',#4953,10.);
#1323=VECTOR('',#4954,10.);
#1324=VECTOR('',#4957,10.);
#1325=VECTOR('',#4960,10.);
#1326=VECTOR('',#4963,10.);
#1327=VECTOR('',#4964,10.);
#1328=VECTOR('',#4965,10.);
#1329=VECTOR('',#4968,10.);
#1330=VECTOR('',#4971,10.);
#1331=VECTOR('',#4978,10.);
#1332=VECTOR('',#4981,10.);
#1333=VECTOR('',#4982,10.);
#1334=VECTOR('',#4983,10.);
#1335=VECTOR('',#4986,10.);
#1336=VECTOR('',#4987,10.);
#1337=VECTOR('',#4990,10.);
#1338=VECTOR('',#4991,10.);
#1339=VECTOR('',#4996,10.);
#1340=VECTOR('',#4999,10.);
#1341=VECTOR('',#5000,10.);
#1342=VECTOR('',#5001,10.);
#1343=VECTOR('',#5004,10.);
#1344=VECTOR('',#5009,10.);
#1345=VECTOR('',#5010,10.);
#1346=VECTOR('',#5013,10.);
#1347=VECTOR('',#5018,10.);
#1348=VECTOR('',#5019,10.);
#1349=VECTOR('',#5026,10.);
#1350=VECTOR('',#5029,10.);
#1351=VECTOR('',#5030,10.);
#1352=VECTOR('',#5031,10.);
#1353=VECTOR('',#5032,10.);
#1354=VECTOR('',#5033,10.);
#1355=VECTOR('',#5034,10.);
#1356=VECTOR('',#5035,10.);
#1357=VECTOR('',#5036,10.);
#1358=VECTOR('',#5037,10.);
#1359=VECTOR('',#5040,10.);
#1360=VECTOR('',#5041,10.);
#1361=VECTOR('',#5044,10.);
#1362=VECTOR('',#5045,10.);
#1363=VECTOR('',#5046,10.);
#1364=VECTOR('',#5047,10.);
#1365=VECTOR('',#5050,10.);
#1366=VECTOR('',#5051,10.);
#1367=VECTOR('',#5052,10.);
#1368=VECTOR('',#5053,10.);
#1369=VECTOR('',#5056,10.);
#1370=VECTOR('',#5057,10.);
#1371=VECTOR('',#5058,10.);
#1372=VECTOR('',#5059,10.);
#1373=VECTOR('',#5062,10.);
#1374=VECTOR('',#5065,10.);
#1375=VECTOR('',#5070,10.);
#1376=VECTOR('',#5071,10.);
#1377=VECTOR('',#5072,10.);
#1378=VECTOR('',#5075,10.);
#1379=VECTOR('',#5076,10.);
#1380=VECTOR('',#5079,10.);
#1381=VECTOR('',#5082,10.);
#1382=VECTOR('',#5083,10.);
#1383=VECTOR('',#5086,10.);
#1384=VECTOR('',#5087,10.);
#1385=VECTOR('',#5090,10.);
#1386=VECTOR('',#5091,10.);
#1387=VECTOR('',#5094,1.25);
#1388=VECTOR('',#5097,1.25);
#1389=VECTOR('',#5100,10.);
#1390=VECTOR('',#5101,10.);
#1391=VECTOR('',#5102,10.);
#1392=VECTOR('',#5103,10.);
#1393=VECTOR('',#5104,10.);
#1394=VECTOR('',#5105,10.);
#1395=VECTOR('',#5106,10.);
#1396=VECTOR('',#5107,10.);
#1397=VECTOR('',#5108,10.);
#1398=VECTOR('',#5109,10.);
#1399=VECTOR('',#5112,10.);
#1400=VECTOR('',#5115,10.);
#1401=VECTOR('',#5116,10.);
#1402=VECTOR('',#5119,10.);
#1403=VECTOR('',#5120,10.);
#1404=VECTOR('',#5121,10.);
#1405=VECTOR('',#5124,10.);
#1406=VECTOR('',#5129,10.);
#1407=VECTOR('',#5130,10.);
#1408=VECTOR('',#5131,10.);
#1409=VECTOR('',#5134,10.);
#1410=VECTOR('',#5135,10.);
#1411=VECTOR('',#5140,10.);
#1412=VECTOR('',#5141,10.);
#1413=VECTOR('',#5148,2.2);
#1414=VECTOR('',#5153,2.);
#1415=VECTOR('',#5158,10.);
#1416=VECTOR('',#5161,10.);
#1417=VECTOR('',#5164,10.);
#1418=VECTOR('',#5165,10.);
#1419=VECTOR('',#5168,10.);
#1420=VECTOR('',#5171,10.);
#1421=VECTOR('',#5174,10.);
#1422=VECTOR('',#5175,10.);
#1423=VECTOR('',#5176,10.);
#1424=VECTOR('',#5179,10.);
#1425=VECTOR('',#5182,10.);
#1426=VECTOR('',#5189,10.);
#1427=VECTOR('',#5192,10.);
#1428=VECTOR('',#5195,10.);
#1429=VECTOR('',#5196,10.);
#1430=VECTOR('',#5197,10.);
#1431=VECTOR('',#5200,10.);
#1432=VECTOR('',#5201,10.);
#1433=VECTOR('',#5204,10.);
#1434=VECTOR('',#5207,10.);
#1435=VECTOR('',#5210,10.);
#1436=VECTOR('',#5215,10.);
#1437=VECTOR('',#5218,10.);
#1438=VECTOR('',#5221,10.);
#1439=VECTOR('',#5224,10.);
#1440=VECTOR('',#5227,10.);
#1441=VECTOR('',#5230,10.);
#1442=VECTOR('',#5233,10.);
#1443=VECTOR('',#5236,10.);
#1444=B_SPLINE_CURVE_WITH_KNOTS('',3,(#5256,#5257,#5258,#5259,#5260,#5261,
#5262),.UNSPECIFIED.,.F.,.F.,(4,3,4),(1.24749882369959,2.60197449624767,
3.96216394053329),.UNSPECIFIED.);
#1445=B_SPLINE_CURVE_WITH_KNOTS('',3,(#5266,#5267,#5268,#5269,#5270,#5271,
#5272),.UNSPECIFIED.,.F.,.F.,(4,3,4),(-3.96216394053329,-2.60197449624767,
-1.24749882369959),.UNSPECIFIED.);
#1446=B_SPLINE_CURVE_WITH_KNOTS('',3,(#5273,#5274,#5275,#5276,#5277,#5278),
 .UNSPECIFIED.,.F.,.F.,(4,2,4),(-0.07,-0.035,0.),.UNSPECIFIED.);
#1447=B_SPLINE_CURVE_WITH_KNOTS('',3,(#5296,#5297,#5298,#5299,#5300,#5301,
#5302,#5303,#5304,#5305),.UNSPECIFIED.,.F.,.F.,(4,3,3,4),(0.,0.462607432783008,
0.698843902919224,0.708062556144321),.UNSPECIFIED.);
#1448=B_SPLINE_CURVE_WITH_KNOTS('',3,(#5307,#5308,#5309,#5310,#5311,#5312),
 .UNSPECIFIED.,.F.,.F.,(4,2,4),(-0.07,-0.035,0.),.UNSPECIFIED.);
#1449=B_SPLINE_CURVE_WITH_KNOTS('',3,(#5313,#5314,#5315,#5316,#5317,#5318,
#5319,#5320,#5321,#5322),.UNSPECIFIED.,.F.,.F.,(4,3,3,4),(-0.708062556144321,
-0.698843902919224,-0.462607432783008,0.),.UNSPECIFIED.);
#1450=B_SPLINE_CURVE_WITH_KNOTS('',3,(#5337,#5338,#5339,#5340,#5341,#5342,
#5343),.UNSPECIFIED.,.F.,.F.,(4,3,4),(0.,0.462607432784599,0.687853177301591),
 .UNSPECIFIED.);
#1451=B_SPLINE_CURVE_WITH_KNOTS('',3,(#5345,#5346,#5347,#5348,#5349,#5350),
 .UNSPECIFIED.,.F.,.F.,(4,2,4),(-0.07,-0.035,0.),.UNSPECIFIED.);
#1452=B_SPLINE_CURVE_WITH_KNOTS('',3,(#5352,#5353,#5354,#5355,#5356,#5357,
#5358),.UNSPECIFIED.,.F.,.F.,(4,3,4),(-0.687853177301591,-0.462607432784599,
0.),.UNSPECIFIED.);
#1453=B_SPLINE_CURVE_WITH_KNOTS('',3,(#5377,#5378,#5379,#5380,#5381,#5382,
#5383,#5384,#5385,#5386),.UNSPECIFIED.,.F.,.F.,(4,3,3,4),(1.10422714160207,
1.246273087978,2.60197449624636,3.96216394053097),.UNSPECIFIED.);
#1454=B_SPLINE_CURVE_WITH_KNOTS('',3,(#5388,#5389,#5390,#5391,#5392,#5393,
#5394,#5395,#5396,#5397),.UNSPECIFIED.,.F.,.F.,(4,3,3,4),(-3.96216394053097,
-2.60197449624636,-1.246273087978,-1.10422714160207),.UNSPECIFIED.);
#1455=B_SPLINE_CURVE_WITH_KNOTS('',3,(#5398,#5399,#5400,#5401,#5402,#5403),
 .UNSPECIFIED.,.F.,.F.,(4,2,4),(-0.07,-0.035,0.),.UNSPECIFIED.);
#1456=B_SPLINE_CURVE_WITH_KNOTS('',3,(#5422,#5423,#5424,#5425),
 .UNSPECIFIED.,.F.,.F.,(4,4),(0.,1.37092732320131),.UNSPECIFIED.);
#1457=B_SPLINE_CURVE_WITH_KNOTS('',3,(#5427,#5428,#5429,#5430),
 .UNSPECIFIED.,.F.,.F.,(4,4),(1.02459973919214E-17,0.15),.UNSPECIFIED.);
#1458=B_SPLINE_CURVE_WITH_KNOTS('',3,(#5432,#5433,#5434,#5435),
 .UNSPECIFIED.,.F.,.F.,(4,4),(0.,0.782022105631718),.UNSPECIFIED.);
#1459=B_SPLINE_CURVE_WITH_KNOTS('',3,(#5437,#5438,#5439,#5440,#5441,#5442,
#5443,#5444,#5445,#5446),.UNSPECIFIED.,.F.,.F.,(4,2,2,2,4),(-0.620570818595376,
-0.510292247363348,-0.415906143765116,-0.259820202396631,-0.170413914879682),
 .UNSPECIFIED.);
#1460=B_SPLINE_CURVE_WITH_KNOTS('',3,(#5448,#5449,#5450,#5451),
 .UNSPECIFIED.,.F.,.F.,(4,4),(0.242030388250734,0.408793280791071),
 .UNSPECIFIED.);
#1461=B_SPLINE_CURVE_WITH_KNOTS('',3,(#5452,#5453,#5454,#5455),
 .UNSPECIFIED.,.F.,.F.,(4,4),(-0.15,-1.02459973919214E-17),
 .UNSPECIFIED.);
#1462=B_SPLINE_CURVE_WITH_KNOTS('',3,(#5458,#5459,#5460,#5461,#5462,#5463,
#5464,#5465,#5466,#5467,#5468,#5469,#5470,#5471,#5472,#5473,#5474,#5475,
#5476,#5477,#5478,#5479,#5480,#5481,#5482,#5483,#5484,#5485,#5486,#5487,
#5488,#5489,#5490,#5491,#5492,#5493,#5494,#5495,#5496,#5497,#5498,#5499,
#5500,#5501,#5502,#5503,#5504,#5505,#5506,#5507,#5508,#5509,#5510,#5511,
#5512,#5513,#5514,#5515,#5516,#5517,#5518,#5519,#5520,#5521,#5522,#5523,
#5524,#5525,#5526,#5527,#5528,#5529,#5530,#5531,#5532,#5533,#5534,#5535,
#5536,#5537,#5538,#5539,#5540,#5541,#5542,#5543,#5544,#5545,#5546,#5547,
#5548,#5549,#5550,#5551,#5552,#5553,#5554,#5555,#5556,#5557,#5558,#5559,
#5560,#5561,#5562,#5563,#5564,#5565,#5566,#5567,#5568,#5569,#5570,#5571,
#5572,#5573,#5574,#5575,#5576,#5577,#5578,#5579,#5580,#5581,#5582,#5583,
#5584,#5585,#5586,#5587,#5588,#5589,#5590,#5591,#5592,#5593,#5594,#5595,
#5596),.UNSPECIFIED.,.F.,.F.,(4,3,3,3,3,3,3,3,3,3,3,3,3,3,3,3,3,3,3,3,3,
3,3,3,3,3,3,3,3,3,3,3,3,3,3,3,3,3,3,3,3,3,3,3,3,3,4),(0.183002532372811,
0.256069028173659,0.333504818880397,0.417092847862398,0.511402130154351,
0.62003575341481,0.711599717120691,0.794779064175655,0.871689877399426,
0.944435640908142,1.01387271508582,1.07976948424923,1.14291998458143,1.20390042992548,
1.26418576428813,1.32535164241713,1.38749350641094,1.45071236803736,1.51803060851517,
1.59000847535132,1.66929625088377,1.76003027374959,1.86488628589698,1.95444085847432,
2.03131086632209,2.10170423584982,2.16808000752824,2.23222571605791,2.29464922957813,
2.35559410962577,2.41589187833003,2.47780387731213,2.54482129698031,2.61294991112604,
2.68382953099505,2.75774980095748,2.83537427501043,2.91747867980143,3.00421380512543,
3.0884055663578,3.16794626445392,3.24329361230459,3.31524674374247,3.38315162652567,
3.44915628192432,3.5127628238443,3.55008259200299),.UNSPECIFIED.);
#1463=B_SPLINE_CURVE_WITH_KNOTS('',3,(#5626,#5627,#5628,#5629,#5630,#5631,
#5632,#5633,#5634,#5635,#5636,#5637,#5638,#5639,#5640,#5641,#5642,#5643,
#5644,#5645,#5646,#5647,#5648,#5649,#5650,#5651,#5652,#5653,#5654,#5655,
#5656,#5657,#5658,#5659,#5660,#5661,#5662,#5663,#5664,#5665,#5666,#5667,
#5668,#5669,#5670,#5671,#5672,#5673,#5674,#5675,#5676,#5677,#5678,#5679,
#5680,#5681,#5682,#5683,#5684,#5685,#5686,#5687,#5688,#5689,#5690,#5691,
#5692,#5693,#5694,#5695,#5696,#5697,#5698,#5699,#5700,#5701,#5702,#5703,
#5704,#5705,#5706,#5707,#5708,#5709,#5710,#5711,#5712,#5713,#5714,#5715,
#5716,#5717,#5718,#5719,#5720,#5721,#5722,#5723,#5724,#5725,#5726,#5727,
#5728,#5729,#5730,#5731,#5732,#5733,#5734,#5735,#5736,#5737,#5738,#5739,
#5740,#5741,#5742,#5743,#5744,#5745,#5746,#5747,#5748,#5749,#5750,#5751,
#5752,#5753,#5754,#5755,#5756,#5757,#5758,#5759,#5760,#5761,#5762,#5763,
#5764),.UNSPECIFIED.,.F.,.F.,(4,3,3,3,3,3,3,3,3,3,3,3,3,3,3,3,3,3,3,3,3,
3,3,3,3,3,3,3,3,3,3,3,3,3,3,3,3,3,3,3,3,3,3,3,3,3,4),(0.,0.0782686376791484,
0.15898606846361,0.242647265179986,0.32986531477143,0.421305106326196,0.517993221735379,
0.620764406479286,0.730712659423185,0.837225029462587,0.934066085770791,
1.02564614176219,1.11301997241076,1.19676717723696,1.27680549353237,1.35388459095173,
1.42855111711901,1.50292463272767,1.57901857812502,1.65902138820499,1.74123416041559,
1.82830662943287,1.92283577640468,2.03023102722544,2.1620358693166,2.27637051270049,
2.37383885315615,2.46157014487922,2.54349748844154,2.62178366245316,2.69856483528756,
2.77411071292675,2.84853139478736,2.92280436474018,3.00080274648978,3.08194750972032,
3.1669827049874,3.25577802079941,3.34891494684379,3.45257312703683,3.56884501271863,
3.71141088470999,3.82273776054622,3.92458872428126,4.02031890432219,4.10985564839328,
4.13910850068405),.UNSPECIFIED.);
#1464=B_SPLINE_CURVE_WITH_KNOTS('',3,(#5766,#5767,#5768,#5769),
 .UNSPECIFIED.,.F.,.F.,(4,4),(0.,1.37092732320129),.UNSPECIFIED.);
#1465=B_SPLINE_CURVE_WITH_KNOTS('',3,(#5779,#5780,#5781,#5782),
 .UNSPECIFIED.,.F.,.F.,(4,4),(1.38777878078145E-17,0.230948292009346),
 .UNSPECIFIED.);
#1466=B_SPLINE_CURVE_WITH_KNOTS('',3,(#5784,#5785,#5786,#5787,#5788,#5789,
#5790,#5791),.UNSPECIFIED.,.F.,.F.,(4,2,2,4),(0.131787276184448,0.840442904635607,
1.69630198972016,2.8059009282804),.UNSPECIFIED.);
#1467=B_SPLINE_CURVE_WITH_KNOTS('',3,(#5795,#5796,#5797,#5798,#5799,#5800,
#5801,#5802,#5803,#5804,#5805,#5806,#5807,#5808,#5809,#5810,#5811,#5812,
#5813,#5814,#5815,#5816),.UNSPECIFIED.,.F.,.F.,(4,3,3,3,3,3,3,4),(0.,0.00104768696291163,
0.00230491131880472,0.282842493484589,1.12466780361658,1.36288781547603,
1.60090389368109,1.60106993676957),.UNSPECIFIED.);
#1468=B_SPLINE_CURVE_WITH_KNOTS('',3,(#5820,#5821,#5822,#5823,#5824,#5825,
#5826,#5827,#5828,#5829),.UNSPECIFIED.,.F.,.F.,(4,3,3,4),(0.,0.000284689643916814,
0.269439973012732,1.00520155802643),.UNSPECIFIED.);
#1469=B_SPLINE_CURVE_WITH_KNOTS('',3,(#5831,#5832,#5833,#5834,#5835,#5836,
#5837,#5838,#5839,#5840),.UNSPECIFIED.,.F.,.F.,(4,3,3,4),(0.,0.99669313940653,
1.36130204238931,1.36168769478097),.UNSPECIFIED.);
#1470=B_SPLINE_CURVE_WITH_KNOTS('',3,(#5844,#5845,#5846,#5847,#5848,#5849,
#5850,#5851,#5852,#5853,#5854,#5855,#5856,#5857,#5858,#5859,#5860,#5861,
#5862,#5863,#5864,#5865),.UNSPECIFIED.,.F.,.F.,(4,3,3,3,3,3,3,4),(0.,0.000194067320359896,
0.278381752955166,0.556807791527172,1.54071373813582,1.86859957385256,1.87006898859348,
1.87129350087718),.UNSPECIFIED.);
#1471=B_SPLINE_CURVE_WITH_KNOTS('',3,(#5869,#5870,#5871,#5872,#5873,#5874,
#5875,#5876,#5877,#5878,#5879,#5880,#5881,#5882,#5883,#5884),
 .UNSPECIFIED.,.F.,.F.,(4,3,3,3,3,4),(0.,0.000865747538222634,0.00190464458398236,
0.522057190416253,0.613879469513158,1.01926996162791),.UNSPECIFIED.);
#1472=B_SPLINE_CURVE_WITH_KNOTS('',3,(#5886,#5887,#5888,#5889),
 .UNSPECIFIED.,.F.,.F.,(4,4),(-1.38777878078145E-17,0.230948292009349),
 .UNSPECIFIED.);
#1473=B_SPLINE_CURVE_WITH_KNOTS('',3,(#5899,#5900,#5901,#5902,#5903,#5904,
#5905,#5906,#5907,#5908,#5909,#5910,#5911,#5912,#5913,#5914),
 .UNSPECIFIED.,.F.,.F.,(4,3,3,3,3,4),(-5.37389201611323,-4.648568920407,
-3.90530797329374,-2.40040460947817,-1.37649283232768,0.),.UNSPECIFIED.);
#1474=B_SPLINE_CURVE_WITH_KNOTS('',3,(#5916,#5917,#5918,#5919,#5920,#5921,
#5922,#5923,#5924,#5925,#5926,#5927,#5928,#5929,#5930,#5931),
 .UNSPECIFIED.,.F.,.F.,(4,3,3,3,3,4),(0.,1.37649283232768,2.40040460947817,
3.90530797329374,4.648568920407,5.37389201611323),.UNSPECIFIED.);
#1475=B_SPLINE_CURVE_WITH_KNOTS('',3,(#5933,#5934,#5935,#5936,#5937,#5938,
#5939,#5940,#5941,#5942,#5943,#5944,#5945,#5946,#5947,#5948),
 .UNSPECIFIED.,.F.,.F.,(4,3,3,3,3,4),(-5.37389201611323,-4.648568920407,
-3.90530797329374,-2.40040460947817,-1.37649283232768,0.),.UNSPECIFIED.);
#1476=B_SPLINE_CURVE_WITH_KNOTS('',3,(#5949,#5950,#5951,#5952,#5953,#5954,
#5955,#5956,#5957,#5958,#5959,#5960,#5961,#5962,#5963,#5964),
 .UNSPECIFIED.,.F.,.F.,(4,3,3,3,3,4),(0.,1.37649283232768,2.40040460947817,
3.90530797329374,4.648568920407,5.37389201611323),.UNSPECIFIED.);
#1477=B_SPLINE_CURVE_WITH_KNOTS('',3,(#6006,#6007,#6008,#6009),
 .UNSPECIFIED.,.F.,.F.,(4,4),(0.107241112720703,0.317870853131945),
 .UNSPECIFIED.);
#1478=B_SPLINE_CURVE_WITH_KNOTS('',3,(#6021,#6022,#6023,#6024),
 .UNSPECIFIED.,.F.,.F.,(4,4),(0.0500016525054656,0.0800016525054656),
 .UNSPECIFIED.);
#1479=B_SPLINE_CURVE_WITH_KNOTS('',3,(#6026,#6027,#6028,#6029),
 .UNSPECIFIED.,.F.,.F.,(4,4),(0.0509911910535089,0.253297279913263),
 .UNSPECIFIED.);
#1480=B_SPLINE_CURVE_WITH_KNOTS('',3,(#6031,#6032,#6033,#6034),
 .UNSPECIFIED.,.F.,.F.,(4,4),(0.12,0.15),.UNSPECIFIED.);
#1481=B_SPLINE_CURVE_WITH_KNOTS('',3,(#6045,#6046,#6047,#6048,#6049,#6050,
#6051,#6052,#6053,#6054,#6055,#6056,#6057,#6058,#6059,#6060,#6061,#6062,
#6063,#6064,#6065,#6066,#6067,#6068,#6069,#6070,#6071,#6072,#6073,#6074,
#6075,#6076,#6077,#6078,#6079,#6080,#6081,#6082,#6083,#6084,#6085,#6086,
#6087,#6088,#6089,#6090,#6091,#6092,#6093,#6094,#6095,#6096,#6097,#6098,
#6099,#6100,#6101,#6102,#6103,#6104,#6105,#6106,#6107,#6108,#6109,#6110,
#6111,#6112,#6113,#6114,#6115,#6116,#6117),.UNSPECIFIED.,.F.,.F.,(4,3,3,
3,3,3,3,3,3,3,3,3,3,3,3,3,3,3,3,3,3,3,3,3,4),(0.,0.0788277788085648,0.16008144936577,
0.244242269804488,0.331911138788743,0.423720915503948,0.520662407075666,
0.62631877721659,0.733377645923832,0.835717031832873,0.932105660387967,
1.02363652277061,1.11125023723178,1.19535239373007,1.27594515103284,1.35368953414348,
1.4290901570469,1.50377880400605,1.58098430004785,1.66003795896564,1.74128219647179,
1.82983245099703,1.9232116810467,2.03181708207406,2.09548321457275),
 .UNSPECIFIED.);
#1482=B_SPLINE_CURVE_WITH_KNOTS('',3,(#6121,#6122,#6123,#6124,#6125,#6126),
 .UNSPECIFIED.,.F.,.F.,(4,2,4),(0.482546956665997,0.639534522914102,0.772797452435123),
 .UNSPECIFIED.);
#1483=B_SPLINE_CURVE_WITH_KNOTS('',3,(#6128,#6129,#6130,#6131),
 .UNSPECIFIED.,.F.,.F.,(4,4),(0.00504261899388128,0.00749814297355945),
 .UNSPECIFIED.);
#1484=B_SPLINE_CURVE_WITH_KNOTS('',3,(#6133,#6134,#6135,#6136),
 .UNSPECIFIED.,.F.,.F.,(4,4),(-3.66781755733137,-3.34124698844152),
 .UNSPECIFIED.);
#1485=B_SPLINE_CURVE_WITH_KNOTS('',3,(#6138,#6139,#6140,#6141,#6142,#6143,
#6144),.UNSPECIFIED.,.F.,.F.,(4,3,4),(0.148122365742422,0.25,0.275123298094011),
 .UNSPECIFIED.);
#1486=B_SPLINE_CURVE_WITH_KNOTS('',3,(#6164,#6165,#6166,#6167),
 .UNSPECIFIED.,.F.,.F.,(4,4),(0.265045315873355,1.04706636621664),
 .UNSPECIFIED.);
#1487=B_SPLINE_CURVE_WITH_KNOTS('',3,(#6168,#6169,#6170,#6171),
 .UNSPECIFIED.,.F.,.F.,(4,4),(-6.93889390390723E-18,0.15),.UNSPECIFIED.);
#1488=B_SPLINE_CURVE_WITH_KNOTS('',3,(#6173,#6174,#6175,#6176),
 .UNSPECIFIED.,.F.,.F.,(4,4),(-0.15,-3.12250225675825E-17),
 .UNSPECIFIED.);
#1489=B_SPLINE_CURVE_WITH_KNOTS('',3,(#6178,#6179,#6180,#6181),
 .UNSPECIFIED.,.F.,.F.,(4,4),(0.,0.16676260931224),.UNSPECIFIED.);
#1490=B_SPLINE_CURVE_WITH_KNOTS('',3,(#6182,#6183,#6184,#6185,#6186,#6187,
#6188,#6189,#6190,#6191),.UNSPECIFIED.,.F.,.F.,(4,2,2,2,4),(-0.296823940817365,
-0.270259017720315,-0.146977703304868,-0.0558215330424741,-0.0221614780155555),
 .UNSPECIFIED.);
#1491=B_SPLINE_CURVE_WITH_KNOTS('',3,(#6250,#6251,#6252,#6253),
 .UNSPECIFIED.,.F.,.F.,(4,4),(-0.150000000000001,3.34041865890878E-18),
 .UNSPECIFIED.);
#1492=B_SPLINE_CURVE_WITH_KNOTS('',3,(#6256,#6257,#6258,#6259),
 .UNSPECIFIED.,.F.,.F.,(4,4),(1.50890612076696,1.53677668688034),
 .UNSPECIFIED.);
#1493=B_SPLINE_CURVE_WITH_KNOTS('',3,(#6261,#6262,#6263,#6264,#6265,#6266,
#6267),.UNSPECIFIED.,.F.,.F.,(4,3,4),(0.506895557461975,0.5273419574711,
0.702910600058869),.UNSPECIFIED.);
#1494=B_SPLINE_CURVE_WITH_KNOTS('',3,(#6269,#6270,#6271,#6272,#6273,#6274),
 .UNSPECIFIED.,.F.,.F.,(4,2,4),(0.,0.494526784270681,0.546856297288046),
 .UNSPECIFIED.);
#1495=B_SPLINE_CURVE_WITH_KNOTS('',3,(#6276,#6277,#6278,#6279,#6280,#6281,
#6282,#6283),.UNSPECIFIED.,.F.,.F.,(4,2,2,4),(0.,0.0923015490635315,0.183753229662286,
0.285435666585164),.UNSPECIFIED.);
#1496=B_SPLINE_CURVE_WITH_KNOTS('',3,(#6285,#6286,#6287,#6288),
 .UNSPECIFIED.,.F.,.F.,(4,4),(4.23530995735385,4.55450365674148),
 .UNSPECIFIED.);
#1497=B_SPLINE_CURVE_WITH_KNOTS('',3,(#6289,#6290,#6291,#6292),
 .UNSPECIFIED.,.F.,.F.,(4,4),(-1.38777878078145E-17,0.230948292009347),
 .UNSPECIFIED.);
#1498=B_SPLINE_CURVE_WITH_KNOTS('',3,(#6390,#6391,#6392,#6393,#6394,#6395),
 .UNSPECIFIED.,.F.,.F.,(4,2,4),(1.18276939757313,1.24016065379281,1.32039783826958),
 .UNSPECIFIED.);
#1499=B_SPLINE_CURVE_WITH_KNOTS('',3,(#6397,#6398,#6399,#6400),
 .UNSPECIFIED.,.F.,.F.,(4,4),(0.0689023499926727,0.102303742610914),
 .UNSPECIFIED.);
#1500=B_SPLINE_CURVE_WITH_KNOTS('',3,(#6402,#6403,#6404,#6405),
 .UNSPECIFIED.,.F.,.F.,(4,4),(-0.345879639582568,0.),.UNSPECIFIED.);
#1501=B_SPLINE_CURVE_WITH_KNOTS('',3,(#6407,#6408,#6409,#6410,#6411,#6412,
#6413),.UNSPECIFIED.,.F.,.F.,(4,3,4),(-0.0998082679884399,-0.0206833457012227,
0.),.UNSPECIFIED.);
#1502=B_SPLINE_CURVE_WITH_KNOTS('',3,(#6415,#6416,#6417,#6418,#6419,#6420,
#6421,#6422,#6423,#6424),.UNSPECIFIED.,.F.,.F.,(4,1,3,2,4),(-3.26987640134768,
-3.16327974228493,-2.92528643243864,-2.92362273412612,-2.92154274111596),
 .UNSPECIFIED.);
#1503=B_SPLINE_CURVE_WITH_KNOTS('',3,(#6426,#6427,#6428,#6429,#6430,#6431),
 .UNSPECIFIED.,.F.,.F.,(4,2,4),(-0.212141477696598,-0.10607068865569,0.),
 .UNSPECIFIED.);
#1504=B_SPLINE_CURVE_WITH_KNOTS('',3,(#6432,#6433,#6434,#6435,#6436,#6437,
#6438,#6439,#6440,#6441,#6442,#6443,#6444,#6445,#6446,#6447,#6448,#6449,
#6450,#6451,#6452,#6453),.UNSPECIFIED.,.F.,.F.,(4,3,1,1,1,3,3,2,1,1,1,1,
4),(2.92362273412612,2.92528643243864,3.16327974228493,3.40127305213122,
3.63926636197751,3.75826301690066,3.7678046114355,3.90462866797576,4.15366940819175,
4.27818977829975,4.40271014840774,4.46497033346174,4.52723051851574),
 .UNSPECIFIED.);
#1505=B_SPLINE_CURVE_WITH_KNOTS('',3,(#6472,#6473,#6474,#6475),
 .UNSPECIFIED.,.F.,.F.,(4,4),(0.,0.230948292009346),.UNSPECIFIED.);
#1506=B_SPLINE_CURVE_WITH_KNOTS('',3,(#6476,#6477,#6478,#6479),
 .UNSPECIFIED.,.F.,.F.,(4,4),(-0.150000000000001,-5.85154286962086E-17),
 .UNSPECIFIED.);
#1507=B_SPLINE_CURVE_WITH_KNOTS('',3,(#6480,#6481,#6482,#6483),
 .UNSPECIFIED.,.F.,.F.,(4,4),(5.85154286962086E-17,0.150000000000001),
 .UNSPECIFIED.);
#1508=B_SPLINE_CURVE_WITH_KNOTS('',3,(#6525,#6526,#6527,#6528,#6529,#6530,
#6531,#6532,#6533,#6534),.UNSPECIFIED.,.F.,.F.,(4,3,3,4),(2.92223631886544,
2.92362273412606,2.92528643243864,3.55082212433214),.UNSPECIFIED.);
#1509=B_SPLINE_CURVE_WITH_KNOTS('',3,(#6536,#6537,#6538,#6539,#6540,#6541,
#6542,#6543,#6544,#6545),.UNSPECIFIED.,.F.,.F.,(4,3,3,4),(-4.19543481497633,
-3.90530797329374,-3.75826301690066,-3.55082212433214),.UNSPECIFIED.);
#1510=B_SPLINE_CURVE_WITH_KNOTS('',3,(#6547,#6548,#6549,#6550),
 .UNSPECIFIED.,.F.,.F.,(4,4),(4.19543481497633,4.23530995735397),
 .UNSPECIFIED.);
#1511=B_SPLINE_CURVE_WITH_KNOTS('',3,(#6551,#6552,#6553,#6554),
 .UNSPECIFIED.,.F.,.F.,(4,4),(-4.55450365674149,-4.23530995735397),
 .UNSPECIFIED.);
#1512=B_SPLINE_CURVE_WITH_KNOTS('',3,(#6571,#6572,#6573,#6574),
 .UNSPECIFIED.,.F.,.F.,(4,4),(-3.34041865890878E-18,0.150000000000001),
 .UNSPECIFIED.);
#1513=B_SPLINE_CURVE_WITH_KNOTS('',3,(#6596,#6597,#6598,#6599),
 .UNSPECIFIED.,.F.,.F.,(4,4),(0.0499999752932358,0.07),.UNSPECIFIED.);
#1514=B_SPLINE_CURVE_WITH_KNOTS('',3,(#6601,#6602,#6603,#6604,#6605,#6606,
#6607,#6608,#6609,#6610),.UNSPECIFIED.,.F.,.F.,(4,3,3,4),(-0.679624626769053,
-0.472349613254632,-0.401651321424423,-0.375579965156794),.UNSPECIFIED.);
#1515=B_SPLINE_CURVE_WITH_KNOTS('',3,(#6645,#6646,#6647,#6648),
 .UNSPECIFIED.,.F.,.F.,(4,4),(-0.0998046136882165,0.),.UNSPECIFIED.);
#1516=B_SPLINE_CURVE_WITH_KNOTS('',3,(#6650,#6651,#6652,#6653,#6654,#6655,
#6656),.UNSPECIFIED.,.F.,.F.,(4,3,4),(-0.275123298094011,-0.25,-0.168364430663383),
 .UNSPECIFIED.);
#1517=B_SPLINE_CURVE_WITH_KNOTS('',3,(#6657,#6658,#6659,#6660,#6661,#6662),
 .UNSPECIFIED.,.F.,.F.,(4,2,4),(0.,0.035,0.07),.UNSPECIFIED.);
#1518=B_SPLINE_CURVE_WITH_KNOTS('',3,(#6697,#6698,#6699,#6700,#6701,#6702),
 .UNSPECIFIED.,.F.,.F.,(4,2,4),(0.,0.035,0.07),.UNSPECIFIED.);
#1519=B_SPLINE_CURVE_WITH_KNOTS('',3,(#6704,#6705,#6706,#6707,#6708,#6709,
#6710,#6711,#6712,#6713),.UNSPECIFIED.,.F.,.F.,(4,3,3,4),(0.328985138064031,
0.409899784001196,0.593320489300225,0.624900933054387),.UNSPECIFIED.);
#1520=B_SPLINE_CURVE_WITH_KNOTS('',3,(#6715,#6716,#6717,#6718,#6719,#6720),
 .UNSPECIFIED.,.F.,.F.,(4,2,4),(0.,0.035,0.07),.UNSPECIFIED.);
#1521=B_SPLINE_CURVE_WITH_KNOTS('',3,(#6721,#6722,#6723,#6724,#6725,#6726,
#6727,#6728,#6729,#6730),.UNSPECIFIED.,.F.,.F.,(4,3,3,4),(-0.624900933054386,
-0.593320489300225,-0.409899784001196,-0.32898513806403),.UNSPECIFIED.);
#1522=B_SPLINE_CURVE_WITH_KNOTS('',3,(#6746,#6747,#6748,#6749,#6750,#6751,
#6752,#6753,#6754,#6755),.UNSPECIFIED.,.F.,.F.,(4,3,3,4),(-0.638920125900742,
-0.0862543977645506,-0.0629168276505382,-0.0626851441553261),
 .UNSPECIFIED.);
#1523=B_SPLINE_CURVE_WITH_KNOTS('',3,(#6759,#6760,#6761,#6762,#6763,#6764,
#6765,#6766,#6767,#6768),.UNSPECIFIED.,.F.,.F.,(4,3,3,4),(0.0626851441551195,
0.0629168276505347,0.0862543977645466,0.638920125900724),.UNSPECIFIED.);
#1524=B_SPLINE_CURVE_WITH_KNOTS('',3,(#6772,#6773,#6774,#6775,#6776,#6777,
#6778,#6779,#6780,#6781),.UNSPECIFIED.,.F.,.F.,(4,3,3,4),(0.328985138064031,
0.409899784001196,0.593320489300225,0.624900933054386),.UNSPECIFIED.);
#1525=B_SPLINE_CURVE_WITH_KNOTS('',3,(#6806,#6807,#6808,#6809),
 .UNSPECIFIED.,.F.,.F.,(4,4),(0.050001705473756,0.150001705473756),
 .UNSPECIFIED.);
#1526=B_SPLINE_CURVE_WITH_KNOTS('',3,(#6824,#6825,#6826,#6827,#6828,#6829),
 .UNSPECIFIED.,.F.,.F.,(4,2,4),(2.76337101545848,3.56349043798739,4.18302164248127),
 .UNSPECIFIED.);
#1527=B_SPLINE_CURVE_WITH_KNOTS('',3,(#6832,#6833,#6834,#6835,#6836,#6837,
#6838),.UNSPECIFIED.,.F.,.F.,(4,3,4),(0.,0.000193143159518707,0.0342404066677249),
 .UNSPECIFIED.);
#1528=B_SPLINE_CURVE_WITH_KNOTS('',3,(#6842,#6843,#6844,#6845,#6846,#6847),
 .UNSPECIFIED.,.F.,.F.,(4,2,4),(0.,0.279730843975385,0.390380776488804),
 .UNSPECIFIED.);
#1529=B_SPLINE_CURVE_WITH_KNOTS('',3,(#6849,#6850,#6851,#6852),
 .UNSPECIFIED.,.F.,.F.,(4,4),(8.79179083846102,9.1163190320482),
 .UNSPECIFIED.);
#1530=B_SPLINE_CURVE_WITH_KNOTS('',3,(#6912,#6913,#6914,#6915,#6916,#6917,
#6918,#6919,#6920,#6921,#6922,#6923,#6924,#6925,#6926,#6927,#6928,#6929,
#6930,#6931,#6932,#6933,#6934,#6935,#6936,#6937,#6938,#6939,#6940,#6941,
#6942,#6943,#6944,#6945,#6946,#6947,#6948,#6949,#6950,#6951,#6952,#6953,
#6954,#6955,#6956,#6957),.UNSPECIFIED.,.F.,.F.,(4,3,3,3,3,3,3,3,3,3,3,3,
3,3,3,4),(9.1163190320482,9.36592713528901,9.66371083708009,9.69520976924242,
10.0370270474519,10.2995233558556,10.5899267841838,10.8259562702368,10.9102149701818,
11.1391478017127,11.3884701772949,11.6838265965142,11.7195173572304,12.0286790258244,
12.4230676698017,12.5092696282359),.UNSPECIFIED.);
#1531=B_SPLINE_CURVE_WITH_KNOTS('',3,(#6959,#6960,#6961,#6962,#6963,#6964,
#6965),.UNSPECIFIED.,.F.,.F.,(4,3,4),(0.945405251446629,1.03390301431473,
1.40969947940478),.UNSPECIFIED.);
#1532=B_SPLINE_CURVE_WITH_KNOTS('',3,(#6967,#6968,#6969,#6970,#6971,#6972,
#6973),.UNSPECIFIED.,.F.,.F.,(4,3,4),(0.,0.455138893257948,0.50814352856259),
 .UNSPECIFIED.);
#1533=B_SPLINE_CURVE_WITH_KNOTS('',3,(#6974,#6975,#6976,#6977,#6978,#6979,
#6980,#6981,#6982,#6983),.UNSPECIFIED.,.F.,.F.,(4,3,3,4),(5.55111512312578E-17,
0.0283281912417052,0.0544647534350365,0.0566563824834104),.UNSPECIFIED.);
#1534=B_SPLINE_CURVE_WITH_KNOTS('',3,(#6988,#6989,#6990,#6991,#6992,#6993,
#6994,#6995,#6996,#6997,#6998,#6999,#7000,#7001,#7002,#7003,#7004,#7005,
#7006,#7007,#7008,#7009),.UNSPECIFIED.,.F.,.F.,(4,3,3,3,3,3,3,4),(0.797045114465077,
0.797247072605041,1.08674593025653,1.37649283232768,2.40040460947817,2.74162235484131,
2.74315151630632,2.74442581752675),.UNSPECIFIED.);
#1535=B_SPLINE_CURVE_WITH_KNOTS('',3,(#7013,#7014,#7015,#7016,#7017,#7018,
#7019,#7020,#7021,#7022),.UNSPECIFIED.,.F.,.F.,(4,3,3,4),(0.,0.497793525140066,
0.67989566263579,0.680088274841024),.UNSPECIFIED.);
#1536=B_SPLINE_CURVE_WITH_KNOTS('',3,(#7024,#7025,#7026,#7027,#7028,#7029,
#7030,#7031,#7032,#7033),.UNSPECIFIED.,.F.,.F.,(4,3,3,4),(0.,0.497793525140066,
0.67989566263579,0.680088274841024),.UNSPECIFIED.);
#1537=B_SPLINE_CURVE_WITH_KNOTS('',3,(#7037,#7038,#7039,#7040,#7041,#7042,
#7043,#7044,#7045,#7046,#7047,#7048,#7049,#7050,#7051,#7052,#7053,#7054,
#7055,#7056,#7057,#7058),.UNSPECIFIED.,.F.,.F.,(4,3,3,3,3,3,3,4),(0.797045114465077,
0.797247072605041,1.08674593025653,1.37649283232768,2.40040460947817,2.74162235484131,
2.74315151630632,2.74442581752675),.UNSPECIFIED.);
#1538=B_SPLINE_CURVE_WITH_KNOTS('',3,(#7062,#7063,#7064,#7065,#7066,#7067,
#7068,#7069,#7070,#7071),.UNSPECIFIED.,.F.,.F.,(4,3,3,4),(2.92223631886544,
2.92362273412606,2.92528643243864,3.55082212433211),.UNSPECIFIED.);
#1539=B_SPLINE_CURVE_WITH_KNOTS('',3,(#7073,#7074,#7075,#7076,#7077,#7078,
#7079,#7080,#7081,#7082),.UNSPECIFIED.,.F.,.F.,(4,3,3,4),(3.55082212433214,
3.75826301690066,3.90530797329374,4.19543481497646),.UNSPECIFIED.);
#1540=B_SPLINE_CURVE_WITH_KNOTS('',3,(#7084,#7085,#7086,#7087,#7088,#7089,
#7090,#7091,#7092,#7093,#7094,#7095,#7096,#7097,#7098,#7099,#7100,#7101,
#7102,#7103,#7104,#7105,#7106,#7107,#7108,#7109,#7110,#7111,#7112,#7113,
#7114,#7115,#7116,#7117,#7118,#7119,#7120,#7121,#7122,#7123,#7124,#7125,
#7126,#7127,#7128,#7129,#7130,#7131,#7132,#7133,#7134,#7135,#7136,#7137,
#7138,#7139,#7140,#7141,#7142,#7143,#7144),.UNSPECIFIED.,.F.,.F.,(4,3,3,
3,3,3,3,3,3,3,3,3,3,3,3,3,3,3,3,3,4),(0.315100127497782,0.323076136258896,
0.348027715181428,0.375554151179082,0.388883333694512,0.422156279465961,
0.459927273400661,0.46775351448208,0.508838210840467,0.517386950474111,
0.55712702879419,0.576492463885517,0.614839713673209,0.614842230428547,
0.642388692844074,0.671589652598029,0.681375392087885,0.681383636581269,
0.722226172300637,0.764098344260736,0.768528890171748),.UNSPECIFIED.);
#1541=B_SPLINE_CURVE_WITH_KNOTS('',3,(#7146,#7147,#7148,#7149,#7150,#7151,
#7152,#7153,#7154,#7155,#7156,#7157,#7158,#7159,#7160,#7161,#7162,#7163,
#7164,#7165,#7166,#7167,#7168,#7169,#7170,#7171,#7172,#7173,#7174,#7175,
#7176,#7177,#7178,#7179,#7180,#7181,#7182,#7183,#7184,#7185,#7186,#7187,
#7188),.UNSPECIFIED.,.F.,.F.,(4,3,3,3,3,3,3,3,3,3,3,3,3,3,4),(-1.10821791516682,
-1.1065978306038,-1.10421352346575,-1.07269029759334,-1.03977760493544,
-1.0041589921062,-0.964209634257436,-0.930463196219003,-0.87384677321786,
-0.825687984821291,-0.820626492333472,-0.787334661286332,-0.772959153333481,
-0.746358507143546,-0.719757860953611),.UNSPECIFIED.);
#1542=B_SPLINE_CURVE_WITH_KNOTS('',3,(#7192,#7193,#7194,#7195,#7196,#7197,
#7198,#7199,#7200,#7201,#7202,#7203,#7204,#7205,#7206,#7207,#7208,#7209,
#7210,#7211,#7212,#7213),.UNSPECIFIED.,.F.,.F.,(4,3,3,3,3,3,3,4),(-0.769335514679572,
-0.769271749336715,-0.76917610221226,-0.540663355703844,-0.136560567436157,
-0.00189365043731515,-0.0012901429618571,-0.000887804644953416),
 .UNSPECIFIED.);
#1543=B_SPLINE_CURVE_WITH_KNOTS('',3,(#7217,#7218,#7219,#7220,#7221,#7222,
#7223,#7224,#7225,#7226),.UNSPECIFIED.,.F.,.F.,(4,3,3,4),(-0.339947137720807,
-0.000400404802880678,-0.000284934581027409,-0.000207955115187675),
 .UNSPECIFIED.);
#1544=B_SPLINE_CURVE_WITH_KNOTS('',3,(#7228,#7229,#7230,#7231,#7232,#7233,
#7234,#7235,#7236,#7237),.UNSPECIFIED.,.F.,.F.,(4,3,3,4),(-1.43355010745232,
-1.43322528216712,-1.43273804855676,0.),.UNSPECIFIED.);
#1545=B_SPLINE_CURVE_WITH_KNOTS('',3,(#7241,#7242,#7243,#7244,#7245,#7246,
#7247,#7248,#7249,#7250,#7251,#7252,#7253,#7254,#7255,#7256,#7257,#7258,
#7259,#7260,#7261,#7262),.UNSPECIFIED.,.F.,.F.,(4,3,3,3,3,3,3,4),(-1.13269252287496,
-1.13209958756225,-1.13121018459358,-0.932748424537784,-0.337212769676479,
-0.000448233308326195,-0.000307275922007289,-0.000213305204728842),
 .UNSPECIFIED.);
#1546=B_SPLINE_CURVE_WITH_KNOTS('',3,(#7266,#7267,#7268,#7269,#7270,#7271,
#7272,#7273,#7274,#7275,#7276,#7277,#7278,#7279,#7280,#7281,#7282,#7283,
#7284),.UNSPECIFIED.,.F.,.F.,(4,3,3,3,3,3,4),(-0.251520557538821,-0.206588761189877,
-0.165669346667944,-0.083830517624077,-0.00199168858021005,-0.00135159614097547,
-0.00092486784819229),.UNSPECIFIED.);
#1547=B_SPLINE_CURVE_WITH_KNOTS('',3,(#7285,#7286,#7287,#7288,#7289,#7290,
#7291,#7292,#7293,#7294,#7295,#7296,#7297,#7298,#7299,#7300,#7301,#7302,
#7303,#7304,#7305,#7306,#7307,#7308,#7309,#7310,#7311,#7312,#7313,#7314,
#7315,#7316,#7317,#7318,#7319,#7320,#7321,#7322,#7323,#7324,#7325,#7326,
#7327,#7328,#7329,#7330,#7331,#7332,#7333,#7334,#7335,#7336,#7337,#7338,
#7339,#7340,#7341,#7342,#7343,#7344,#7345),.UNSPECIFIED.,.F.,.F.,(4,3,3,
3,3,3,3,3,3,3,3,3,3,3,3,3,3,3,3,3,4),(5.32635285432391,5.43983780316317,
5.55998788704022,5.68013797091726,5.68014867239219,5.9693922762369,6.02375403257461,
6.02378945199647,6.27270850821182,6.53913340741632,6.70927054922989,6.70928941879427,
6.93230296121964,7.03327955454126,7.43597670836242,7.79646296224815,7.92589688271583,
8.15283554863956,8.43940252868217,8.6066493667749,8.79179083846102),
 .UNSPECIFIED.);
#1548=B_SPLINE_CURVE_WITH_KNOTS('',3,(#7455,#7456,#7457,#7458,#7459,#7460,
#7461),.UNSPECIFIED.,.F.,.F.,(4,3,4),(-5.48649430529655E-15,0.679664527990032,
0.679895662636132),.UNSPECIFIED.);
#1549=B_SPLINE_CURVE_WITH_KNOTS('',3,(#7556,#7557,#7558,#7559,#7560,#7561),
 .UNSPECIFIED.,.F.,.F.,(4,2,4),(-0.212141477696597,-0.106070716654589,-0.0989993562155716),
 .UNSPECIFIED.);
#1550=B_SPLINE_CURVE_WITH_KNOTS('',3,(#7562,#7563,#7564,#7565,#7566,#7567,
#7568,#7569,#7570,#7571,#7572,#7573,#7574,#7575,#7576,#7577,#7578,#7579,
#7580,#7581,#7582),.UNSPECIFIED.,.F.,.F.,(4,3,1,1,1,3,2,2,1,1,1,1,4),(2.92362273412596,
2.92528643243863,3.13799808695323,3.35070974146782,3.45706556872512,3.66977722323972,
3.75793686272899,3.90329734523398,4.1181304922114,4.22554706570011,4.33296363918883,
4.38667192593318,4.44038021267754),.UNSPECIFIED.);
#1551=B_SPLINE_CURVE_WITH_KNOTS('',3,(#7586,#7587,#7588,#7589),
 .UNSPECIFIED.,.F.,.F.,(4,4),(0.466666688079489,1.00000004588462),
 .UNSPECIFIED.);
#1552=B_SPLINE_CURVE_WITH_KNOTS('',3,(#7592,#7593,#7594,#7595,#7596,#7597),
 .UNSPECIFIED.,.F.,.F.,(4,2,4),(0.,0.106070296462327,0.113141670304267),
 .UNSPECIFIED.);
#1553=B_SPLINE_CURVE_WITH_KNOTS('',3,(#7679,#7680,#7681,#7682,#7683,#7684,
#7685,#7686,#7687,#7688,#7689,#7690,#7691,#7692,#7693,#7694),
 .UNSPECIFIED.,.F.,.F.,(4,3,3,3,3,4),(0.797247072605293,0.797489422373523,
1.37649283232768,2.40040460947817,2.74162235484131,2.74315151630599),
 .UNSPECIFIED.);
#1554=B_SPLINE_CURVE_WITH_KNOTS('',3,(#7729,#7730,#7731,#7732,#7733,#7734),
 .UNSPECIFIED.,.F.,.F.,(4,2,4),(0.,0.035,0.07),.UNSPECIFIED.);
#1555=B_SPLINE_CURVE_WITH_KNOTS('',3,(#7735,#7736,#7737,#7738,#7739,#7740,
#7741),.UNSPECIFIED.,.F.,.F.,(4,3,4),(0.168364430663383,0.25,0.275123298094011),
 .UNSPECIFIED.);
#1556=B_SPLINE_CURVE_WITH_KNOTS('',3,(#7744,#7745,#7746,#7747,#7748,#7749,
#7750),.UNSPECIFIED.,.F.,.F.,(4,3,4),(0.148122365742422,0.25,0.275123298094011),
 .UNSPECIFIED.);
#1557=B_SPLINE_CURVE_WITH_KNOTS('',3,(#7784,#7785,#7786,#7787,#7788,#7789),
 .UNSPECIFIED.,.F.,.F.,(4,2,4),(0.,0.035,0.07),.UNSPECIFIED.);
#1558=B_SPLINE_CURVE_WITH_KNOTS('',3,(#7791,#7792,#7793,#7794,#7795,#7796),
 .UNSPECIFIED.,.F.,.F.,(4,2,4),(0.,0.035,0.07),.UNSPECIFIED.);
#1559=B_SPLINE_CURVE_WITH_KNOTS('',3,(#7797,#7798,#7799,#7800,#7801,#7802,
#7803,#7804,#7805,#7806),.UNSPECIFIED.,.F.,.F.,(4,3,3,4),(0.328985138064031,
0.409899784001196,0.593320489300225,0.624900933054386),.UNSPECIFIED.);
#1560=B_SPLINE_CURVE_WITH_KNOTS('',3,(#7828,#7829,#7830,#7831),
 .UNSPECIFIED.,.F.,.F.,(4,4),(0.,0.0200000247067674),.UNSPECIFIED.);
#1561=B_SPLINE_CURVE_WITH_KNOTS('',3,(#7832,#7833,#7834,#7835),
 .UNSPECIFIED.,.F.,.F.,(4,4),(-3.66781755733137,-3.34124698844152),
 .UNSPECIFIED.);
#1562=B_SPLINE_CURVE_WITH_KNOTS('',3,(#7879,#7880,#7881,#7882,#7883,#7884,
#7885,#7886,#7887,#7888,#7889,#7890,#7891,#7892,#7893,#7894,#7895,#7896,
#7897,#7898,#7899,#7900,#7901,#7902,#7903,#7904,#7905,#7906,#7907,#7908,
#7909,#7910,#7911,#7912,#7913,#7914,#7915,#7916,#7917,#7918,#7919,#7920,
#7921,#7922,#7923,#7924,#7925,#7926,#7927,#7928,#7929,#7930,#7931,#7932,
#7933,#7934,#7935,#7936,#7937,#7938,#7939,#7940,#7941,#7942,#7943,#7944,
#7945,#7946,#7947,#7948,#7949,#7950,#7951),.UNSPECIFIED.,.F.,.F.,(4,3,3,
3,3,3,3,3,3,3,3,3,3,3,3,3,3,3,3,3,3,3,3,3,4),(0.103625235332116,0.172837652701903,
0.231852896006429,0.28572907592386,0.336429019234713,0.385364892502643,
0.432973556628773,0.479444371630377,0.525306185141583,0.572324261268975,
0.620917481635113,0.672522080321529,0.726227541717951,0.782195038316285,
0.840918299997669,0.902983110057244,0.968997144166831,1.03345185473633,
1.09440754793681,1.15210079075338,1.20714405873977,1.25902134529935,1.30942442856266,
1.35792902195253,1.39215820353824),.UNSPECIFIED.);
#1563=B_SPLINE_CURVE_WITH_KNOTS('',3,(#7962,#7963,#7964,#7965),
 .UNSPECIFIED.,.F.,.F.,(4,4),(0.05,0.08),.UNSPECIFIED.);
#1564=B_SPLINE_CURVE_WITH_KNOTS('',3,(#7967,#7968,#7969,#7970),
 .UNSPECIFIED.,.F.,.F.,(4,4),(0.050966689464693,0.252034182022522),
 .UNSPECIFIED.);
#1565=B_SPLINE_CURVE_WITH_KNOTS('',3,(#7972,#7973,#7974,#7975),
 .UNSPECIFIED.,.F.,.F.,(4,4),(0.120000058669145,0.150000058669145),
 .UNSPECIFIED.);
#1566=B_SPLINE_CURVE_WITH_KNOTS('',3,(#7986,#7987,#7988,#7989),
 .UNSPECIFIED.,.F.,.F.,(4,4),(0.188359141569661,0.600512221217591),
 .UNSPECIFIED.);
#1567=B_SPLINE_CURVE_WITH_KNOTS('',3,(#7992,#7993,#7994,#7995),
 .UNSPECIFIED.,.F.,.F.,(4,4),(0.00504261899388111,0.00749814297355984),
 .UNSPECIFIED.);
#1568=B_SPLINE_CURVE_WITH_KNOTS('',3,(#8013,#8014,#8015,#8016,#8017,#8018),
 .UNSPECIFIED.,.F.,.F.,(4,2,4),(0.232134349552735,0.329457367831808,0.622427728994752),
 .UNSPECIFIED.);
#1569=B_SPLINE_CURVE_WITH_KNOTS('',3,(#8020,#8021,#8022,#8023,#8024,#8025,
#8026),.UNSPECIFIED.,.F.,.F.,(4,3,4),(0.285435666585164,0.303062103875483,
0.315100127497782),.UNSPECIFIED.);
#1570=B_SPLINE_CURVE_WITH_KNOTS('',3,(#8027,#8028,#8029,#8030),
 .UNSPECIFIED.,.F.,.F.,(4,4),(4.19543481497646,4.23530995735385),
 .UNSPECIFIED.);
#1571=B_SPLINE_CURVE_WITH_KNOTS('',3,(#8176,#8177,#8178,#8179),
 .UNSPECIFIED.,.F.,.F.,(4,4),(0.466666686143538,1.00000004173615),
 .UNSPECIFIED.);
#1572=B_SPLINE_CURVE_WITH_KNOTS('',3,(#8180,#8181,#8182,#8183,#8184,#8185,
#8186),.UNSPECIFIED.,.F.,.F.,(4,3,4),(-0.67989566263579,-0.679664527990027,
5.0440416322965E-15),.UNSPECIFIED.);
#1573=B_SPLINE_CURVE_WITH_KNOTS('',3,(#8272,#8273,#8274,#8275,#8276,#8277),
 .UNSPECIFIED.,.F.,.F.,(4,2,4),(-0.212140631753917,-0.106070296462395,-0.0989989614496525),
 .UNSPECIFIED.);
#1574=B_SPLINE_CURVE_WITH_KNOTS('',3,(#8278,#8279,#8280,#8281,#8282,#8283,
#8284,#8285,#8286,#8287,#8288,#8289,#8290,#8291,#8292,#8293),
 .UNSPECIFIED.,.F.,.F.,(4,3,3,3,3,4),(-2.74315151630632,-2.74162235484131,
-2.40040460947817,-1.37649283232768,-0.797489422373526,-0.797247072605041),
 .UNSPECIFIED.);
#1575=B_SPLINE_CURVE_WITH_KNOTS('',3,(#8296,#8297,#8298,#8299,#8300,#8301),
 .UNSPECIFIED.,.F.,.F.,(4,2,4),(0.,0.106070716654428,0.113142121481026),
 .UNSPECIFIED.);
#1576=B_SPLINE_CURVE_WITH_KNOTS('',3,(#8395,#8396,#8397,#8398,#8399,#8400,
#8401,#8402,#8403,#8404,#8405,#8406,#8407,#8408,#8409,#8410,#8411,#8412,
#8413,#8414,#8415),.UNSPECIFIED.,.F.,.F.,(4,1,1,1,1,2,2,3,1,1,1,3,4),(-4.44038021267756,
-4.3866719259332,-4.33296363918884,-4.22554706570012,-4.11813049221141,
-3.90329734523398,-3.75793686272899,-3.66977722323972,-3.45706556872513,
-3.35070974146783,-3.13799808695323,-2.92528643243864,-2.92362273412606),
 .UNSPECIFIED.);
#1577=B_SPLINE_CURVE_WITH_KNOTS('',3,(#8428,#8429,#8430,#8431,#8432,#8433,
#8434,#8435,#8436,#8437,#8438,#8439,#8440,#8441,#8442,#8443),
 .UNSPECIFIED.,.F.,.F.,(4,3,3,3,3,4),(-0.382636770390632,-0.375693222781532,
-0.370911573436903,-0.369536669849638,-0.36870761692536,-0.271540008645018),
 .UNSPECIFIED.);
#1578=B_SPLINE_CURVE_WITH_KNOTS('',3,(#8457,#8458,#8459,#8460,#8461,#8462,
#8463,#8464,#8465,#8466,#8467,#8468,#8469,#8470,#8471,#8472,#8473,#8474,
#8475),.UNSPECIFIED.,.F.,.F.,(4,3,3,3,3,3,4),(-0.639322655411748,-0.514736196726731,
-0.483589582055477,-0.460229621052036,-0.456599487909481,-0.454310186877495,
-0.390149738041714),.UNSPECIFIED.);
#1579=B_SPLINE_CURVE_WITH_KNOTS('',3,(#8496,#8497,#8498,#8499),
 .UNSPECIFIED.,.F.,.F.,(4,4),(-0.406589780470538,-0.322453760265961),
 .UNSPECIFIED.);
#1580=B_SPLINE_CURVE_WITH_KNOTS('',3,(#8516,#8517,#8518,#8519),
 .UNSPECIFIED.,.F.,.F.,(4,4),(-0.356459952000121,-0.272324086409941),
 .UNSPECIFIED.);
#1581=B_SPLINE_CURVE_WITH_KNOTS('',3,(#8530,#8531,#8532,#8533,#8534,#8535,
#8536,#8537,#8538,#8539),.UNSPECIFIED.,.F.,.F.,(4,3,3,4),(0.797489422373526,
1.37649283232768,2.40040460947817,2.74162235484131),.UNSPECIFIED.);
#1582=B_SPLINE_CURVE_WITH_KNOTS('',3,(#8543,#8544,#8545,#8546),
 .UNSPECIFIED.,.F.,.F.,(4,4),(0.,0.679664527990027),.UNSPECIFIED.);
#1583=B_SPLINE_CURVE_WITH_KNOTS('',3,(#8548,#8549,#8550,#8551),
 .UNSPECIFIED.,.F.,.F.,(4,4),(-0.679664527990032,0.),.UNSPECIFIED.);
#1584=B_SPLINE_CURVE_WITH_KNOTS('',3,(#8555,#8556,#8557,#8558,#8559,#8560,
#8561,#8562,#8563,#8564),.UNSPECIFIED.,.F.,.F.,(4,3,3,4),(-2.74162235484131,
-2.40040460947817,-1.37649283232768,-0.797489422373523),.UNSPECIFIED.);
#1585=B_SPLINE_CURVE_WITH_KNOTS('',3,(#8567,#8568,#8569,#8570),
 .UNSPECIFIED.,.F.,.F.,(4,4),(0.206861811371342,0.242094963374958),
 .UNSPECIFIED.);
#1586=B_SPLINE_CURVE_WITH_KNOTS('',3,(#8572,#8573,#8574,#8575,#8576,#8577,
#8578,#8579,#8580,#8581),.UNSPECIFIED.,.F.,.F.,(4,3,3,4),(-2.34933050266534,
-1.64965078970154,-0.41233459083211,0.),.UNSPECIFIED.);
#1587=B_SPLINE_CURVE_WITH_KNOTS('',3,(#8585,#8586,#8587,#8588),
 .UNSPECIFIED.,.F.,.F.,(4,4),(-1.11763636994951,0.),.UNSPECIFIED.);
#1588=B_SPLINE_CURVE_WITH_KNOTS('',3,(#8590,#8591,#8592,#8593),
 .UNSPECIFIED.,.F.,.F.,(4,4),(-1.11752419699811,0.),.UNSPECIFIED.);
#1589=B_SPLINE_CURVE_WITH_KNOTS('',3,(#8597,#8598,#8599,#8600,#8601,#8602),
 .UNSPECIFIED.,.F.,.F.,(4,2,4),(-2.37239843471788,-1.30833830132447,0.),
 .UNSPECIFIED.);
#1590=B_SPLINE_CURVE_WITH_KNOTS('',3,(#8603,#8604,#8605,#8606),
 .UNSPECIFIED.,.F.,.F.,(4,4),(0.373902074753532,0.48448094598924),
 .UNSPECIFIED.);
#1591=B_SPLINE_CURVE_WITH_KNOTS('',3,(#8636,#8637,#8638,#8639,#8640,#8641,
#8642,#8643,#8644,#8645),.UNSPECIFIED.,.F.,.F.,(4,3,3,4),(0.797489422373522,
1.37649283232768,2.40040460947817,2.74162235484131),.UNSPECIFIED.);
#1592=B_SPLINE_CURVE_WITH_KNOTS('',3,(#8646,#8647,#8648,#8649),
 .UNSPECIFIED.,.F.,.F.,(4,4),(0.206861811371128,0.252758626257827),
 .UNSPECIFIED.);
#1593=B_SPLINE_CURVE_WITH_KNOTS('',3,(#8651,#8652,#8653,#8654,#8655,#8656,
#8657,#8658,#8659,#8660),.UNSPECIFIED.,.F.,.F.,(4,3,3,4),(0.797489422373522,
1.37649283232768,2.40040460947817,2.74162235484131),.UNSPECIFIED.);
#1594=B_SPLINE_CURVE_WITH_KNOTS('',3,(#8683,#8684,#8685,#8686,#8687,#8688,
#8689),.UNSPECIFIED.,.F.,.F.,(4,3,4),(0.0629168276505347,0.0862543977645466,
0.679664527990031),.UNSPECIFIED.);
#1595=B_SPLINE_CURVE_WITH_KNOTS('',3,(#8691,#8692,#8693,#8694,#8695,#8696,
#8697),.UNSPECIFIED.,.F.,.F.,(4,3,4),(0.0629168276505347,0.0862543977645466,
0.679664527990031),.UNSPECIFIED.);
#1596=B_SPLINE_CURVE_WITH_KNOTS('',3,(#8720,#8721,#8722,#8723,#8724,#8725,
#8726),.UNSPECIFIED.,.F.,.F.,(4,3,4),(-0.679664527990027,-0.0862543977645506,
-0.0629168276505382),.UNSPECIFIED.);
#1597=B_SPLINE_CURVE_WITH_KNOTS('',3,(#8728,#8729,#8730,#8731,#8732,#8733,
#8734),.UNSPECIFIED.,.F.,.F.,(4,3,4),(-0.679664527990027,-0.0862543977645506,
-0.0629168276505382),.UNSPECIFIED.);
#1598=B_SPLINE_CURVE_WITH_KNOTS('',3,(#8769,#8770,#8771,#8772,#8773,#8774,
#8775,#8776,#8777,#8778),.UNSPECIFIED.,.F.,.F.,(4,3,3,4),(-2.74162235484131,
-2.40040460947817,-1.37649283232768,-0.797489422373525),.UNSPECIFIED.);
#1599=B_SPLINE_CURVE_WITH_KNOTS('',3,(#8779,#8780,#8781,#8782,#8783,#8784,
#8785,#8786,#8787,#8788),.UNSPECIFIED.,.F.,.F.,(4,3,3,4),(-2.74162235484131,
-2.40040460947817,-1.37649283232768,-0.797489422373525),.UNSPECIFIED.);
#1600=B_SPLINE_CURVE_WITH_KNOTS('',3,(#8789,#8790,#8791,#8792),
 .UNSPECIFIED.,.F.,.F.,(4,4),(0.340434326949247,0.484480945989602),
 .UNSPECIFIED.);
#1601=B_SPLINE_CURVE_WITH_KNOTS('',3,(#8795,#8796,#8797,#8798,#8799,#8800,
#8801,#8802,#8803,#8804,#8805,#8806,#8807,#8808,#8809,#8810),
 .UNSPECIFIED.,.F.,.F.,(4,3,3,3,3,4),(-2.7431515163063,-2.74162235484131,
-2.40040460947817,-1.37649283232768,-0.797489422373522,-0.797247072604697),
 .UNSPECIFIED.);
#1602=B_SPLINE_CURVE_WITH_KNOTS('',3,(#8814,#8815,#8816,#8817,#8818,#8819,
#8820,#8821,#8822,#8823,#8824,#8825,#8826),.UNSPECIFIED.,.F.,.F.,(4,3,3,
3,4),(-0.679895662648557,-0.679664527990031,-0.0862543977645466,-0.0629168276505347,
-0.0626851441551195),.UNSPECIFIED.);
#1603=B_SPLINE_CURVE_WITH_KNOTS('',3,(#8830,#8831,#8832,#8833,#8834,#8835,
#8836,#8837,#8838,#8839,#8840,#8841,#8842),.UNSPECIFIED.,.F.,.F.,(4,3,3,
3,4),(0.0626851441553261,0.0629168276505382,0.0862543977645506,0.679664527990027,
0.679895662646425),.UNSPECIFIED.);
#1604=B_SPLINE_CURVE_WITH_KNOTS('',3,(#8845,#8846,#8847,#8848,#8849,#8850,
#8851,#8852,#8853,#8854,#8855,#8856,#8857,#8858,#8859,#8860),
 .UNSPECIFIED.,.F.,.F.,(4,3,3,3,3,4),(0.797247072606257,0.797489422373525,
1.37649283232768,2.40040460947817,2.74162235484131,2.74315151630623),
 .UNSPECIFIED.);
#1605=B_SPLINE_CURVE_WITH_KNOTS('',3,(#8864,#8865,#8866,#8867,#8868,#8869,
#8870,#8871,#8872,#8873),.UNSPECIFIED.,.F.,.F.,(4,3,3,4),(0.797489422373522,
1.37649283232768,2.40040460947817,2.74162235484131),.UNSPECIFIED.);
#1606=B_SPLINE_CURVE_WITH_KNOTS('',3,(#8878,#8879,#8880,#8881,#8882,#8883,
#8884,#8885,#8886,#8887),.UNSPECIFIED.,.F.,.F.,(4,3,3,4),(-2.74162235484131,
-2.40040460947817,-1.37649283232768,-0.797489422373525),.UNSPECIFIED.);
#1607=B_SPLINE_CURVE_WITH_KNOTS('',3,(#8891,#8892,#8893,#8894,#8895,#8896,
#8897),.UNSPECIFIED.,.F.,.F.,(4,3,4),(-0.679664527990027,-0.0862543977645506,
-0.0629168276505382),.UNSPECIFIED.);
#1608=B_SPLINE_CURVE_WITH_KNOTS('',3,(#8901,#8902,#8903,#8904,#8905,#8906,
#8907),.UNSPECIFIED.,.F.,.F.,(4,3,4),(0.0629168276505347,0.0862543977645466,
0.679664527990031),.UNSPECIFIED.);
#1609=B_SPLINE_CURVE_WITH_KNOTS('',3,(#8913,#8914,#8915,#8916,#8917,#8918,
#8919,#8920,#8921,#8922,#8923,#8924,#8925,#8926,#8927,#8928),
 .UNSPECIFIED.,.F.,.F.,(4,3,3,3,3,4),(2.92362273412544,2.92528643243865,
3.75826301690066,3.90530797329374,4.648568920407,5.37389201611323),
 .UNSPECIFIED.);
#1610=B_SPLINE_CURVE_WITH_KNOTS('',3,(#8930,#8931,#8932,#8933,#8934,#8935,
#8936,#8937,#8938,#8939,#8940,#8941,#8942,#8943,#8944,#8945),
 .UNSPECIFIED.,.F.,.F.,(4,3,3,3,3,4),(-5.37389201611323,-4.648568920407,
-3.90530797329374,-3.75826301690066,-2.92528643243864,-2.92362273412596),
 .UNSPECIFIED.);
#1611=B_SPLINE_CURVE_WITH_KNOTS('',3,(#8950,#8951,#8952,#8953,#8954,#8955,
#8956,#8957,#8958,#8959,#8960,#8961,#8962),.UNSPECIFIED.,.F.,.F.,(4,3,3,
3,4),(2.92528643243864,3.75826301690066,3.90530797329374,4.648568920407,
5.37389201611323),.UNSPECIFIED.);
#1612=B_SPLINE_CURVE_WITH_KNOTS('',3,(#8964,#8965,#8966,#8967,#8968,#8969,
#8970,#8971,#8972,#8973,#8974,#8975,#8976),.UNSPECIFIED.,.F.,.F.,(4,3,3,
3,4),(-5.37389201611323,-4.648568920407,-3.90530797329374,-3.75826301690066,
-2.92528643243865),.UNSPECIFIED.);
#1613=B_SPLINE_CURVE_WITH_KNOTS('',3,(#8982,#8983,#8984,#8985,#8986,#8987,
#8988,#8989,#8990,#8991,#8992,#8993,#8994),.UNSPECIFIED.,.F.,.F.,(4,3,3,
3,4),(2.92528643243864,3.75826301690066,3.90530797329374,4.648568920407,
5.37389201611323),.UNSPECIFIED.);
#1614=B_SPLINE_CURVE_WITH_KNOTS('',3,(#8996,#8997,#8998,#8999,#9000,#9001,
#9002,#9003,#9004,#9005,#9006,#9007,#9008),.UNSPECIFIED.,.F.,.F.,(4,3,3,
3,4),(-5.37389201611323,-4.648568920407,-3.90530797329374,-3.75826301690066,
-2.92528643243864),.UNSPECIFIED.);
#1615=B_SPLINE_CURVE_WITH_KNOTS('',3,(#9013,#9014,#9015,#9016,#9017,#9018,
#9019,#9020,#9021,#9022,#9023,#9024,#9025,#9026,#9027,#9028),
 .UNSPECIFIED.,.F.,.F.,(4,3,3,3,3,4),(2.92362273412606,2.92528643243864,
3.75826301690066,3.90530797329374,4.648568920407,5.37389201611323),
 .UNSPECIFIED.);
#1616=B_SPLINE_CURVE_WITH_KNOTS('',3,(#9030,#9031,#9032,#9033,#9034,#9035,
#9036,#9037,#9038,#9039,#9040,#9041,#9042,#9043,#9044,#9045),
 .UNSPECIFIED.,.F.,.F.,(4,3,3,3,3,4),(-5.37389201611323,-4.648568920407,
-3.90530797329374,-3.75826301690066,-2.92528643243864,-2.92362273412612),
 .UNSPECIFIED.);
#1617=B_SPLINE_CURVE_WITH_KNOTS('',3,(#9074,#9075,#9076,#9077,#9078,#9079,
#9080,#9081,#9082,#9083),.UNSPECIFIED.,.F.,.F.,(4,3,3,4),(0.797489422373523,
1.37649283232768,2.40040460947817,2.74162235484131),.UNSPECIFIED.);
#1618=B_SPLINE_CURVE_WITH_KNOTS('',3,(#9098,#9099,#9100,#9101),
 .UNSPECIFIED.,.F.,.F.,(4,4),(0.,0.679664527990032),.UNSPECIFIED.);
#1619=B_SPLINE_CURVE_WITH_KNOTS('',3,(#9112,#9113,#9114,#9115),
 .UNSPECIFIED.,.F.,.F.,(4,4),(-0.679664527990027,0.),.UNSPECIFIED.);
#1620=B_SPLINE_CURVE_WITH_KNOTS('',3,(#9147,#9148,#9149,#9150,#9151,#9152,
#9153,#9154,#9155,#9156),.UNSPECIFIED.,.F.,.F.,(4,3,3,4),(-2.74162235484131,
-2.40040460947817,-1.37649283232768,-0.797489422373526),.UNSPECIFIED.);
#1621=B_SPLINE_CURVE_WITH_KNOTS('',3,(#9159,#9160,#9161,#9162,#9163,#9164,
#9165,#9166,#9167,#9168,#9169,#9170,#9171,#9172,#9173,#9174),
 .UNSPECIFIED.,.F.,.F.,(4,3,3,3,3,4),(-2.74315151630599,-2.74162235484131,
-2.40040460947817,-1.37649283232768,-0.797489422373523,-0.797247072605304),
 .UNSPECIFIED.);
#1622=B_SPLINE_CURVE_WITH_KNOTS('',3,(#9178,#9179,#9180,#9181,#9182,#9183,
#9184),.UNSPECIFIED.,.F.,.F.,(4,3,4),(-0.679895662636132,-0.679664527990032,
0.),.UNSPECIFIED.);
#1623=B_SPLINE_CURVE_WITH_KNOTS('',3,(#9186,#9187,#9188,#9189,#9190,#9191,
#9192),.UNSPECIFIED.,.F.,.F.,(4,3,4),(0.,0.679664527990027,0.67989566263579),
 .UNSPECIFIED.);
#1624=B_SPLINE_CURVE_WITH_KNOTS('',3,(#9195,#9196,#9197,#9198,#9199,#9200,
#9201,#9202,#9203,#9204,#9205,#9206,#9207,#9208,#9209,#9210),
 .UNSPECIFIED.,.F.,.F.,(4,3,3,3,3,4),(0.797247072605041,0.797489422373526,
1.37649283232768,2.40040460947817,2.74162235484131,2.74315151630632),
 .UNSPECIFIED.);
#1625=B_SPLINE_CURVE_WITH_KNOTS('',3,(#9308,#9309,#9310,#9311,#9312,#9313,
#9314,#9315,#9316,#9317,#9318,#9319,#9320,#9321,#9322,#9323,#9324,#9325,
#9326,#9327,#9328,#9329),.UNSPECIFIED.,.F.,.F.,(4,1,1,1,1,2,3,3,1,1,1,3,
4),(-4.52723051851594,-4.46497033346193,-4.40271014840791,-4.27818977829988,
-4.15366940819184,-3.90462866797578,-3.76780461143549,-3.75826301690066,
-3.52026970705437,-3.28227639720808,-3.0442830873618,-2.92528643243865,
-2.92362273412544),.UNSPECIFIED.);
#1626=B_SPLINE_CURVE_WITH_KNOTS('',3,(#9331,#9332,#9333,#9334,#9335,#9336),
 .UNSPECIFIED.,.F.,.F.,(4,2,4),(0.,0.106070688655788,0.212141477696591),
 .UNSPECIFIED.);
#1627=B_SPLINE_CURVE_WITH_KNOTS('',3,(#9337,#9338,#9339,#9340,#9341,#9342,
#9343,#9344,#9345,#9346),.UNSPECIFIED.,.F.,.F.,(4,2,3,1,4),(2.92154385173626,
2.92362273412544,2.92528643243865,3.0442830873618,3.26987685057534),
 .UNSPECIFIED.);
#1628=B_SPLINE_CURVE_WITH_KNOTS('',3,(#9347,#9348,#9349,#9350),
 .UNSPECIFIED.,.F.,.F.,(4,4),(0.,0.0334021842835017),.UNSPECIFIED.);
#1629=B_SPLINE_CURVE_WITH_KNOTS('',3,(#9356,#9357,#9358,#9359,#9360,#9361),
 .UNSPECIFIED.,.F.,.F.,(4,2,4),(-0.212140631753917,-0.106070281402097,0.),
 .UNSPECIFIED.);
#1630=B_SPLINE_CURVE_WITH_KNOTS('',3,(#9559,#9560,#9561,#9562,#9563,#9564,
#9565,#9566,#9567,#9568),.UNSPECIFIED.,.F.,.F.,(4,2,2,2,4),(0.,0.190819047846642,
0.340173842028243,0.590775205058268,0.604631238698241),.UNSPECIFIED.);
#1631=B_SPLINE_CURVE_WITH_KNOTS('',3,(#9750,#9751,#9752,#9753,#9754,#9755),
 .UNSPECIFIED.,.F.,.F.,(4,2,4),(0.699084595623845,0.771234016596451,1.04002334855076),
 .UNSPECIFIED.);
#1632=B_SPLINE_CURVE_WITH_KNOTS('',3,(#9757,#9758,#9759,#9760,#9761,#9762,
#9763,#9764,#9765,#9766),.UNSPECIFIED.,.F.,.F.,(4,2,2,2,4),(0.636809526756131,
1.02126805660632,1.2141717743011,1.32395306036422,1.42665612965793),
 .UNSPECIFIED.);
#1633=B_SPLINE_CURVE_WITH_KNOTS('',3,(#9794,#9795,#9796,#9797,#9798,#9799),
 .UNSPECIFIED.,.F.,.F.,(4,2,4),(0.,0.106070281402347,0.212140631753915),
 .UNSPECIFIED.);
#1634=B_SPLINE_CURVE_WITH_KNOTS('',3,(#9806,#9807,#9808,#9809,#9810,#9811,
#9812),.UNSPECIFIED.,.F.,.F.,(4,3,4),(1.24851567461113,1.40218687567515,
1.40305862096436),.UNSPECIFIED.);
#1635=B_SPLINE_CURVE_WITH_KNOTS('',3,(#9935,#9936,#9937,#9938,#9939,#9940,
#9941,#9942,#9943,#9944,#9945,#9946,#9947,#9948,#9949,#9950),
 .UNSPECIFIED.,.F.,.F.,(4,3,3,3,3,4),(0.,1.37649283232768,2.40040460947817,
3.90530797329374,4.648568920407,5.37389201611323),.UNSPECIFIED.);
#1636=B_SPLINE_CURVE_WITH_KNOTS('',3,(#9985,#9986,#9987,#9988,#9989,#9990,
#9991,#9992,#9993,#9994,#9995,#9996,#9997,#9998,#9999,#10000),
 .UNSPECIFIED.,.F.,.F.,(4,3,3,3,3,4),(-5.37389201611323,-4.648568920407,
-3.90530797329374,-2.40040460947817,-1.37649283232768,0.),.UNSPECIFIED.);
#1637=B_SPLINE_CURVE_WITH_KNOTS('',3,(#10035,#10036,#10037,#10038,#10039,
#10040,#10041,#10042,#10043,#10044,#10045,#10046,#10047,#10048,#10049,#10050),
 .UNSPECIFIED.,.F.,.F.,(4,3,3,3,3,4),(0.,1.37649283232768,2.40040460947817,
3.90530797329374,4.648568920407,5.37389201611323),.UNSPECIFIED.);
#1638=B_SPLINE_CURVE_WITH_KNOTS('',3,(#10084,#10085,#10086,#10087,#10088,
#10089,#10090,#10091,#10092,#10093,#10094,#10095,#10096,#10097,#10098,#10099),
 .UNSPECIFIED.,.F.,.F.,(4,3,3,3,3,4),(-5.37389201611323,-4.648568920407,
-3.90530797329374,-2.40040460947817,-1.37649283232768,0.),.UNSPECIFIED.);
#1639=B_SPLINE_CURVE_WITH_KNOTS('',3,(#10195,#10196,#10197,#10198),
 .UNSPECIFIED.,.F.,.F.,(4,4),(0.,0.0999999999999999),.UNSPECIFIED.);
#1640=B_SPLINE_CURVE_WITH_KNOTS('',3,(#10229,#10230,#10231,#10232,#10233,
#10234,#10235),.UNSPECIFIED.,.F.,.F.,(4,3,4),(-3.82995853253914,-3.75826301690066,
-2.92528643243864),.UNSPECIFIED.);
#1641=B_SPLINE_CURVE_WITH_KNOTS('',3,(#10263,#10264,#10265,#10266,#10267,
#10268,#10269,#10270,#10271,#10272),.UNSPECIFIED.,.F.,.F.,(4,3,3,4),(2.92528643243865,
3.75826301690066,3.90530797329374,3.91002860677076),.UNSPECIFIED.);
#1642=B_SPLINE_CURVE_WITH_KNOTS('',3,(#10366,#10367,#10368,#10369,#10370,
#10371,#10372,#10373,#10374,#10375),.UNSPECIFIED.,.F.,.F.,(4,3,3,4),(-2.74162235484131,
-2.40040460947817,-1.37649283232768,-0.797489422373523),.UNSPECIFIED.);
#1643=B_SPLINE_CURVE_WITH_KNOTS('',3,(#10390,#10391,#10392,#10393),
 .UNSPECIFIED.,.F.,.F.,(4,4),(-0.679664527990032,0.),.UNSPECIFIED.);
#1644=B_SPLINE_CURVE_WITH_KNOTS('',3,(#10404,#10405,#10406,#10407),
 .UNSPECIFIED.,.F.,.F.,(4,4),(0.,0.679664527990027),.UNSPECIFIED.);
#1645=B_SPLINE_CURVE_WITH_KNOTS('',3,(#10434,#10435,#10436,#10437,#10438,
#10439,#10440,#10441,#10442,#10443),.UNSPECIFIED.,.F.,.F.,(4,3,3,4),(0.797489422373526,
1.37649283232768,2.40040460947817,2.74162235484131),.UNSPECIFIED.);
#1646=B_SPLINE_CURVE_WITH_KNOTS('',3,(#10475,#10476,#10477,#10478,#10479,
#10480,#10481),.UNSPECIFIED.,.F.,.F.,(4,3,4),(2.92528643243864,3.75826301690066,
3.82995853253915),.UNSPECIFIED.);
#1647=B_SPLINE_CURVE_WITH_KNOTS('',3,(#10511,#10512,#10513,#10514,#10515,
#10516,#10517,#10518,#10519,#10520),.UNSPECIFIED.,.F.,.F.,(4,3,3,4),(-3.91002860677076,
-3.90530797329374,-3.75826301690066,-2.92528643243864),.UNSPECIFIED.);
#1648=B_SPLINE_CURVE_WITH_KNOTS('',3,(#10546,#10547,#10548,#10549,#10550,
#10551,#10552,#10553,#10554,#10555),.UNSPECIFIED.,.F.,.F.,(4,3,3,4),(-2.74162235484131,
-2.40040460947817,-1.37649283232768,-1.26230131731736),.UNSPECIFIED.);
#1649=B_SPLINE_CURVE_WITH_KNOTS('',3,(#10558,#10559,#10560,#10561),
 .UNSPECIFIED.,.F.,.F.,(4,4),(-2.36299380063821,-1.70831673474358),
 .UNSPECIFIED.);
#1650=B_SPLINE_CURVE_WITH_KNOTS('',3,(#10581,#10582,#10583,#10584,#10585,
#10586,#10587),.UNSPECIFIED.,.F.,.F.,(4,3,4),(-1.19071387998799,-1.14565758120544,
0.),.UNSPECIFIED.);
#1651=B_SPLINE_CURVE_WITH_KNOTS('',3,(#10608,#10609,#10610,#10611,#10612,
#10613,#10614),.UNSPECIFIED.,.F.,.F.,(4,3,4),(-0.520295032520506,-0.0196878266343529,
0.),.UNSPECIFIED.);
#1652=B_SPLINE_CURVE_WITH_KNOTS('',3,(#10641,#10642,#10643,#10644),
 .UNSPECIFIED.,.F.,.F.,(4,4),(-0.661211005333538,0.),.UNSPECIFIED.);
#1653=B_SPLINE_CURVE_WITH_KNOTS('',3,(#10645,#10646,#10647,#10648,#10649,
#10650,#10651,#10652,#10653,#10654),.UNSPECIFIED.,.F.,.F.,(4,3,3,4),(1.26230131731736,
1.37649283232768,2.40040460947817,2.74162235484131),.UNSPECIFIED.);
#1654=VERTEX_POINT('',#5254);
#1655=VERTEX_POINT('',#5255);
#1656=VERTEX_POINT('',#5263);
#1657=VERTEX_POINT('',#5265);
#1658=VERTEX_POINT('',#5295);
#1659=VERTEX_POINT('',#5306);
#1660=VERTEX_POINT('',#5335);
#1661=VERTEX_POINT('',#5336);
#1662=VERTEX_POINT('',#5344);
#1663=VERTEX_POINT('',#5351);
#1664=VERTEX_POINT('',#5376);
#1665=VERTEX_POINT('',#5387);
#1666=VERTEX_POINT('',#5420);
#1667=VERTEX_POINT('',#5421);
#1668=VERTEX_POINT('',#5426);
#1669=VERTEX_POINT('',#5431);
#1670=VERTEX_POINT('',#5436);
#1671=VERTEX_POINT('',#5447);
#1672=VERTEX_POINT('',#5457);
#1673=VERTEX_POINT('',#5597);
#1674=VERTEX_POINT('',#5599);
#1675=VERTEX_POINT('',#5601);
#1676=VERTEX_POINT('',#5603);
#1677=VERTEX_POINT('',#5605);
#1678=VERTEX_POINT('',#5607);
#1679=VERTEX_POINT('',#5609);
#1680=VERTEX_POINT('',#5611);
#1681=VERTEX_POINT('',#5613);
#1682=VERTEX_POINT('',#5615);
#1683=VERTEX_POINT('',#5617);
#1684=VERTEX_POINT('',#5619);
#1685=VERTEX_POINT('',#5621);
#1686=VERTEX_POINT('',#5623);
#1687=VERTEX_POINT('',#5625);
#1688=VERTEX_POINT('',#5765);
#1689=VERTEX_POINT('',#5770);
#1690=VERTEX_POINT('',#5778);
#1691=VERTEX_POINT('',#5783);
#1692=VERTEX_POINT('',#5792);
#1693=VERTEX_POINT('',#5794);
#1694=VERTEX_POINT('',#5817);
#1695=VERTEX_POINT('',#5819);
#1696=VERTEX_POINT('',#5830);
#1697=VERTEX_POINT('',#5841);
#1698=VERTEX_POINT('',#5843);
#1699=VERTEX_POINT('',#5866);
#1700=VERTEX_POINT('',#5868);
#1701=VERTEX_POINT('',#5885);
#1702=VERTEX_POINT('',#5897);
#1703=VERTEX_POINT('',#5898);
#1704=VERTEX_POINT('',#5915);
#1705=VERTEX_POINT('',#5932);
#1706=VERTEX_POINT('',#6005);
#1707=VERTEX_POINT('',#6010);
#1708=VERTEX_POINT('',#6020);
#1709=VERTEX_POINT('',#6025);
#1710=VERTEX_POINT('',#6030);
#1711=VERTEX_POINT('',#6035);
#1712=VERTEX_POINT('',#6044);
#1713=VERTEX_POINT('',#6120);
#1714=VERTEX_POINT('',#6127);
#1715=VERTEX_POINT('',#6132);
#1716=VERTEX_POINT('',#6137);
#1717=VERTEX_POINT('',#6162);
#1718=VERTEX_POINT('',#6163);
#1719=VERTEX_POINT('',#6172);
#1720=VERTEX_POINT('',#6177);
#1721=VERTEX_POINT('',#6242);
#1722=VERTEX_POINT('',#6255);
#1723=VERTEX_POINT('',#6260);
#1724=VERTEX_POINT('',#6268);
#1725=VERTEX_POINT('',#6275);
#1726=VERTEX_POINT('',#6284);
#1727=VERTEX_POINT('',#6389);
#1728=VERTEX_POINT('',#6396);
#1729=VERTEX_POINT('',#6401);
#1730=VERTEX_POINT('',#6406);
#1731=VERTEX_POINT('',#6414);
#1732=VERTEX_POINT('',#6425);
#1733=VERTEX_POINT('',#6470);
#1734=VERTEX_POINT('',#6471);
#1735=VERTEX_POINT('',#6522);
#1736=VERTEX_POINT('',#6524);
#1737=VERTEX_POINT('',#6535);
#1738=VERTEX_POINT('',#6546);
#1739=VERTEX_POINT('',#6595);
#1740=VERTEX_POINT('',#6600);
#1741=VERTEX_POINT('',#6644);
#1742=VERTEX_POINT('',#6649);
#1743=VERTEX_POINT('',#6695);
#1744=VERTEX_POINT('',#6696);
#1745=VERTEX_POINT('',#6703);
#1746=VERTEX_POINT('',#6714);
#1747=VERTEX_POINT('',#6733);
#1748=VERTEX_POINT('',#6735);
#1749=VERTEX_POINT('',#6739);
#1750=VERTEX_POINT('',#6743);
#1751=VERTEX_POINT('',#6745);
#1752=VERTEX_POINT('',#6756);
#1753=VERTEX_POINT('',#6758);
#1754=VERTEX_POINT('',#6769);
#1755=VERTEX_POINT('',#6771);
#1756=VERTEX_POINT('',#6782);
#1757=VERTEX_POINT('',#6784);
#1758=VERTEX_POINT('',#6786);
#1759=VERTEX_POINT('',#6788);
#1760=VERTEX_POINT('',#6790);
#1761=VERTEX_POINT('',#6792);
#1762=VERTEX_POINT('',#6794);
#1763=VERTEX_POINT('',#6796);
#1764=VERTEX_POINT('',#6798);
#1765=VERTEX_POINT('',#6800);
#1766=VERTEX_POINT('',#6804);
#1767=VERTEX_POINT('',#6811);
#1768=VERTEX_POINT('',#6813);
#1769=VERTEX_POINT('',#6815);
#1770=VERTEX_POINT('',#6817);
#1771=VERTEX_POINT('',#6821);
#1772=VERTEX_POINT('',#6823);
#1773=VERTEX_POINT('',#6830);
#1774=VERTEX_POINT('',#6840);
#1775=VERTEX_POINT('',#6911);
#1776=VERTEX_POINT('',#6958);
#1777=VERTEX_POINT('',#6966);
#1778=VERTEX_POINT('',#6985);
#1779=VERTEX_POINT('',#6987);
#1780=VERTEX_POINT('',#7010);
#1781=VERTEX_POINT('',#7012);
#1782=VERTEX_POINT('',#7023);
#1783=VERTEX_POINT('',#7034);
#1784=VERTEX_POINT('',#7036);
#1785=VERTEX_POINT('',#7059);
#1786=VERTEX_POINT('',#7061);
#1787=VERTEX_POINT('',#7072);
#1788=VERTEX_POINT('',#7083);
#1789=VERTEX_POINT('',#7145);
#1790=VERTEX_POINT('',#7189);
#1791=VERTEX_POINT('',#7191);
#1792=VERTEX_POINT('',#7214);
#1793=VERTEX_POINT('',#7216);
#1794=VERTEX_POINT('',#7227);
#1795=VERTEX_POINT('',#7238);
#1796=VERTEX_POINT('',#7240);
#1797=VERTEX_POINT('',#7263);
#1798=VERTEX_POINT('',#7265);
#1799=VERTEX_POINT('',#7452);
#1800=VERTEX_POINT('',#7454);
#1801=VERTEX_POINT('',#7555);
#1802=VERTEX_POINT('',#7584);
#1803=VERTEX_POINT('',#7591);
#1804=VERTEX_POINT('',#7727);
#1805=VERTEX_POINT('',#7728);
#1806=VERTEX_POINT('',#7742);
#1807=VERTEX_POINT('',#7783);
#1808=VERTEX_POINT('',#7790);
#1809=VERTEX_POINT('',#7827);
#1810=VERTEX_POINT('',#7876);
#1811=VERTEX_POINT('',#7878);
#1812=VERTEX_POINT('',#7952);
#1813=VERTEX_POINT('',#7961);
#1814=VERTEX_POINT('',#7966);
#1815=VERTEX_POINT('',#7971);
#1816=VERTEX_POINT('',#7976);
#1817=VERTEX_POINT('',#7997);
#1818=VERTEX_POINT('',#7999);
#1819=VERTEX_POINT('',#8011);
#1820=VERTEX_POINT('',#8175);
#1821=VERTEX_POINT('',#8188);
#1822=VERTEX_POINT('',#8271);
#1823=VERTEX_POINT('',#8295);
#1824=VERTEX_POINT('',#8417);
#1825=VERTEX_POINT('',#8418);
#1826=VERTEX_POINT('',#8420);
#1827=VERTEX_POINT('',#8422);
#1828=VERTEX_POINT('',#8424);
#1829=VERTEX_POINT('',#8426);
#1830=VERTEX_POINT('',#8445);
#1831=VERTEX_POINT('',#8449);
#1832=VERTEX_POINT('',#8450);
#1833=VERTEX_POINT('',#8452);
#1834=VERTEX_POINT('',#8454);
#1835=VERTEX_POINT('',#8456);
#1836=VERTEX_POINT('',#8476);
#1837=VERTEX_POINT('',#8480);
#1838=VERTEX_POINT('',#8484);
#1839=VERTEX_POINT('',#8485);
#1840=VERTEX_POINT('',#8487);
#1841=VERTEX_POINT('',#8489);
#1842=VERTEX_POINT('',#8491);
#1843=VERTEX_POINT('',#8493);
#1844=VERTEX_POINT('',#8495);
#1845=VERTEX_POINT('',#8502);
#1846=VERTEX_POINT('',#8506);
#1847=VERTEX_POINT('',#8507);
#1848=VERTEX_POINT('',#8509);
#1849=VERTEX_POINT('',#8511);
#1850=VERTEX_POINT('',#8513);
#1851=VERTEX_POINT('',#8515);
#1852=VERTEX_POINT('',#8520);
#1853=VERTEX_POINT('',#8524);
#1854=VERTEX_POINT('',#8528);
#1855=VERTEX_POINT('',#8529);
#1856=VERTEX_POINT('',#8540);
#1857=VERTEX_POINT('',#8542);
#1858=VERTEX_POINT('',#8547);
#1859=VERTEX_POINT('',#8552);
#1860=VERTEX_POINT('',#8554);
#1861=VERTEX_POINT('',#8566);
#1862=VERTEX_POINT('',#8571);
#1863=VERTEX_POINT('',#8582);
#1864=VERTEX_POINT('',#8584);
#1865=VERTEX_POINT('',#8589);
#1866=VERTEX_POINT('',#8594);
#1867=VERTEX_POINT('',#8596);
#1868=VERTEX_POINT('',#8634);
#1869=VERTEX_POINT('',#8635);
#1870=VERTEX_POINT('',#8650);
#1871=VERTEX_POINT('',#8663);
#1872=VERTEX_POINT('',#8665);
#1873=VERTEX_POINT('',#8682);
#1874=VERTEX_POINT('',#8690);
#1875=VERTEX_POINT('',#8700);
#1876=VERTEX_POINT('',#8702);
#1877=VERTEX_POINT('',#8719);
#1878=VERTEX_POINT('',#8727);
#1879=VERTEX_POINT('',#8737);
#1880=VERTEX_POINT('',#8739);
#1881=VERTEX_POINT('',#8768);
#1882=VERTEX_POINT('',#8794);
#1883=VERTEX_POINT('',#8811);
#1884=VERTEX_POINT('',#8813);
#1885=VERTEX_POINT('',#8827);
#1886=VERTEX_POINT('',#8829);
#1887=VERTEX_POINT('',#8843);
#1888=VERTEX_POINT('',#8862);
#1889=VERTEX_POINT('',#8863);
#1890=VERTEX_POINT('',#8875);
#1891=VERTEX_POINT('',#8877);
#1892=VERTEX_POINT('',#8888);
#1893=VERTEX_POINT('',#8890);
#1894=VERTEX_POINT('',#8898);
#1895=VERTEX_POINT('',#8900);
#1896=VERTEX_POINT('',#8910);
#1897=VERTEX_POINT('',#8912);
#1898=VERTEX_POINT('',#8929);
#1899=VERTEX_POINT('',#8947);
#1900=VERTEX_POINT('',#8949);
#1901=VERTEX_POINT('',#8963);
#1902=VERTEX_POINT('',#8979);
#1903=VERTEX_POINT('',#8981);
#1904=VERTEX_POINT('',#8995);
#1905=VERTEX_POINT('',#9010);
#1906=VERTEX_POINT('',#9012);
#1907=VERTEX_POINT('',#9029);
#1908=VERTEX_POINT('',#9073);
#1909=VERTEX_POINT('',#9086);
#1910=VERTEX_POINT('',#9097);
#1911=VERTEX_POINT('',#9111);
#1912=VERTEX_POINT('',#9118);
#1913=VERTEX_POINT('',#9158);
#1914=VERTEX_POINT('',#9175);
#1915=VERTEX_POINT('',#9177);
#1916=VERTEX_POINT('',#9185);
#1917=VERTEX_POINT('',#9193);
#1918=VERTEX_POINT('',#9307);
#1919=VERTEX_POINT('',#9330);
#1920=VERTEX_POINT('',#9352);
#1921=VERTEX_POINT('',#9354);
#1922=VERTEX_POINT('',#9532);
#1923=VERTEX_POINT('',#9749);
#1924=VERTEX_POINT('',#9756);
#1925=VERTEX_POINT('',#9767);
#1926=VERTEX_POINT('',#9803);
#1927=VERTEX_POINT('',#9805);
#1928=VERTEX_POINT('',#9932);
#1929=VERTEX_POINT('',#9934);
#1930=VERTEX_POINT('',#9984);
#1931=VERTEX_POINT('',#10034);
#1932=VERTEX_POINT('',#10227);
#1933=VERTEX_POINT('',#10262);
#1934=VERTEX_POINT('',#10338);
#1935=VERTEX_POINT('',#10342);
#1936=VERTEX_POINT('',#10365);
#1937=VERTEX_POINT('',#10378);
#1938=VERTEX_POINT('',#10389);
#1939=VERTEX_POINT('',#10403);
#1940=VERTEX_POINT('',#10410);
#1941=VERTEX_POINT('',#10433);
#1942=VERTEX_POINT('',#10446);
#1943=VERTEX_POINT('',#10509);
#1944=VERTEX_POINT('',#10522);
#1945=VERTEX_POINT('',#10545);
#1946=VERTEX_POINT('',#10556);
#1947=VERTEX_POINT('',#10563);
#1948=VERTEX_POINT('',#10580);
#1949=VERTEX_POINT('',#10590);
#1950=VERTEX_POINT('',#10607);
#1951=VERTEX_POINT('',#10617);
#1952=VERTEX_POINT('',#10640);
#1953=VERTEX_POINT('',#10877);
#1954=VERTEX_POINT('',#10878);
#1955=VERTEX_POINT('',#10880);
#1956=VERTEX_POINT('',#10882);
#1957=VERTEX_POINT('',#10884);
#1958=VERTEX_POINT('',#10886);
#1959=VERTEX_POINT('',#10888);
#1960=VERTEX_POINT('',#10890);
#1961=VERTEX_POINT('',#10892);
#1962=VERTEX_POINT('',#10896);
#1963=VERTEX_POINT('',#10900);
#1964=VERTEX_POINT('',#10907);
#1965=VERTEX_POINT('',#10909);
#1966=VERTEX_POINT('',#10911);
#1967=VERTEX_POINT('',#10915);
#1968=VERTEX_POINT('',#10917);
#1969=VERTEX_POINT('',#10920);
#1970=VERTEX_POINT('',#10923);
#1971=VERTEX_POINT('',#10925);
#1972=VERTEX_POINT('',#10927);
#1973=VERTEX_POINT('',#10929);
#1974=VERTEX_POINT('',#10931);
#1975=VERTEX_POINT('',#10933);
#1976=VERTEX_POINT('',#10935);
#1977=VERTEX_POINT('',#10939);
#1978=VERTEX_POINT('',#10943);
#1979=VERTEX_POINT('',#10945);
#1980=VERTEX_POINT('',#10947);
#1981=VERTEX_POINT('',#10949);
#1982=VERTEX_POINT('',#10953);
#1983=VERTEX_POINT('',#10955);
#1984=VERTEX_POINT('',#10959);
#1985=VERTEX_POINT('',#10962);
#1986=VERTEX_POINT('',#10964);
#1987=VERTEX_POINT('',#10966);
#1988=VERTEX_POINT('',#10968);
#1989=VERTEX_POINT('',#10970);
#1990=VERTEX_POINT('',#10972);
#1991=VERTEX_POINT('',#10974);
#1992=VERTEX_POINT('',#10980);
#1993=VERTEX_POINT('',#10982);
#1994=VERTEX_POINT('',#10986);
#1995=VERTEX_POINT('',#10990);
#1996=VERTEX_POINT('',#10994);
#1997=VERTEX_POINT('',#10998);
#1998=VERTEX_POINT('',#11002);
#1999=VERTEX_POINT('',#11004);
#2000=VERTEX_POINT('',#11008);
#2001=VERTEX_POINT('',#11016);
#2002=VERTEX_POINT('',#11018);
#2003=VERTEX_POINT('',#11027);
#2004=VERTEX_POINT('',#11031);
#2005=VERTEX_POINT('',#11033);
#2006=VERTEX_POINT('',#11037);
#2007=VERTEX_POINT('',#11041);
#2008=VERTEX_POINT('',#11045);
#2009=VERTEX_POINT('',#11049);
#2010=VERTEX_POINT('',#11051);
#2011=VERTEX_POINT('',#11055);
#2012=VERTEX_POINT('',#11059);
#2013=VERTEX_POINT('',#11063);
#2014=VERTEX_POINT('',#11067);
#2015=VERTEX_POINT('',#11075);
#2016=VERTEX_POINT('',#11076);
#2017=VERTEX_POINT('',#11078);
#2018=VERTEX_POINT('',#11080);
#2019=VERTEX_POINT('',#11082);
#2020=VERTEX_POINT('',#11084);
#2021=VERTEX_POINT('',#11086);
#2022=VERTEX_POINT('',#11088);
#2023=VERTEX_POINT('',#11090);
#2024=VERTEX_POINT('',#11094);
#2025=VERTEX_POINT('',#11098);
#2026=VERTEX_POINT('',#11100);
#2027=VERTEX_POINT('',#11102);
#2028=VERTEX_POINT('',#11107);
#2029=VERTEX_POINT('',#11109);
#2030=VERTEX_POINT('',#11113);
#2031=VERTEX_POINT('',#11115);
#2032=VERTEX_POINT('',#11117);
#2033=VERTEX_POINT('',#11121);
#2034=VERTEX_POINT('',#11123);
#2035=VERTEX_POINT('',#11126);
#2036=VERTEX_POINT('',#11129);
#2037=VERTEX_POINT('',#11131);
#2038=VERTEX_POINT('',#11133);
#2039=VERTEX_POINT('',#11135);
#2040=VERTEX_POINT('',#11137);
#2041=VERTEX_POINT('',#11139);
#2042=VERTEX_POINT('',#11141);
#2043=VERTEX_POINT('',#11145);
#2044=VERTEX_POINT('',#11149);
#2045=VERTEX_POINT('',#11151);
#2046=VERTEX_POINT('',#11153);
#2047=VERTEX_POINT('',#11155);
#2048=VERTEX_POINT('',#11159);
#2049=VERTEX_POINT('',#11161);
#2050=VERTEX_POINT('',#11165);
#2051=VERTEX_POINT('',#11167);
#2052=VERTEX_POINT('',#11169);
#2053=VERTEX_POINT('',#11171);
#2054=VERTEX_POINT('',#11173);
#2055=VERTEX_POINT('',#11175);
#2056=VERTEX_POINT('',#11177);
#2057=VERTEX_POINT('',#11180);
#2058=VERTEX_POINT('',#11189);
#2059=VERTEX_POINT('',#11191);
#2060=VERTEX_POINT('',#11198);
#2061=VERTEX_POINT('',#11207);
#2062=VERTEX_POINT('',#11213);
#2063=VERTEX_POINT('',#11217);
#2064=VERTEX_POINT('',#11221);
#2065=VERTEX_POINT('',#11223);
#2066=VERTEX_POINT('',#11227);
#2067=VERTEX_POINT('',#11235);
#2068=VERTEX_POINT('',#11237);
#2069=VERTEX_POINT('',#11246);
#2070=VERTEX_POINT('',#11248);
#2071=VERTEX_POINT('',#11250);
#2072=VERTEX_POINT('',#11252);
#2073=VERTEX_POINT('',#11254);
#2074=VERTEX_POINT('',#11257);
#2075=VERTEX_POINT('',#11260);
#2076=VERTEX_POINT('',#11262);
#2077=VERTEX_POINT('',#11264);
#2078=VERTEX_POINT('',#11266);
#2079=EDGE_CURVE('',#1654,#1655,#1444,.T.);
#2080=EDGE_CURVE('',#1655,#1656,#668,.T.);
#2081=EDGE_CURVE('',#1656,#1657,#1445,.T.);
#2082=EDGE_CURVE('',#1657,#1654,#1446,.T.);
#2083=EDGE_CURVE('',#1655,#1658,#1447,.T.);
#2084=EDGE_CURVE('',#1658,#1659,#1448,.T.);
#2085=EDGE_CURVE('',#1659,#1656,#1449,.T.);
#2086=EDGE_CURVE('',#1660,#1661,#1450,.T.);
#2087=EDGE_CURVE('',#1661,#1662,#1451,.T.);
#2088=EDGE_CURVE('',#1662,#1663,#1452,.T.);
#2089=EDGE_CURVE('',#1660,#1663,#669,.T.);
#2090=EDGE_CURVE('',#1664,#1660,#1453,.T.);
#2091=EDGE_CURVE('',#1663,#1665,#1454,.T.);
#2092=EDGE_CURVE('',#1665,#1664,#1455,.T.);
#2093=EDGE_CURVE('',#1666,#1667,#1456,.T.);
#2094=EDGE_CURVE('',#1667,#1668,#1457,.T.);
#2095=EDGE_CURVE('',#1668,#1669,#1458,.T.);
#2096=EDGE_CURVE('',#1669,#1670,#1459,.T.);
#2097=EDGE_CURVE('',#1670,#1671,#1460,.T.);
#2098=EDGE_CURVE('',#1671,#1666,#1461,.T.);
#2099=EDGE_CURVE('',#1666,#1672,#1462,.T.);
#2100=EDGE_CURVE('',#1673,#1672,#670,.T.);
#2101=EDGE_CURVE('',#1673,#1674,#55,.T.);
#2102=EDGE_CURVE('',#1675,#1674,#671,.T.);
#2103=EDGE_CURVE('',#1675,#1676,#56,.T.);
#2104=EDGE_CURVE('',#1677,#1676,#672,.T.);
#2105=EDGE_CURVE('',#1678,#1677,#57,.T.);
#2106=EDGE_CURVE('',#1679,#1678,#673,.T.);
#2107=EDGE_CURVE('',#1679,#1680,#674,.T.);
#2108=EDGE_CURVE('',#1680,#1681,#58,.T.);
#2109=EDGE_CURVE('',#1681,#1682,#675,.T.);
#2110=EDGE_CURVE('',#1683,#1682,#59,.T.);
#2111=EDGE_CURVE('',#1683,#1684,#676,.T.);
#2112=EDGE_CURVE('',#1685,#1684,#60,.T.);
#2113=EDGE_CURVE('',#1685,#1686,#677,.T.);
#2114=EDGE_CURVE('',#1686,#1687,#1463,.T.);
#2115=EDGE_CURVE('',#1688,#1687,#1464,.T.);
#2116=EDGE_CURVE('',#1688,#1689,#43,.T.);
#2117=EDGE_CURVE('',#1690,#1689,#1465,.T.);
#2118=EDGE_CURVE('',#1690,#1691,#1466,.T.);
#2119=EDGE_CURVE('',#1691,#1692,#678,.T.);
#2120=EDGE_CURVE('',#1692,#1693,#1467,.T.);
#2121=EDGE_CURVE('',#1693,#1694,#679,.T.);
#2122=EDGE_CURVE('',#1694,#1695,#1468,.T.);
#2123=EDGE_CURVE('',#1695,#1696,#1469,.T.);
#2124=EDGE_CURVE('',#1696,#1697,#680,.T.);
#2125=EDGE_CURVE('',#1697,#1698,#1470,.T.);
#2126=EDGE_CURVE('',#1698,#1699,#681,.T.);
#2127=EDGE_CURVE('',#1699,#1700,#1471,.T.);
#2128=EDGE_CURVE('',#1701,#1700,#1472,.T.);
#2129=EDGE_CURVE('',#1667,#1701,#44,.T.);
#2130=EDGE_CURVE('',#1702,#1703,#1473,.T.);
#2131=EDGE_CURVE('',#1703,#1704,#1474,.T.);
#2132=EDGE_CURVE('',#1704,#1705,#1475,.T.);
#2133=EDGE_CURVE('',#1705,#1702,#1476,.T.);
#2134=EDGE_CURVE('',#1706,#1671,#1477,.T.);
#2135=EDGE_CURVE('',#1706,#1707,#45,.T.);
#2136=EDGE_CURVE('',#1708,#1707,#1478,.T.);
#2137=EDGE_CURVE('',#1709,#1708,#1479,.T.);
#2138=EDGE_CURVE('',#1710,#1709,#1480,.T.);
#2139=EDGE_CURVE('',#1710,#1711,#46,.T.);
#2140=EDGE_CURVE('',#1712,#1711,#1481,.T.);
#2141=EDGE_CURVE('',#1672,#1712,#682,.T.);
#2142=EDGE_CURVE('',#1670,#1713,#1482,.T.);
#2143=EDGE_CURVE('',#1714,#1713,#1483,.T.);
#2144=EDGE_CURVE('',#1714,#1715,#1484,.T.);
#2145=EDGE_CURVE('',#1715,#1716,#1485,.T.);
#2146=EDGE_CURVE('',#1707,#1716,#683,.T.);
#2147=EDGE_CURVE('',#1717,#1718,#1486,.T.);
#2148=EDGE_CURVE('',#1718,#1688,#1487,.T.);
#2149=EDGE_CURVE('',#1687,#1719,#1488,.T.);
#2150=EDGE_CURVE('',#1719,#1720,#1489,.T.);
#2151=EDGE_CURVE('',#1720,#1717,#1490,.T.);
#2152=EDGE_CURVE('',#1721,#1718,#47,.T.);
#2153=EDGE_CURVE('',#1689,#1721,#1491,.T.);
#2154=EDGE_CURVE('',#1717,#1722,#1492,.T.);
#2155=EDGE_CURVE('',#1722,#1723,#1493,.T.);
#2156=EDGE_CURVE('',#1723,#1724,#1494,.T.);
#2157=EDGE_CURVE('',#1724,#1725,#1495,.T.);
#2158=EDGE_CURVE('',#1725,#1726,#1496,.T.);
#2159=EDGE_CURVE('',#1721,#1726,#1497,.T.);
#2160=EDGE_CURVE('',#1727,#1720,#1498,.T.);
#2161=EDGE_CURVE('',#1728,#1727,#1499,.T.);
#2162=EDGE_CURVE('',#1728,#1729,#1500,.T.);
#2163=EDGE_CURVE('',#1729,#1730,#1501,.T.);
#2164=EDGE_CURVE('',#1730,#1731,#1502,.T.);
#2165=EDGE_CURVE('',#1732,#1731,#1503,.T.);
#2166=EDGE_CURVE('',#1732,#1722,#1504,.T.);
#2167=EDGE_CURVE('',#1733,#1734,#1505,.T.);
#2168=EDGE_CURVE('',#1734,#1701,#1506,.T.);
#2169=EDGE_CURVE('',#1700,#1733,#1507,.T.);
#2170=EDGE_CURVE('',#1735,#1699,#684,.T.);
#2171=EDGE_CURVE('',#1735,#1736,#1508,.T.);
#2172=EDGE_CURVE('',#1737,#1736,#1509,.T.);
#2173=EDGE_CURVE('',#1737,#1738,#1510,.T.);
#2174=EDGE_CURVE('',#1733,#1738,#1511,.T.);
#2175=EDGE_CURVE('',#1726,#1690,#1512,.T.);
#2176=EDGE_CURVE('',#1739,#1714,#1513,.T.);
#2177=EDGE_CURVE('',#1740,#1739,#1514,.T.);
#2178=EDGE_CURVE('',#1715,#1740,#685,.T.);
#2179=EDGE_CURVE('',#1741,#1740,#1515,.T.);
#2180=EDGE_CURVE('',#1742,#1741,#1516,.T.);
#2181=EDGE_CURVE('',#1716,#1742,#1517,.T.);
#2182=EDGE_CURVE('',#1743,#1744,#1518,.T.);
#2183=EDGE_CURVE('',#1745,#1743,#1519,.T.);
#2184=EDGE_CURVE('',#1746,#1745,#1520,.T.);
#2185=EDGE_CURVE('',#1744,#1746,#1521,.T.);
#2186=EDGE_CURVE('',#1745,#1710,#686,.T.);
#2187=EDGE_CURVE('',#1747,#1743,#687,.T.);
#2188=EDGE_CURVE('',#1748,#1747,#688,.T.);
#2189=EDGE_CURVE('',#1712,#1748,#689,.T.);
#2190=EDGE_CURVE('',#1749,#1744,#690,.T.);
#2191=EDGE_CURVE('',#1747,#1749,#691,.T.);
#2192=EDGE_CURVE('',#1750,#1746,#692,.T.);
#2193=EDGE_CURVE('',#1750,#1751,#1522,.T.);
#2194=EDGE_CURVE('',#1751,#1752,#693,.T.);
#2195=EDGE_CURVE('',#1752,#1753,#1523,.T.);
#2196=EDGE_CURVE('',#1753,#1754,#694,.T.);
#2197=EDGE_CURVE('',#1754,#1755,#1524,.T.);
#2198=EDGE_CURVE('',#1756,#1755,#695,.T.);
#2199=EDGE_CURVE('',#1756,#1757,#696,.T.);
#2200=EDGE_CURVE('',#1758,#1757,#697,.T.);
#2201=EDGE_CURVE('',#1758,#1759,#698,.T.);
#2202=EDGE_CURVE('',#1759,#1760,#699,.T.);
#2203=EDGE_CURVE('',#1760,#1761,#700,.T.);
#2204=EDGE_CURVE('',#1762,#1761,#701,.T.);
#2205=EDGE_CURVE('',#1763,#1762,#702,.T.);
#2206=EDGE_CURVE('',#1764,#1763,#703,.T.);
#2207=EDGE_CURVE('',#1764,#1765,#704,.T.);
#2208=EDGE_CURVE('',#1749,#1765,#705,.T.);
#2209=EDGE_CURVE('',#1709,#1766,#706,.T.);
#2210=EDGE_CURVE('',#1766,#1750,#1525,.T.);
#2211=EDGE_CURVE('',#1748,#1767,#707,.T.);
#2212=EDGE_CURVE('',#1767,#1768,#708,.T.);
#2213=EDGE_CURVE('',#1769,#1768,#709,.T.);
#2214=EDGE_CURVE('',#1769,#1770,#710,.T.);
#2215=EDGE_CURVE('',#1673,#1770,#711,.T.);
#2216=EDGE_CURVE('',#1771,#1708,#712,.T.);
#2217=EDGE_CURVE('',#1771,#1772,#1526,.T.);
#2218=EDGE_CURVE('',#1772,#1773,#713,.T.);
#2219=EDGE_CURVE('',#1773,#1766,#1527,.T.);
#2220=EDGE_CURVE('',#1742,#1774,#714,.T.);
#2221=EDGE_CURVE('',#1774,#1771,#1528,.T.);
#2222=EDGE_CURVE('',#1737,#1738,#1529,.T.);
#2223=EDGE_CURVE('',#1734,#1668,#48,.T.);
#2224=EDGE_CURVE('',#1738,#1775,#1530,.T.);
#2225=EDGE_CURVE('',#1775,#1776,#1531,.T.);
#2226=EDGE_CURVE('',#1776,#1777,#1532,.T.);
#2227=EDGE_CURVE('',#1777,#1669,#1533,.T.);
#2228=EDGE_CURVE('',#1778,#1735,#715,.T.);
#2229=EDGE_CURVE('',#1779,#1778,#1534,.T.);
#2230=EDGE_CURVE('',#1780,#1779,#716,.T.);
#2231=EDGE_CURVE('',#1781,#1780,#1535,.T.);
#2232=EDGE_CURVE('',#1781,#1782,#1536,.T.);
#2233=EDGE_CURVE('',#1782,#1783,#717,.T.);
#2234=EDGE_CURVE('',#1783,#1784,#1537,.T.);
#2235=EDGE_CURVE('',#1784,#1785,#718,.T.);
#2236=EDGE_CURVE('',#1785,#1786,#1538,.T.);
#2237=EDGE_CURVE('',#1786,#1787,#1539,.T.);
#2238=EDGE_CURVE('',#1787,#1788,#1540,.T.);
#2239=EDGE_CURVE('',#1789,#1788,#1541,.T.);
#2240=EDGE_CURVE('',#1790,#1789,#719,.T.);
#2241=EDGE_CURVE('',#1791,#1790,#1542,.T.);
#2242=EDGE_CURVE('',#1792,#1791,#720,.T.);
#2243=EDGE_CURVE('',#1793,#1792,#1543,.T.);
#2244=EDGE_CURVE('',#1794,#1793,#1544,.T.);
#2245=EDGE_CURVE('',#1795,#1794,#721,.T.);
#2246=EDGE_CURVE('',#1796,#1795,#1545,.T.);
#2247=EDGE_CURVE('',#1797,#1796,#722,.T.);
#2248=EDGE_CURVE('',#1798,#1797,#1546,.T.);
#2249=EDGE_CURVE('',#1798,#1737,#1547,.T.);
#2250=EDGE_CURVE('',#1780,#1696,#723,.T.);
#2251=EDGE_CURVE('',#1779,#1697,#724,.T.);
#2252=EDGE_CURVE('',#1781,#1695,#725,.T.);
#2253=EDGE_CURVE('',#1778,#1698,#726,.T.);
#2254=EDGE_CURVE('',#1799,#1793,#727,.T.);
#2255=EDGE_CURVE('',#1799,#1800,#1548,.T.);
#2256=EDGE_CURVE('',#1794,#1800,#728,.T.);
#2257=EDGE_CURVE('',#1801,#1797,#1549,.T.);
#2258=EDGE_CURVE('',#1801,#1775,#1550,.T.);
#2259=EDGE_CURVE('',#1800,#1802,#729,.T.);
#2260=EDGE_CURVE('',#1795,#1802,#1551,.T.);
#2261=EDGE_CURVE('',#1803,#1796,#1552,.T.);
#2262=EDGE_CURVE('',#1803,#1801,#730,.T.);
#2263=EDGE_CURVE('',#1802,#1803,#1553,.T.);
#2264=EDGE_CURVE('',#1804,#1805,#1554,.T.);
#2265=EDGE_CURVE('',#1730,#1804,#1555,.T.);
#2266=EDGE_CURVE('',#1806,#1729,#731,.T.);
#2267=EDGE_CURVE('',#1806,#1805,#1556,.T.);
#2268=EDGE_CURVE('',#1755,#1807,#1557,.T.);
#2269=EDGE_CURVE('',#1808,#1754,#1558,.T.);
#2270=EDGE_CURVE('',#1808,#1807,#1559,.T.);
#2271=EDGE_CURVE('',#1809,#1728,#1560,.T.);
#2272=EDGE_CURVE('',#1809,#1806,#1561,.T.);
#2273=EDGE_CURVE('',#1810,#1686,#732,.T.);
#2274=EDGE_CURVE('',#1811,#1810,#1562,.T.);
#2275=EDGE_CURVE('',#1812,#1811,#49,.T.);
#2276=EDGE_CURVE('',#1813,#1812,#1563,.T.);
#2277=EDGE_CURVE('',#1814,#1813,#1564,.T.);
#2278=EDGE_CURVE('',#1815,#1814,#1565,.T.);
#2279=EDGE_CURVE('',#1816,#1815,#50,.T.);
#2280=EDGE_CURVE('',#1719,#1816,#1566,.T.);
#2281=EDGE_CURVE('',#1805,#1815,#733,.T.);
#2282=EDGE_CURVE('',#1809,#1727,#1567,.T.);
#2283=EDGE_CURVE('',#1804,#1817,#734,.T.);
#2284=EDGE_CURVE('',#1818,#1817,#51,.T.);
#2285=EDGE_CURVE('',#1731,#1818,#735,.T.);
#2286=EDGE_CURVE('',#1819,#1814,#736,.T.);
#2287=EDGE_CURVE('',#1819,#1817,#1568,.T.);
#2288=EDGE_CURVE('',#1725,#1787,#1569,.T.);
#2289=EDGE_CURVE('',#1787,#1725,#1570,.T.);
#2290=EDGE_CURVE('',#1783,#1693,#737,.T.);
#2291=EDGE_CURVE('',#1782,#1694,#738,.T.);
#2292=EDGE_CURVE('',#1784,#1692,#739,.T.);
#2293=EDGE_CURVE('',#1785,#1691,#740,.T.);
#2294=EDGE_CURVE('',#1792,#1820,#1571,.T.);
#2295=EDGE_CURVE('',#1820,#1799,#1572,.T.);
#2296=EDGE_CURVE('',#1791,#1821,#741,.T.);
#2297=EDGE_CURVE('',#1821,#1820,#742,.T.);
#2298=EDGE_CURVE('',#1822,#1790,#1573,.T.);
#2299=EDGE_CURVE('',#1822,#1821,#1574,.T.);
#2300=EDGE_CURVE('',#1823,#1789,#1575,.T.);
#2301=EDGE_CURVE('',#1823,#1822,#743,.T.);
#2302=EDGE_CURVE('',#1724,#1823,#1576,.T.);
#2303=EDGE_CURVE('',#1824,#1825,#744,.F.);
#2304=EDGE_CURVE('',#1824,#1826,#745,.T.);
#2305=EDGE_CURVE('',#1827,#1826,#746,.F.);
#2306=EDGE_CURVE('',#1828,#1827,#747,.T.);
#2307=EDGE_CURVE('',#1829,#1828,#748,.T.);
#2308=EDGE_CURVE('',#1825,#1829,#1577,.F.);
#2309=EDGE_CURVE('',#1830,#1828,#749,.T.);
#2310=EDGE_CURVE('',#1829,#1830,#750,.T.);
#2311=EDGE_CURVE('',#1831,#1832,#751,.F.);
#2312=EDGE_CURVE('',#1831,#1833,#752,.T.);
#2313=EDGE_CURVE('',#1833,#1834,#753,.T.);
#2314=EDGE_CURVE('',#1834,#1835,#1578,.T.);
#2315=EDGE_CURVE('',#1836,#1835,#754,.T.);
#2316=EDGE_CURVE('',#1832,#1836,#755,.T.);
#2317=EDGE_CURVE('',#1835,#1837,#756,.T.);
#2318=EDGE_CURVE('',#1836,#1837,#757,.T.);
#2319=EDGE_CURVE('',#1838,#1839,#758,.F.);
#2320=EDGE_CURVE('',#1838,#1840,#759,.T.);
#2321=EDGE_CURVE('',#1841,#1840,#760,.F.);
#2322=EDGE_CURVE('',#1842,#1841,#761,.T.);
#2323=EDGE_CURVE('',#1843,#1842,#762,.T.);
#2324=EDGE_CURVE('',#1844,#1843,#1579,.F.);
#2325=EDGE_CURVE('',#1839,#1844,#763,.F.);
#2326=EDGE_CURVE('',#1845,#1842,#764,.T.);
#2327=EDGE_CURVE('',#1843,#1845,#765,.T.);
#2328=EDGE_CURVE('',#1846,#1847,#766,.F.);
#2329=EDGE_CURVE('',#1846,#1848,#767,.T.);
#2330=EDGE_CURVE('',#1848,#1849,#768,.T.);
#2331=EDGE_CURVE('',#1849,#1850,#769,.T.);
#2332=EDGE_CURVE('',#1850,#1851,#1580,.T.);
#2333=EDGE_CURVE('',#1852,#1851,#770,.T.);
#2334=EDGE_CURVE('',#1847,#1852,#771,.T.);
#2335=EDGE_CURVE('',#1851,#1853,#772,.T.);
#2336=EDGE_CURVE('',#1852,#1853,#773,.T.);
#2337=EDGE_CURVE('',#1854,#1855,#1581,.T.);
#2338=EDGE_CURVE('',#1856,#1854,#774,.T.);
#2339=EDGE_CURVE('',#1857,#1856,#1582,.T.);
#2340=EDGE_CURVE('',#1858,#1857,#1583,.T.);
#2341=EDGE_CURVE('',#1859,#1858,#775,.T.);
#2342=EDGE_CURVE('',#1860,#1859,#1584,.T.);
#2343=EDGE_CURVE('',#1860,#1839,#776,.F.);
#2344=EDGE_CURVE('',#1861,#1844,#1585,.T.);
#2345=EDGE_CURVE('',#1862,#1861,#1586,.T.);
#2346=EDGE_CURVE('',#1863,#1862,#777,.T.);
#2347=EDGE_CURVE('',#1864,#1863,#1587,.T.);
#2348=EDGE_CURVE('',#1865,#1864,#1588,.T.);
#2349=EDGE_CURVE('',#1866,#1865,#778,.T.);
#2350=EDGE_CURVE('',#1867,#1866,#1589,.T.);
#2351=EDGE_CURVE('',#1867,#1850,#1590,.F.);
#2352=EDGE_CURVE('',#1855,#1849,#779,.T.);
#2353=EDGE_CURVE('',#1868,#1869,#1591,.T.);
#2354=EDGE_CURVE('',#1869,#1825,#1592,.T.);
#2355=EDGE_CURVE('',#1870,#1830,#1593,.T.);
#2356=EDGE_CURVE('',#1868,#1870,#780,.T.);
#2357=EDGE_CURVE('',#1871,#1868,#781,.T.);
#2358=EDGE_CURVE('',#1872,#1870,#782,.T.);
#2359=EDGE_CURVE('',#1871,#1872,#783,.T.);
#2360=EDGE_CURVE('',#1873,#1871,#1594,.T.);
#2361=EDGE_CURVE('',#1874,#1872,#1595,.T.);
#2362=EDGE_CURVE('',#1873,#1874,#784,.T.);
#2363=EDGE_CURVE('',#1875,#1873,#785,.T.);
#2364=EDGE_CURVE('',#1876,#1874,#786,.T.);
#2365=EDGE_CURVE('',#1875,#1876,#787,.T.);
#2366=EDGE_CURVE('',#1877,#1875,#1596,.T.);
#2367=EDGE_CURVE('',#1878,#1876,#1597,.T.);
#2368=EDGE_CURVE('',#1877,#1878,#788,.T.);
#2369=EDGE_CURVE('',#1879,#1877,#789,.T.);
#2370=EDGE_CURVE('',#1880,#1878,#790,.T.);
#2371=EDGE_CURVE('',#1879,#1880,#791,.T.);
#2372=EDGE_CURVE('',#1881,#1879,#1598,.T.);
#2373=EDGE_CURVE('',#1837,#1880,#1599,.T.);
#2374=EDGE_CURVE('',#1881,#1834,#1600,.F.);
#2375=EDGE_CURVE('',#1827,#1882,#1601,.T.);
#2376=EDGE_CURVE('',#1882,#1883,#792,.T.);
#2377=EDGE_CURVE('',#1883,#1884,#1602,.T.);
#2378=EDGE_CURVE('',#1884,#1885,#793,.T.);
#2379=EDGE_CURVE('',#1885,#1886,#1603,.T.);
#2380=EDGE_CURVE('',#1886,#1887,#794,.T.);
#2381=EDGE_CURVE('',#1887,#1832,#1604,.T.);
#2382=EDGE_CURVE('',#1888,#1889,#1605,.T.);
#2383=EDGE_CURVE('',#1889,#1824,#795,.T.);
#2384=EDGE_CURVE('',#1833,#1890,#796,.T.);
#2385=EDGE_CURVE('',#1890,#1891,#1606,.T.);
#2386=EDGE_CURVE('',#1891,#1892,#797,.T.);
#2387=EDGE_CURVE('',#1892,#1893,#1607,.T.);
#2388=EDGE_CURVE('',#1893,#1894,#798,.T.);
#2389=EDGE_CURVE('',#1894,#1895,#1608,.T.);
#2390=EDGE_CURVE('',#1895,#1888,#799,.T.);
#2391=EDGE_CURVE('',#1831,#1896,#800,.T.);
#2392=EDGE_CURVE('',#1896,#1897,#1609,.T.);
#2393=EDGE_CURVE('',#1897,#1898,#1610,.T.);
#2394=EDGE_CURVE('',#1898,#1840,#801,.T.);
#2395=EDGE_CURVE('',#1838,#1899,#802,.T.);
#2396=EDGE_CURVE('',#1899,#1900,#1611,.T.);
#2397=EDGE_CURVE('',#1900,#1901,#1612,.T.);
#2398=EDGE_CURVE('',#1901,#1833,#803,.T.);
#2399=EDGE_CURVE('',#1824,#1902,#804,.T.);
#2400=EDGE_CURVE('',#1902,#1903,#1613,.T.);
#2401=EDGE_CURVE('',#1903,#1904,#1614,.T.);
#2402=EDGE_CURVE('',#1904,#1848,#805,.T.);
#2403=EDGE_CURVE('',#1846,#1905,#806,.T.);
#2404=EDGE_CURVE('',#1905,#1906,#1615,.T.);
#2405=EDGE_CURVE('',#1906,#1907,#1616,.T.);
#2406=EDGE_CURVE('',#1907,#1826,#807,.T.);
#2407=EDGE_CURVE('',#1908,#1845,#1617,.T.);
#2408=EDGE_CURVE('',#1862,#1908,#808,.T.);
#2409=EDGE_CURVE('',#1909,#1908,#809,.T.);
#2410=EDGE_CURVE('',#1863,#1909,#810,.T.);
#2411=EDGE_CURVE('',#1910,#1909,#1618,.T.);
#2412=EDGE_CURVE('',#1864,#1910,#811,.T.);
#2413=EDGE_CURVE('',#1911,#1910,#1619,.T.);
#2414=EDGE_CURVE('',#1865,#1911,#812,.T.);
#2415=EDGE_CURVE('',#1912,#1911,#813,.T.);
#2416=EDGE_CURVE('',#1866,#1912,#814,.T.);
#2417=EDGE_CURVE('',#1853,#1912,#1620,.T.);
#2418=EDGE_CURVE('',#1841,#1913,#1621,.T.);
#2419=EDGE_CURVE('',#1913,#1914,#815,.T.);
#2420=EDGE_CURVE('',#1914,#1915,#1622,.T.);
#2421=EDGE_CURVE('',#1915,#1916,#1623,.T.);
#2422=EDGE_CURVE('',#1916,#1917,#816,.T.);
#2423=EDGE_CURVE('',#1917,#1847,#1624,.T.);
#2424=EDGE_CURVE('',#1777,#1918,#1625,.T.);
#2425=EDGE_CURVE('',#1918,#1919,#1626,.T.);
#2426=EDGE_CURVE('',#1919,#1741,#1627,.T.);
#2427=EDGE_CURVE('',#1713,#1739,#1628,.T.);
#2428=EDGE_CURVE('',#1920,#1919,#817,.T.);
#2429=EDGE_CURVE('',#1918,#1921,#818,.T.);
#2430=EDGE_CURVE('',#1921,#1920,#1629,.T.);
#2431=EDGE_CURVE('',#1921,#1922,#52,.T.);
#2432=EDGE_CURVE('',#1922,#1772,#1630,.T.);
#2433=EDGE_CURVE('',#1774,#1920,#53,.T.);
#2434=EDGE_CURVE('',#1923,#1819,#1631,.T.);
#2435=EDGE_CURVE('',#1924,#1923,#1632,.F.);
#2436=EDGE_CURVE('',#1924,#1925,#54,.T.);
#2437=EDGE_CURVE('',#1925,#1818,#1633,.T.);
#2438=EDGE_CURVE('',#1925,#1732,#819,.T.);
#2439=EDGE_CURVE('',#1813,#1926,#820,.T.);
#2440=EDGE_CURVE('',#1926,#1927,#1634,.T.);
#2441=EDGE_CURVE('',#1927,#1923,#821,.T.);
#2442=EDGE_CURVE('',#1820,#1916,#822,.T.);
#2443=EDGE_CURVE('',#1799,#1915,#823,.T.);
#2444=EDGE_CURVE('',#1821,#1917,#824,.T.);
#2445=EDGE_CURVE('',#1822,#1847,#825,.T.);
#2446=EDGE_CURVE('',#1823,#1905,#826,.T.);
#2447=EDGE_CURVE('',#1723,#1906,#827,.T.);
#2448=EDGE_CURVE('',#1928,#1702,#828,.T.);
#2449=EDGE_CURVE('',#1929,#1928,#1635,.T.);
#2450=EDGE_CURVE('',#1929,#1703,#829,.T.);
#2451=EDGE_CURVE('',#1930,#1929,#1636,.T.);
#2452=EDGE_CURVE('',#1930,#1704,#830,.T.);
#2453=EDGE_CURVE('',#1931,#1930,#1637,.T.);
#2454=EDGE_CURVE('',#1931,#1705,#831,.T.);
#2455=EDGE_CURVE('',#1928,#1931,#1638,.T.);
#2456=EDGE_CURVE('',#1732,#1907,#832,.T.);
#2457=EDGE_CURVE('',#1924,#1882,#833,.T.);
#2458=EDGE_CURVE('',#1925,#1827,#834,.T.);
#2459=EDGE_CURVE('',#1927,#1883,#835,.T.);
#2460=EDGE_CURVE('',#1753,#1926,#1639,.T.);
#2461=EDGE_CURVE('',#1752,#1884,#836,.T.);
#2462=EDGE_CURVE('',#1655,#1900,#837,.T.);
#2463=EDGE_CURVE('',#1932,#1899,#838,.T.);
#2464=EDGE_CURVE('',#1659,#1932,#1640,.T.);
#2465=EDGE_CURVE('',#1933,#1657,#1641,.T.);
#2466=EDGE_CURVE('',#1933,#1901,#839,.T.);
#2467=EDGE_CURVE('',#1773,#1886,#840,.T.);
#2468=EDGE_CURVE('',#1751,#1885,#841,.T.);
#2469=EDGE_CURVE('',#1922,#1887,#842,.T.);
#2470=EDGE_CURVE('',#1921,#1832,#843,.T.);
#2471=EDGE_CURVE('',#1934,#1933,#844,.T.);
#2472=EDGE_CURVE('',#1934,#1890,#845,.T.);
#2473=EDGE_CURVE('',#1932,#1935,#846,.T.);
#2474=EDGE_CURVE('',#1935,#1860,#847,.T.);
#2475=EDGE_CURVE('',#1935,#1936,#1642,.T.);
#2476=EDGE_CURVE('',#1936,#1859,#848,.T.);
#2477=EDGE_CURVE('',#1936,#1937,#849,.T.);
#2478=EDGE_CURVE('',#1937,#1858,#850,.T.);
#2479=EDGE_CURVE('',#1937,#1938,#1643,.T.);
#2480=EDGE_CURVE('',#1938,#1857,#851,.T.);
#2481=EDGE_CURVE('',#1938,#1939,#1644,.T.);
#2482=EDGE_CURVE('',#1939,#1856,#852,.T.);
#2483=EDGE_CURVE('',#1939,#1940,#853,.T.);
#2484=EDGE_CURVE('',#1940,#1854,#854,.T.);
#2485=EDGE_CURVE('',#1940,#1941,#1645,.T.);
#2486=EDGE_CURVE('',#1941,#1855,#855,.T.);
#2487=EDGE_CURVE('',#1941,#1942,#856,.T.);
#2488=EDGE_CURVE('',#1942,#1904,#857,.T.);
#2489=EDGE_CURVE('',#1942,#1665,#1646,.T.);
#2490=EDGE_CURVE('',#1660,#1903,#858,.T.);
#2491=EDGE_CURVE('',#1943,#1902,#859,.T.);
#2492=EDGE_CURVE('',#1662,#1943,#1647,.T.);
#2493=EDGE_CURVE('',#1943,#1944,#860,.T.);
#2494=EDGE_CURVE('',#1944,#1889,#861,.T.);
#2495=EDGE_CURVE('',#1944,#1945,#1648,.T.);
#2496=EDGE_CURVE('',#1946,#1888,#862,.T.);
#2497=EDGE_CURVE('',#1945,#1946,#1649,.F.);
#2498=EDGE_CURVE('',#1946,#1947,#863,.F.);
#2499=EDGE_CURVE('',#1947,#1895,#864,.T.);
#2500=EDGE_CURVE('',#1947,#1948,#1650,.F.);
#2501=EDGE_CURVE('',#1948,#1894,#865,.T.);
#2502=EDGE_CURVE('',#1948,#1949,#866,.F.);
#2503=EDGE_CURVE('',#1949,#1893,#867,.T.);
#2504=EDGE_CURVE('',#1949,#1950,#1651,.F.);
#2505=EDGE_CURVE('',#1950,#1892,#868,.T.);
#2506=EDGE_CURVE('',#1950,#1951,#869,.F.);
#2507=EDGE_CURVE('',#1951,#1891,#870,.T.);
#2508=EDGE_CURVE('',#1951,#1952,#1652,.F.);
#2509=EDGE_CURVE('',#1952,#1934,#1653,.T.);
#2510=EDGE_CURVE('',#1800,#1914,#871,.T.);
#2511=EDGE_CURVE('',#1802,#1913,#872,.T.);
#2512=EDGE_CURVE('',#1803,#1841,#873,.T.);
#2513=EDGE_CURVE('',#1801,#1898,#874,.T.);
#2514=EDGE_CURVE('',#1776,#1897,#875,.T.);
#2515=EDGE_CURVE('',#1918,#1896,#876,.T.);
#2516=EDGE_CURVE('',#1953,#1954,#877,.T.);
#2517=EDGE_CURVE('',#1953,#1955,#878,.F.);
#2518=EDGE_CURVE('',#1956,#1955,#879,.T.);
#2519=EDGE_CURVE('',#1956,#1957,#880,.T.);
#2520=EDGE_CURVE('',#1957,#1958,#881,.T.);
#2521=EDGE_CURVE('',#1958,#1959,#882,.T.);
#2522=EDGE_CURVE('',#1960,#1959,#883,.T.);
#2523=EDGE_CURVE('',#1960,#1961,#884,.F.);
#2524=EDGE_CURVE('',#1954,#1961,#885,.T.);
#2525=EDGE_CURVE('',#1955,#1962,#886,.T.);
#2526=EDGE_CURVE('',#1956,#1962,#887,.T.);
#2527=EDGE_CURVE('',#1963,#1962,#888,.T.);
#2528=EDGE_CURVE('',#1768,#1963,#889,.T.);
#2529=EDGE_CURVE('',#1957,#1767,#890,.T.);
#2530=EDGE_CURVE('',#1958,#1765,#891,.T.);
#2531=EDGE_CURVE('',#1964,#1963,#892,.T.);
#2532=EDGE_CURVE('',#1965,#1953,#893,.T.);
#2533=EDGE_CURVE('',#1966,#1965,#894,.T.);
#2534=EDGE_CURVE('',#1964,#1966,#895,.T.);
#2535=EDGE_CURVE('',#1967,#1954,#896,.F.);
#2536=EDGE_CURVE('',#1967,#1968,#61,.T.);
#2537=EDGE_CURVE('',#1965,#1968,#897,.T.);
#2538=EDGE_CURVE('',#1969,#1969,#62,.T.);
#2539=EDGE_CURVE('',#1970,#1966,#898,.T.);
#2540=EDGE_CURVE('',#1971,#1970,#899,.T.);
#2541=EDGE_CURVE('',#1971,#1972,#63,.T.);
#2542=EDGE_CURVE('',#1972,#1973,#900,.T.);
#2543=EDGE_CURVE('',#1973,#1974,#901,.T.);
#2544=EDGE_CURVE('',#1974,#1975,#64,.T.);
#2545=EDGE_CURVE('',#1975,#1976,#902,.T.);
#2546=EDGE_CURVE('',#1964,#1976,#903,.T.);
#2547=EDGE_CURVE('',#1977,#1764,#904,.T.);
#2548=EDGE_CURVE('',#1959,#1977,#905,.T.);
#2549=EDGE_CURVE('',#1977,#1978,#906,.T.);
#2550=EDGE_CURVE('',#1978,#1979,#907,.T.);
#2551=EDGE_CURVE('',#1979,#1980,#65,.T.);
#2552=EDGE_CURVE('',#1980,#1981,#908,.T.);
#2553=EDGE_CURVE('',#1981,#1960,#909,.T.);
#2554=EDGE_CURVE('',#1982,#1979,#910,.T.);
#2555=EDGE_CURVE('',#1983,#1982,#66,.T.);
#2556=EDGE_CURVE('',#1980,#1983,#911,.T.);
#2557=EDGE_CURVE('',#1984,#1982,#912,.T.);
#2558=EDGE_CURVE('',#1763,#1984,#913,.T.);
#2559=EDGE_CURVE('',#1985,#1762,#914,.T.);
#2560=EDGE_CURVE('',#1986,#1985,#915,.T.);
#2561=EDGE_CURVE('',#1987,#1986,#916,.T.);
#2562=EDGE_CURVE('',#1987,#1988,#917,.T.);
#2563=EDGE_CURVE('',#1988,#1989,#918,.T.);
#2564=EDGE_CURVE('',#1989,#1990,#919,.T.);
#2565=EDGE_CURVE('',#1991,#1990,#920,.T.);
#2566=EDGE_CURVE('',#1983,#1991,#921,.T.);
#2567=EDGE_CURVE('',#1981,#1991,#922,.T.);
#2568=EDGE_CURVE('',#1986,#1992,#923,.T.);
#2569=EDGE_CURVE('',#1993,#1992,#924,.T.);
#2570=EDGE_CURVE('',#1993,#1987,#925,.T.);
#2571=EDGE_CURVE('',#1976,#1994,#926,.T.);
#2572=EDGE_CURVE('',#1994,#1769,#927,.T.);
#2573=EDGE_CURVE('',#1761,#1995,#928,.T.);
#2574=EDGE_CURVE('',#1995,#1985,#929,.T.);
#2575=EDGE_CURVE('',#1969,#1996,#930,.T.);
#2576=EDGE_CURVE('',#1996,#1996,#67,.T.);
#2577=EDGE_CURVE('',#1996,#1997,#931,.T.);
#2578=EDGE_CURVE('',#1997,#1997,#68,.T.);
#2579=EDGE_CURVE('',#1998,#1967,#932,.T.);
#2580=EDGE_CURVE('',#1999,#1998,#69,.T.);
#2581=EDGE_CURVE('',#1968,#1999,#933,.T.);
#2582=EDGE_CURVE('',#2000,#1999,#934,.T.);
#2583=EDGE_CURVE('',#2000,#1970,#935,.T.);
#2584=EDGE_CURVE('',#1998,#1961,#936,.T.);
#2585=EDGE_CURVE('',#1960,#2000,#937,.T.);
#2586=EDGE_CURVE('',#2000,#2001,#938,.T.);
#2587=EDGE_CURVE('',#2001,#2002,#939,.T.);
#2588=EDGE_CURVE('',#2002,#1971,#940,.T.);
#2589=EDGE_CURVE('',#1978,#1984,#941,.T.);
#2590=EDGE_CURVE('',#1990,#2001,#942,.T.);
#2591=EDGE_CURVE('',#2002,#2003,#70,.T.);
#2592=EDGE_CURVE('',#1972,#2003,#943,.T.);
#2593=EDGE_CURVE('',#2004,#1988,#944,.T.);
#2594=EDGE_CURVE('',#2004,#2005,#945,.T.);
#2595=EDGE_CURVE('',#2005,#1989,#946,.T.);
#2596=EDGE_CURVE('',#2003,#2006,#947,.T.);
#2597=EDGE_CURVE('',#1973,#2006,#948,.T.);
#2598=EDGE_CURVE('',#2006,#2007,#949,.T.);
#2599=EDGE_CURVE('',#1974,#2007,#950,.T.);
#2600=EDGE_CURVE('',#2007,#2008,#71,.T.);
#2601=EDGE_CURVE('',#1975,#2008,#951,.T.);
#2602=EDGE_CURVE('',#1678,#2009,#952,.T.);
#2603=EDGE_CURVE('',#2009,#2010,#953,.T.);
#2604=EDGE_CURVE('',#1679,#2010,#954,.T.);
#2605=EDGE_CURVE('',#1677,#2011,#955,.T.);
#2606=EDGE_CURVE('',#2011,#2009,#72,.T.);
#2607=EDGE_CURVE('',#1676,#2012,#956,.T.);
#2608=EDGE_CURVE('',#2012,#2011,#957,.T.);
#2609=EDGE_CURVE('',#1675,#2013,#958,.T.);
#2610=EDGE_CURVE('',#2013,#2012,#73,.T.);
#2611=EDGE_CURVE('',#1674,#2014,#959,.T.);
#2612=EDGE_CURVE('',#2014,#2013,#960,.T.);
#2613=EDGE_CURVE('',#1770,#2014,#74,.T.);
#2614=EDGE_CURVE('',#2008,#1994,#961,.T.);
#2615=EDGE_CURVE('',#2015,#2016,#962,.T.);
#2616=EDGE_CURVE('',#2016,#2017,#963,.T.);
#2617=EDGE_CURVE('',#2018,#2017,#964,.F.);
#2618=EDGE_CURVE('',#2018,#2019,#965,.T.);
#2619=EDGE_CURVE('',#2020,#2019,#966,.T.);
#2620=EDGE_CURVE('',#2021,#2020,#967,.T.);
#2621=EDGE_CURVE('',#2022,#2021,#968,.T.);
#2622=EDGE_CURVE('',#2022,#2023,#969,.T.);
#2623=EDGE_CURVE('',#2015,#2023,#970,.F.);
#2624=EDGE_CURVE('',#2022,#2024,#971,.T.);
#2625=EDGE_CURVE('',#2023,#2024,#972,.T.);
#2626=EDGE_CURVE('',#2021,#2025,#973,.T.);
#2627=EDGE_CURVE('',#2025,#2026,#974,.T.);
#2628=EDGE_CURVE('',#2026,#2027,#975,.T.);
#2629=EDGE_CURVE('',#2027,#2024,#976,.T.);
#2630=EDGE_CURVE('',#2020,#1757,#977,.T.);
#2631=EDGE_CURVE('',#2028,#1756,#978,.T.);
#2632=EDGE_CURVE('',#2029,#2028,#979,.T.);
#2633=EDGE_CURVE('',#2029,#2025,#980,.T.);
#2634=EDGE_CURVE('',#2030,#2027,#981,.T.);
#2635=EDGE_CURVE('',#2030,#2031,#982,.T.);
#2636=EDGE_CURVE('',#2031,#2032,#983,.T.);
#2637=EDGE_CURVE('',#2032,#2015,#984,.T.);
#2638=EDGE_CURVE('',#2032,#2033,#985,.T.);
#2639=EDGE_CURVE('',#2034,#2033,#75,.T.);
#2640=EDGE_CURVE('',#2034,#2016,#986,.F.);
#2641=EDGE_CURVE('',#2035,#2035,#76,.T.);
#2642=EDGE_CURVE('',#2036,#2031,#987,.T.);
#2643=EDGE_CURVE('',#2030,#2037,#988,.T.);
#2644=EDGE_CURVE('',#2038,#2037,#989,.T.);
#2645=EDGE_CURVE('',#2039,#2038,#77,.T.);
#2646=EDGE_CURVE('',#2040,#2039,#990,.T.);
#2647=EDGE_CURVE('',#2041,#2040,#991,.T.);
#2648=EDGE_CURVE('',#2042,#2041,#78,.T.);
#2649=EDGE_CURVE('',#2042,#2036,#992,.T.);
#2650=EDGE_CURVE('',#2019,#2043,#993,.T.);
#2651=EDGE_CURVE('',#2043,#1758,#994,.T.);
#2652=EDGE_CURVE('',#2044,#2018,#995,.T.);
#2653=EDGE_CURVE('',#2045,#2044,#996,.T.);
#2654=EDGE_CURVE('',#2046,#2045,#79,.T.);
#2655=EDGE_CURVE('',#2047,#2046,#997,.T.);
#2656=EDGE_CURVE('',#2043,#2047,#998,.T.);
#2657=EDGE_CURVE('',#2045,#2048,#999,.T.);
#2658=EDGE_CURVE('',#2048,#2049,#80,.T.);
#2659=EDGE_CURVE('',#2049,#2046,#1000,.T.);
#2660=EDGE_CURVE('',#2048,#2050,#1001,.T.);
#2661=EDGE_CURVE('',#2050,#2051,#1002,.T.);
#2662=EDGE_CURVE('',#2052,#2051,#1003,.T.);
#2663=EDGE_CURVE('',#2053,#2052,#1004,.T.);
#2664=EDGE_CURVE('',#2054,#2053,#1005,.T.);
#2665=EDGE_CURVE('',#2054,#2055,#1006,.T.);
#2666=EDGE_CURVE('',#2055,#2056,#1007,.T.);
#2667=EDGE_CURVE('',#2056,#1760,#1008,.T.);
#2668=EDGE_CURVE('',#1759,#2057,#1009,.T.);
#2669=EDGE_CURVE('',#2057,#2049,#1010,.T.);
#2670=EDGE_CURVE('',#2044,#2050,#1011,.T.);
#2671=EDGE_CURVE('',#1993,#2054,#1012,.T.);
#2672=EDGE_CURVE('',#2055,#1992,#1013,.T.);
#2673=EDGE_CURVE('',#2058,#2026,#1014,.T.);
#2674=EDGE_CURVE('',#2059,#2058,#1015,.T.);
#2675=EDGE_CURVE('',#2037,#2059,#1016,.T.);
#2676=EDGE_CURVE('',#1995,#2056,#1017,.T.);
#2677=EDGE_CURVE('',#1685,#2060,#1018,.T.);
#2678=EDGE_CURVE('',#2058,#2060,#1019,.T.);
#2679=EDGE_CURVE('',#1810,#2029,#1020,.T.);
#2680=EDGE_CURVE('',#2028,#1807,#1021,.T.);
#2681=EDGE_CURVE('',#1812,#1808,#1022,.T.);
#2682=EDGE_CURVE('',#2061,#2053,#1023,.T.);
#2683=EDGE_CURVE('',#2004,#2061,#1024,.T.);
#2684=EDGE_CURVE('',#2035,#2062,#1025,.T.);
#2685=EDGE_CURVE('',#2062,#2062,#81,.T.);
#2686=EDGE_CURVE('',#2062,#2063,#1026,.T.);
#2687=EDGE_CURVE('',#2063,#2063,#82,.T.);
#2688=EDGE_CURVE('',#2033,#2064,#1027,.T.);
#2689=EDGE_CURVE('',#2064,#2065,#83,.T.);
#2690=EDGE_CURVE('',#2065,#2034,#1028,.T.);
#2691=EDGE_CURVE('',#2066,#2036,#1029,.T.);
#2692=EDGE_CURVE('',#2066,#2064,#1030,.T.);
#2693=EDGE_CURVE('',#2065,#2017,#1031,.T.);
#2694=EDGE_CURVE('',#2018,#2066,#1032,.T.);
#2695=EDGE_CURVE('',#2067,#2042,#1033,.T.);
#2696=EDGE_CURVE('',#2068,#2067,#1034,.T.);
#2697=EDGE_CURVE('',#2066,#2068,#1035,.T.);
#2698=EDGE_CURVE('',#2047,#2057,#1036,.T.);
#2699=EDGE_CURVE('',#2051,#2068,#1037,.T.);
#2700=EDGE_CURVE('',#2060,#2069,#84,.T.);
#2701=EDGE_CURVE('',#2069,#2070,#1038,.T.);
#2702=EDGE_CURVE('',#2070,#2071,#85,.T.);
#2703=EDGE_CURVE('',#2071,#2072,#1039,.T.);
#2704=EDGE_CURVE('',#2072,#2073,#86,.T.);
#2705=EDGE_CURVE('',#2073,#2010,#1040,.T.);
#2706=EDGE_CURVE('',#2074,#2005,#1041,.T.);
#2707=EDGE_CURVE('',#2074,#2052,#1042,.T.);
#2708=EDGE_CURVE('',#2067,#2075,#87,.T.);
#2709=EDGE_CURVE('',#2075,#2076,#1043,.T.);
#2710=EDGE_CURVE('',#2076,#2077,#1044,.T.);
#2711=EDGE_CURVE('',#2077,#2078,#88,.T.);
#2712=EDGE_CURVE('',#2078,#2059,#1045,.T.);
#2713=EDGE_CURVE('',#2041,#2075,#1046,.T.);
#2714=EDGE_CURVE('',#2061,#2074,#1047,.T.);
#2715=EDGE_CURVE('',#2040,#2076,#1048,.T.);
#2716=EDGE_CURVE('',#2039,#2077,#1049,.T.);
#2717=EDGE_CURVE('',#2038,#2078,#1050,.T.);
#2718=EDGE_CURVE('',#1680,#2073,#1051,.T.);
#2719=EDGE_CURVE('',#1681,#2072,#1052,.T.);
#2720=EDGE_CURVE('',#1682,#2071,#1053,.T.);
#2721=EDGE_CURVE('',#1683,#2070,#1054,.T.);
#2722=EDGE_CURVE('',#1684,#2069,#1055,.T.);
#2723=ORIENTED_EDGE('',*,*,#2079,.T.);
#2724=ORIENTED_EDGE('',*,*,#2080,.T.);
#2725=ORIENTED_EDGE('',*,*,#2081,.T.);
#2726=ORIENTED_EDGE('',*,*,#2082,.T.);
#2727=ORIENTED_EDGE('',*,*,#2083,.T.);
#2728=ORIENTED_EDGE('',*,*,#2084,.T.);
#2729=ORIENTED_EDGE('',*,*,#2085,.T.);
#2730=ORIENTED_EDGE('',*,*,#2080,.F.);
#2731=ORIENTED_EDGE('',*,*,#2086,.T.);
#2732=ORIENTED_EDGE('',*,*,#2087,.T.);
#2733=ORIENTED_EDGE('',*,*,#2088,.T.);
#2734=ORIENTED_EDGE('',*,*,#2089,.F.);
#2735=ORIENTED_EDGE('',*,*,#2090,.T.);
#2736=ORIENTED_EDGE('',*,*,#2089,.T.);
#2737=ORIENTED_EDGE('',*,*,#2091,.T.);
#2738=ORIENTED_EDGE('',*,*,#2092,.T.);
#2739=ORIENTED_EDGE('',*,*,#2093,.T.);
#2740=ORIENTED_EDGE('',*,*,#2094,.T.);
#2741=ORIENTED_EDGE('',*,*,#2095,.T.);
#2742=ORIENTED_EDGE('',*,*,#2096,.T.);
#2743=ORIENTED_EDGE('',*,*,#2097,.T.);
#2744=ORIENTED_EDGE('',*,*,#2098,.T.);
#2745=ORIENTED_EDGE('',*,*,#2093,.F.);
#2746=ORIENTED_EDGE('',*,*,#2099,.T.);
#2747=ORIENTED_EDGE('',*,*,#2100,.F.);
#2748=ORIENTED_EDGE('',*,*,#2101,.T.);
#2749=ORIENTED_EDGE('',*,*,#2102,.F.);
#2750=ORIENTED_EDGE('',*,*,#2103,.T.);
#2751=ORIENTED_EDGE('',*,*,#2104,.F.);
#2752=ORIENTED_EDGE('',*,*,#2105,.F.);
#2753=ORIENTED_EDGE('',*,*,#2106,.F.);
#2754=ORIENTED_EDGE('',*,*,#2107,.T.);
#2755=ORIENTED_EDGE('',*,*,#2108,.T.);
#2756=ORIENTED_EDGE('',*,*,#2109,.T.);
#2757=ORIENTED_EDGE('',*,*,#2110,.F.);
#2758=ORIENTED_EDGE('',*,*,#2111,.T.);
#2759=ORIENTED_EDGE('',*,*,#2112,.F.);
#2760=ORIENTED_EDGE('',*,*,#2113,.T.);
#2761=ORIENTED_EDGE('',*,*,#2114,.T.);
#2762=ORIENTED_EDGE('',*,*,#2115,.F.);
#2763=ORIENTED_EDGE('',*,*,#2116,.T.);
#2764=ORIENTED_EDGE('',*,*,#2117,.F.);
#2765=ORIENTED_EDGE('',*,*,#2118,.T.);
#2766=ORIENTED_EDGE('',*,*,#2119,.T.);
#2767=ORIENTED_EDGE('',*,*,#2120,.T.);
#2768=ORIENTED_EDGE('',*,*,#2121,.T.);
#2769=ORIENTED_EDGE('',*,*,#2122,.T.);
#2770=ORIENTED_EDGE('',*,*,#2123,.T.);
#2771=ORIENTED_EDGE('',*,*,#2124,.T.);
#2772=ORIENTED_EDGE('',*,*,#2125,.T.);
#2773=ORIENTED_EDGE('',*,*,#2126,.T.);
#2774=ORIENTED_EDGE('',*,*,#2127,.T.);
#2775=ORIENTED_EDGE('',*,*,#2128,.F.);
#2776=ORIENTED_EDGE('',*,*,#2129,.F.);
#2777=ORIENTED_EDGE('',*,*,#2130,.T.);
#2778=ORIENTED_EDGE('',*,*,#2131,.T.);
#2779=ORIENTED_EDGE('',*,*,#2132,.T.);
#2780=ORIENTED_EDGE('',*,*,#2133,.T.);
#2781=ORIENTED_EDGE('',*,*,#2098,.F.);
#2782=ORIENTED_EDGE('',*,*,#2134,.F.);
#2783=ORIENTED_EDGE('',*,*,#2135,.T.);
#2784=ORIENTED_EDGE('',*,*,#2136,.F.);
#2785=ORIENTED_EDGE('',*,*,#2137,.F.);
#2786=ORIENTED_EDGE('',*,*,#2138,.F.);
#2787=ORIENTED_EDGE('',*,*,#2139,.T.);
#2788=ORIENTED_EDGE('',*,*,#2140,.F.);
#2789=ORIENTED_EDGE('',*,*,#2141,.F.);
#2790=ORIENTED_EDGE('',*,*,#2099,.F.);
#2791=ORIENTED_EDGE('',*,*,#2097,.F.);
#2792=ORIENTED_EDGE('',*,*,#2142,.T.);
#2793=ORIENTED_EDGE('',*,*,#2143,.F.);
#2794=ORIENTED_EDGE('',*,*,#2144,.T.);
#2795=ORIENTED_EDGE('',*,*,#2145,.T.);
#2796=ORIENTED_EDGE('',*,*,#2146,.F.);
#2797=ORIENTED_EDGE('',*,*,#2135,.F.);
#2798=ORIENTED_EDGE('',*,*,#2134,.T.);
#2799=ORIENTED_EDGE('',*,*,#2147,.T.);
#2800=ORIENTED_EDGE('',*,*,#2148,.T.);
#2801=ORIENTED_EDGE('',*,*,#2115,.T.);
#2802=ORIENTED_EDGE('',*,*,#2149,.T.);
#2803=ORIENTED_EDGE('',*,*,#2150,.T.);
#2804=ORIENTED_EDGE('',*,*,#2151,.T.);
#2805=ORIENTED_EDGE('',*,*,#2148,.F.);
#2806=ORIENTED_EDGE('',*,*,#2152,.F.);
#2807=ORIENTED_EDGE('',*,*,#2153,.F.);
#2808=ORIENTED_EDGE('',*,*,#2116,.F.);
#2809=ORIENTED_EDGE('',*,*,#2147,.F.);
#2810=ORIENTED_EDGE('',*,*,#2154,.T.);
#2811=ORIENTED_EDGE('',*,*,#2155,.T.);
#2812=ORIENTED_EDGE('',*,*,#2156,.T.);
#2813=ORIENTED_EDGE('',*,*,#2157,.T.);
#2814=ORIENTED_EDGE('',*,*,#2158,.T.);
#2815=ORIENTED_EDGE('',*,*,#2159,.F.);
#2816=ORIENTED_EDGE('',*,*,#2152,.T.);
#2817=ORIENTED_EDGE('',*,*,#2151,.F.);
#2818=ORIENTED_EDGE('',*,*,#2160,.F.);
#2819=ORIENTED_EDGE('',*,*,#2161,.F.);
#2820=ORIENTED_EDGE('',*,*,#2162,.T.);
#2821=ORIENTED_EDGE('',*,*,#2163,.T.);
#2822=ORIENTED_EDGE('',*,*,#2164,.T.);
#2823=ORIENTED_EDGE('',*,*,#2165,.F.);
#2824=ORIENTED_EDGE('',*,*,#2166,.T.);
#2825=ORIENTED_EDGE('',*,*,#2154,.F.);
#2826=ORIENTED_EDGE('',*,*,#2167,.T.);
#2827=ORIENTED_EDGE('',*,*,#2168,.T.);
#2828=ORIENTED_EDGE('',*,*,#2128,.T.);
#2829=ORIENTED_EDGE('',*,*,#2169,.T.);
#2830=ORIENTED_EDGE('',*,*,#2169,.F.);
#2831=ORIENTED_EDGE('',*,*,#2127,.F.);
#2832=ORIENTED_EDGE('',*,*,#2170,.F.);
#2833=ORIENTED_EDGE('',*,*,#2171,.T.);
#2834=ORIENTED_EDGE('',*,*,#2172,.F.);
#2835=ORIENTED_EDGE('',*,*,#2173,.T.);
#2836=ORIENTED_EDGE('',*,*,#2174,.F.);
#2837=ORIENTED_EDGE('',*,*,#2117,.T.);
#2838=ORIENTED_EDGE('',*,*,#2153,.T.);
#2839=ORIENTED_EDGE('',*,*,#2159,.T.);
#2840=ORIENTED_EDGE('',*,*,#2175,.T.);
#2841=ORIENTED_EDGE('',*,*,#2176,.F.);
#2842=ORIENTED_EDGE('',*,*,#2177,.F.);
#2843=ORIENTED_EDGE('',*,*,#2178,.F.);
#2844=ORIENTED_EDGE('',*,*,#2144,.F.);
#2845=ORIENTED_EDGE('',*,*,#2179,.F.);
#2846=ORIENTED_EDGE('',*,*,#2180,.F.);
#2847=ORIENTED_EDGE('',*,*,#2181,.F.);
#2848=ORIENTED_EDGE('',*,*,#2145,.F.);
#2849=ORIENTED_EDGE('',*,*,#2178,.T.);
#2850=ORIENTED_EDGE('',*,*,#2182,.F.);
#2851=ORIENTED_EDGE('',*,*,#2183,.F.);
#2852=ORIENTED_EDGE('',*,*,#2184,.F.);
#2853=ORIENTED_EDGE('',*,*,#2185,.F.);
#2854=ORIENTED_EDGE('',*,*,#2140,.T.);
#2855=ORIENTED_EDGE('',*,*,#2139,.F.);
#2856=ORIENTED_EDGE('',*,*,#2186,.F.);
#2857=ORIENTED_EDGE('',*,*,#2183,.T.);
#2858=ORIENTED_EDGE('',*,*,#2187,.F.);
#2859=ORIENTED_EDGE('',*,*,#2188,.F.);
#2860=ORIENTED_EDGE('',*,*,#2189,.F.);
#2861=ORIENTED_EDGE('',*,*,#2182,.T.);
#2862=ORIENTED_EDGE('',*,*,#2190,.F.);
#2863=ORIENTED_EDGE('',*,*,#2191,.F.);
#2864=ORIENTED_EDGE('',*,*,#2187,.T.);
#2865=ORIENTED_EDGE('',*,*,#2185,.T.);
#2866=ORIENTED_EDGE('',*,*,#2192,.F.);
#2867=ORIENTED_EDGE('',*,*,#2193,.T.);
#2868=ORIENTED_EDGE('',*,*,#2194,.T.);
#2869=ORIENTED_EDGE('',*,*,#2195,.T.);
#2870=ORIENTED_EDGE('',*,*,#2196,.T.);
#2871=ORIENTED_EDGE('',*,*,#2197,.T.);
#2872=ORIENTED_EDGE('',*,*,#2198,.F.);
#2873=ORIENTED_EDGE('',*,*,#2199,.T.);
#2874=ORIENTED_EDGE('',*,*,#2200,.F.);
#2875=ORIENTED_EDGE('',*,*,#2201,.T.);
#2876=ORIENTED_EDGE('',*,*,#2202,.T.);
#2877=ORIENTED_EDGE('',*,*,#2203,.T.);
#2878=ORIENTED_EDGE('',*,*,#2204,.F.);
#2879=ORIENTED_EDGE('',*,*,#2205,.F.);
#2880=ORIENTED_EDGE('',*,*,#2206,.F.);
#2881=ORIENTED_EDGE('',*,*,#2207,.T.);
#2882=ORIENTED_EDGE('',*,*,#2208,.F.);
#2883=ORIENTED_EDGE('',*,*,#2190,.T.);
#2884=ORIENTED_EDGE('',*,*,#2184,.T.);
#2885=ORIENTED_EDGE('',*,*,#2186,.T.);
#2886=ORIENTED_EDGE('',*,*,#2138,.T.);
#2887=ORIENTED_EDGE('',*,*,#2209,.T.);
#2888=ORIENTED_EDGE('',*,*,#2210,.T.);
#2889=ORIENTED_EDGE('',*,*,#2192,.T.);
#2890=ORIENTED_EDGE('',*,*,#2141,.T.);
#2891=ORIENTED_EDGE('',*,*,#2189,.T.);
#2892=ORIENTED_EDGE('',*,*,#2211,.T.);
#2893=ORIENTED_EDGE('',*,*,#2212,.T.);
#2894=ORIENTED_EDGE('',*,*,#2213,.F.);
#2895=ORIENTED_EDGE('',*,*,#2214,.T.);
#2896=ORIENTED_EDGE('',*,*,#2215,.F.);
#2897=ORIENTED_EDGE('',*,*,#2100,.T.);
#2898=ORIENTED_EDGE('',*,*,#2137,.T.);
#2899=ORIENTED_EDGE('',*,*,#2216,.F.);
#2900=ORIENTED_EDGE('',*,*,#2217,.T.);
#2901=ORIENTED_EDGE('',*,*,#2218,.T.);
#2902=ORIENTED_EDGE('',*,*,#2219,.T.);
#2903=ORIENTED_EDGE('',*,*,#2209,.F.);
#2904=ORIENTED_EDGE('',*,*,#2181,.T.);
#2905=ORIENTED_EDGE('',*,*,#2220,.T.);
#2906=ORIENTED_EDGE('',*,*,#2221,.T.);
#2907=ORIENTED_EDGE('',*,*,#2216,.T.);
#2908=ORIENTED_EDGE('',*,*,#2136,.T.);
#2909=ORIENTED_EDGE('',*,*,#2146,.T.);
#2910=ORIENTED_EDGE('',*,*,#2222,.T.);
#2911=ORIENTED_EDGE('',*,*,#2173,.F.);
#2912=ORIENTED_EDGE('',*,*,#2094,.F.);
#2913=ORIENTED_EDGE('',*,*,#2129,.T.);
#2914=ORIENTED_EDGE('',*,*,#2168,.F.);
#2915=ORIENTED_EDGE('',*,*,#2223,.T.);
#2916=ORIENTED_EDGE('',*,*,#2095,.F.);
#2917=ORIENTED_EDGE('',*,*,#2223,.F.);
#2918=ORIENTED_EDGE('',*,*,#2167,.F.);
#2919=ORIENTED_EDGE('',*,*,#2174,.T.);
#2920=ORIENTED_EDGE('',*,*,#2224,.T.);
#2921=ORIENTED_EDGE('',*,*,#2225,.T.);
#2922=ORIENTED_EDGE('',*,*,#2226,.T.);
#2923=ORIENTED_EDGE('',*,*,#2227,.T.);
#2924=ORIENTED_EDGE('',*,*,#2172,.T.);
#2925=ORIENTED_EDGE('',*,*,#2171,.F.);
#2926=ORIENTED_EDGE('',*,*,#2228,.F.);
#2927=ORIENTED_EDGE('',*,*,#2229,.F.);
#2928=ORIENTED_EDGE('',*,*,#2230,.F.);
#2929=ORIENTED_EDGE('',*,*,#2231,.F.);
#2930=ORIENTED_EDGE('',*,*,#2232,.T.);
#2931=ORIENTED_EDGE('',*,*,#2233,.T.);
#2932=ORIENTED_EDGE('',*,*,#2234,.T.);
#2933=ORIENTED_EDGE('',*,*,#2235,.T.);
#2934=ORIENTED_EDGE('',*,*,#2236,.T.);
#2935=ORIENTED_EDGE('',*,*,#2237,.T.);
#2936=ORIENTED_EDGE('',*,*,#2238,.T.);
#2937=ORIENTED_EDGE('',*,*,#2239,.F.);
#2938=ORIENTED_EDGE('',*,*,#2240,.F.);
#2939=ORIENTED_EDGE('',*,*,#2241,.F.);
#2940=ORIENTED_EDGE('',*,*,#2242,.F.);
#2941=ORIENTED_EDGE('',*,*,#2243,.F.);
#2942=ORIENTED_EDGE('',*,*,#2244,.F.);
#2943=ORIENTED_EDGE('',*,*,#2245,.F.);
#2944=ORIENTED_EDGE('',*,*,#2246,.F.);
#2945=ORIENTED_EDGE('',*,*,#2247,.F.);
#2946=ORIENTED_EDGE('',*,*,#2248,.F.);
#2947=ORIENTED_EDGE('',*,*,#2249,.T.);
#2948=ORIENTED_EDGE('',*,*,#2250,.F.);
#2949=ORIENTED_EDGE('',*,*,#2230,.T.);
#2950=ORIENTED_EDGE('',*,*,#2251,.T.);
#2951=ORIENTED_EDGE('',*,*,#2124,.F.);
#2952=ORIENTED_EDGE('',*,*,#2252,.F.);
#2953=ORIENTED_EDGE('',*,*,#2231,.T.);
#2954=ORIENTED_EDGE('',*,*,#2250,.T.);
#2955=ORIENTED_EDGE('',*,*,#2123,.F.);
#2956=ORIENTED_EDGE('',*,*,#2253,.F.);
#2957=ORIENTED_EDGE('',*,*,#2228,.T.);
#2958=ORIENTED_EDGE('',*,*,#2170,.T.);
#2959=ORIENTED_EDGE('',*,*,#2126,.F.);
#2960=ORIENTED_EDGE('',*,*,#2251,.F.);
#2961=ORIENTED_EDGE('',*,*,#2229,.T.);
#2962=ORIENTED_EDGE('',*,*,#2253,.T.);
#2963=ORIENTED_EDGE('',*,*,#2125,.F.);
#2964=ORIENTED_EDGE('',*,*,#2244,.T.);
#2965=ORIENTED_EDGE('',*,*,#2254,.F.);
#2966=ORIENTED_EDGE('',*,*,#2255,.T.);
#2967=ORIENTED_EDGE('',*,*,#2256,.F.);
#2968=ORIENTED_EDGE('',*,*,#2248,.T.);
#2969=ORIENTED_EDGE('',*,*,#2257,.F.);
#2970=ORIENTED_EDGE('',*,*,#2258,.T.);
#2971=ORIENTED_EDGE('',*,*,#2224,.F.);
#2972=ORIENTED_EDGE('',*,*,#2222,.F.);
#2973=ORIENTED_EDGE('',*,*,#2249,.F.);
#2974=ORIENTED_EDGE('',*,*,#2245,.T.);
#2975=ORIENTED_EDGE('',*,*,#2256,.T.);
#2976=ORIENTED_EDGE('',*,*,#2259,.T.);
#2977=ORIENTED_EDGE('',*,*,#2260,.F.);
#2978=ORIENTED_EDGE('',*,*,#2247,.T.);
#2979=ORIENTED_EDGE('',*,*,#2261,.F.);
#2980=ORIENTED_EDGE('',*,*,#2262,.T.);
#2981=ORIENTED_EDGE('',*,*,#2257,.T.);
#2982=ORIENTED_EDGE('',*,*,#2246,.T.);
#2983=ORIENTED_EDGE('',*,*,#2260,.T.);
#2984=ORIENTED_EDGE('',*,*,#2263,.T.);
#2985=ORIENTED_EDGE('',*,*,#2261,.T.);
#2986=ORIENTED_EDGE('',*,*,#2264,.F.);
#2987=ORIENTED_EDGE('',*,*,#2265,.F.);
#2988=ORIENTED_EDGE('',*,*,#2163,.F.);
#2989=ORIENTED_EDGE('',*,*,#2266,.F.);
#2990=ORIENTED_EDGE('',*,*,#2267,.T.);
#2991=ORIENTED_EDGE('',*,*,#2268,.F.);
#2992=ORIENTED_EDGE('',*,*,#2197,.F.);
#2993=ORIENTED_EDGE('',*,*,#2269,.F.);
#2994=ORIENTED_EDGE('',*,*,#2270,.T.);
#2995=ORIENTED_EDGE('',*,*,#2162,.F.);
#2996=ORIENTED_EDGE('',*,*,#2271,.F.);
#2997=ORIENTED_EDGE('',*,*,#2272,.T.);
#2998=ORIENTED_EDGE('',*,*,#2266,.T.);
#2999=ORIENTED_EDGE('',*,*,#2149,.F.);
#3000=ORIENTED_EDGE('',*,*,#2114,.F.);
#3001=ORIENTED_EDGE('',*,*,#2273,.F.);
#3002=ORIENTED_EDGE('',*,*,#2274,.F.);
#3003=ORIENTED_EDGE('',*,*,#2275,.F.);
#3004=ORIENTED_EDGE('',*,*,#2276,.F.);
#3005=ORIENTED_EDGE('',*,*,#2277,.F.);
#3006=ORIENTED_EDGE('',*,*,#2278,.F.);
#3007=ORIENTED_EDGE('',*,*,#2279,.F.);
#3008=ORIENTED_EDGE('',*,*,#2280,.F.);
#3009=ORIENTED_EDGE('',*,*,#2150,.F.);
#3010=ORIENTED_EDGE('',*,*,#2280,.T.);
#3011=ORIENTED_EDGE('',*,*,#2279,.T.);
#3012=ORIENTED_EDGE('',*,*,#2281,.F.);
#3013=ORIENTED_EDGE('',*,*,#2267,.F.);
#3014=ORIENTED_EDGE('',*,*,#2272,.F.);
#3015=ORIENTED_EDGE('',*,*,#2282,.T.);
#3016=ORIENTED_EDGE('',*,*,#2160,.T.);
#3017=ORIENTED_EDGE('',*,*,#2265,.T.);
#3018=ORIENTED_EDGE('',*,*,#2283,.T.);
#3019=ORIENTED_EDGE('',*,*,#2284,.F.);
#3020=ORIENTED_EDGE('',*,*,#2285,.F.);
#3021=ORIENTED_EDGE('',*,*,#2164,.F.);
#3022=ORIENTED_EDGE('',*,*,#2281,.T.);
#3023=ORIENTED_EDGE('',*,*,#2278,.T.);
#3024=ORIENTED_EDGE('',*,*,#2286,.F.);
#3025=ORIENTED_EDGE('',*,*,#2287,.T.);
#3026=ORIENTED_EDGE('',*,*,#2283,.F.);
#3027=ORIENTED_EDGE('',*,*,#2264,.T.);
#3028=ORIENTED_EDGE('',*,*,#2288,.T.);
#3029=ORIENTED_EDGE('',*,*,#2289,.T.);
#3030=ORIENTED_EDGE('',*,*,#2290,.F.);
#3031=ORIENTED_EDGE('',*,*,#2233,.F.);
#3032=ORIENTED_EDGE('',*,*,#2291,.T.);
#3033=ORIENTED_EDGE('',*,*,#2121,.F.);
#3034=ORIENTED_EDGE('',*,*,#2292,.F.);
#3035=ORIENTED_EDGE('',*,*,#2234,.F.);
#3036=ORIENTED_EDGE('',*,*,#2290,.T.);
#3037=ORIENTED_EDGE('',*,*,#2120,.F.);
#3038=ORIENTED_EDGE('',*,*,#2293,.F.);
#3039=ORIENTED_EDGE('',*,*,#2235,.F.);
#3040=ORIENTED_EDGE('',*,*,#2292,.T.);
#3041=ORIENTED_EDGE('',*,*,#2119,.F.);
#3042=ORIENTED_EDGE('',*,*,#2175,.F.);
#3043=ORIENTED_EDGE('',*,*,#2158,.F.);
#3044=ORIENTED_EDGE('',*,*,#2289,.F.);
#3045=ORIENTED_EDGE('',*,*,#2237,.F.);
#3046=ORIENTED_EDGE('',*,*,#2236,.F.);
#3047=ORIENTED_EDGE('',*,*,#2293,.T.);
#3048=ORIENTED_EDGE('',*,*,#2118,.F.);
#3049=ORIENTED_EDGE('',*,*,#2291,.F.);
#3050=ORIENTED_EDGE('',*,*,#2232,.F.);
#3051=ORIENTED_EDGE('',*,*,#2252,.T.);
#3052=ORIENTED_EDGE('',*,*,#2122,.F.);
#3053=ORIENTED_EDGE('',*,*,#2243,.T.);
#3054=ORIENTED_EDGE('',*,*,#2294,.T.);
#3055=ORIENTED_EDGE('',*,*,#2295,.T.);
#3056=ORIENTED_EDGE('',*,*,#2254,.T.);
#3057=ORIENTED_EDGE('',*,*,#2242,.T.);
#3058=ORIENTED_EDGE('',*,*,#2296,.T.);
#3059=ORIENTED_EDGE('',*,*,#2297,.T.);
#3060=ORIENTED_EDGE('',*,*,#2294,.F.);
#3061=ORIENTED_EDGE('',*,*,#2241,.T.);
#3062=ORIENTED_EDGE('',*,*,#2298,.F.);
#3063=ORIENTED_EDGE('',*,*,#2299,.T.);
#3064=ORIENTED_EDGE('',*,*,#2296,.F.);
#3065=ORIENTED_EDGE('',*,*,#2240,.T.);
#3066=ORIENTED_EDGE('',*,*,#2300,.F.);
#3067=ORIENTED_EDGE('',*,*,#2301,.T.);
#3068=ORIENTED_EDGE('',*,*,#2298,.T.);
#3069=ORIENTED_EDGE('',*,*,#2239,.T.);
#3070=ORIENTED_EDGE('',*,*,#2238,.F.);
#3071=ORIENTED_EDGE('',*,*,#2288,.F.);
#3072=ORIENTED_EDGE('',*,*,#2157,.F.);
#3073=ORIENTED_EDGE('',*,*,#2302,.T.);
#3074=ORIENTED_EDGE('',*,*,#2300,.T.);
#3075=ORIENTED_EDGE('',*,*,#2303,.F.);
#3076=ORIENTED_EDGE('',*,*,#2304,.T.);
#3077=ORIENTED_EDGE('',*,*,#2305,.F.);
#3078=ORIENTED_EDGE('',*,*,#2306,.F.);
#3079=ORIENTED_EDGE('',*,*,#2307,.F.);
#3080=ORIENTED_EDGE('',*,*,#2308,.F.);
#3081=ORIENTED_EDGE('',*,*,#2307,.T.);
#3082=ORIENTED_EDGE('',*,*,#2309,.F.);
#3083=ORIENTED_EDGE('',*,*,#2310,.F.);
#3084=ORIENTED_EDGE('',*,*,#2311,.F.);
#3085=ORIENTED_EDGE('',*,*,#2312,.T.);
#3086=ORIENTED_EDGE('',*,*,#2313,.T.);
#3087=ORIENTED_EDGE('',*,*,#2314,.T.);
#3088=ORIENTED_EDGE('',*,*,#2315,.F.);
#3089=ORIENTED_EDGE('',*,*,#2316,.F.);
#3090=ORIENTED_EDGE('',*,*,#2315,.T.);
#3091=ORIENTED_EDGE('',*,*,#2317,.T.);
#3092=ORIENTED_EDGE('',*,*,#2318,.F.);
#3093=ORIENTED_EDGE('',*,*,#2319,.F.);
#3094=ORIENTED_EDGE('',*,*,#2320,.T.);
#3095=ORIENTED_EDGE('',*,*,#2321,.F.);
#3096=ORIENTED_EDGE('',*,*,#2322,.F.);
#3097=ORIENTED_EDGE('',*,*,#2323,.F.);
#3098=ORIENTED_EDGE('',*,*,#2324,.F.);
#3099=ORIENTED_EDGE('',*,*,#2325,.F.);
#3100=ORIENTED_EDGE('',*,*,#2323,.T.);
#3101=ORIENTED_EDGE('',*,*,#2326,.F.);
#3102=ORIENTED_EDGE('',*,*,#2327,.F.);
#3103=ORIENTED_EDGE('',*,*,#2328,.F.);
#3104=ORIENTED_EDGE('',*,*,#2329,.T.);
#3105=ORIENTED_EDGE('',*,*,#2330,.T.);
#3106=ORIENTED_EDGE('',*,*,#2331,.T.);
#3107=ORIENTED_EDGE('',*,*,#2332,.T.);
#3108=ORIENTED_EDGE('',*,*,#2333,.F.);
#3109=ORIENTED_EDGE('',*,*,#2334,.F.);
#3110=ORIENTED_EDGE('',*,*,#2333,.T.);
#3111=ORIENTED_EDGE('',*,*,#2335,.T.);
#3112=ORIENTED_EDGE('',*,*,#2336,.F.);
#3113=ORIENTED_EDGE('',*,*,#2337,.F.);
#3114=ORIENTED_EDGE('',*,*,#2338,.F.);
#3115=ORIENTED_EDGE('',*,*,#2339,.F.);
#3116=ORIENTED_EDGE('',*,*,#2340,.F.);
#3117=ORIENTED_EDGE('',*,*,#2341,.F.);
#3118=ORIENTED_EDGE('',*,*,#2342,.F.);
#3119=ORIENTED_EDGE('',*,*,#2343,.T.);
#3120=ORIENTED_EDGE('',*,*,#2325,.T.);
#3121=ORIENTED_EDGE('',*,*,#2344,.F.);
#3122=ORIENTED_EDGE('',*,*,#2345,.F.);
#3123=ORIENTED_EDGE('',*,*,#2346,.F.);
#3124=ORIENTED_EDGE('',*,*,#2347,.F.);
#3125=ORIENTED_EDGE('',*,*,#2348,.F.);
#3126=ORIENTED_EDGE('',*,*,#2349,.F.);
#3127=ORIENTED_EDGE('',*,*,#2350,.F.);
#3128=ORIENTED_EDGE('',*,*,#2351,.T.);
#3129=ORIENTED_EDGE('',*,*,#2331,.F.);
#3130=ORIENTED_EDGE('',*,*,#2352,.F.);
#3131=ORIENTED_EDGE('',*,*,#2353,.T.);
#3132=ORIENTED_EDGE('',*,*,#2354,.T.);
#3133=ORIENTED_EDGE('',*,*,#2308,.T.);
#3134=ORIENTED_EDGE('',*,*,#2310,.T.);
#3135=ORIENTED_EDGE('',*,*,#2355,.F.);
#3136=ORIENTED_EDGE('',*,*,#2356,.F.);
#3137=ORIENTED_EDGE('',*,*,#2357,.T.);
#3138=ORIENTED_EDGE('',*,*,#2356,.T.);
#3139=ORIENTED_EDGE('',*,*,#2358,.F.);
#3140=ORIENTED_EDGE('',*,*,#2359,.F.);
#3141=ORIENTED_EDGE('',*,*,#2360,.T.);
#3142=ORIENTED_EDGE('',*,*,#2359,.T.);
#3143=ORIENTED_EDGE('',*,*,#2361,.F.);
#3144=ORIENTED_EDGE('',*,*,#2362,.F.);
#3145=ORIENTED_EDGE('',*,*,#2363,.T.);
#3146=ORIENTED_EDGE('',*,*,#2362,.T.);
#3147=ORIENTED_EDGE('',*,*,#2364,.F.);
#3148=ORIENTED_EDGE('',*,*,#2365,.F.);
#3149=ORIENTED_EDGE('',*,*,#2366,.T.);
#3150=ORIENTED_EDGE('',*,*,#2365,.T.);
#3151=ORIENTED_EDGE('',*,*,#2367,.F.);
#3152=ORIENTED_EDGE('',*,*,#2368,.F.);
#3153=ORIENTED_EDGE('',*,*,#2369,.T.);
#3154=ORIENTED_EDGE('',*,*,#2368,.T.);
#3155=ORIENTED_EDGE('',*,*,#2370,.F.);
#3156=ORIENTED_EDGE('',*,*,#2371,.F.);
#3157=ORIENTED_EDGE('',*,*,#2372,.T.);
#3158=ORIENTED_EDGE('',*,*,#2371,.T.);
#3159=ORIENTED_EDGE('',*,*,#2373,.F.);
#3160=ORIENTED_EDGE('',*,*,#2317,.F.);
#3161=ORIENTED_EDGE('',*,*,#2314,.F.);
#3162=ORIENTED_EDGE('',*,*,#2374,.F.);
#3163=ORIENTED_EDGE('',*,*,#2375,.T.);
#3164=ORIENTED_EDGE('',*,*,#2376,.T.);
#3165=ORIENTED_EDGE('',*,*,#2377,.T.);
#3166=ORIENTED_EDGE('',*,*,#2378,.T.);
#3167=ORIENTED_EDGE('',*,*,#2379,.T.);
#3168=ORIENTED_EDGE('',*,*,#2380,.T.);
#3169=ORIENTED_EDGE('',*,*,#2381,.T.);
#3170=ORIENTED_EDGE('',*,*,#2316,.T.);
#3171=ORIENTED_EDGE('',*,*,#2318,.T.);
#3172=ORIENTED_EDGE('',*,*,#2373,.T.);
#3173=ORIENTED_EDGE('',*,*,#2370,.T.);
#3174=ORIENTED_EDGE('',*,*,#2367,.T.);
#3175=ORIENTED_EDGE('',*,*,#2364,.T.);
#3176=ORIENTED_EDGE('',*,*,#2361,.T.);
#3177=ORIENTED_EDGE('',*,*,#2358,.T.);
#3178=ORIENTED_EDGE('',*,*,#2355,.T.);
#3179=ORIENTED_EDGE('',*,*,#2309,.T.);
#3180=ORIENTED_EDGE('',*,*,#2306,.T.);
#3181=ORIENTED_EDGE('',*,*,#2382,.T.);
#3182=ORIENTED_EDGE('',*,*,#2383,.T.);
#3183=ORIENTED_EDGE('',*,*,#2303,.T.);
#3184=ORIENTED_EDGE('',*,*,#2354,.F.);
#3185=ORIENTED_EDGE('',*,*,#2353,.F.);
#3186=ORIENTED_EDGE('',*,*,#2357,.F.);
#3187=ORIENTED_EDGE('',*,*,#2360,.F.);
#3188=ORIENTED_EDGE('',*,*,#2363,.F.);
#3189=ORIENTED_EDGE('',*,*,#2366,.F.);
#3190=ORIENTED_EDGE('',*,*,#2369,.F.);
#3191=ORIENTED_EDGE('',*,*,#2372,.F.);
#3192=ORIENTED_EDGE('',*,*,#2374,.T.);
#3193=ORIENTED_EDGE('',*,*,#2313,.F.);
#3194=ORIENTED_EDGE('',*,*,#2384,.T.);
#3195=ORIENTED_EDGE('',*,*,#2385,.T.);
#3196=ORIENTED_EDGE('',*,*,#2386,.T.);
#3197=ORIENTED_EDGE('',*,*,#2387,.T.);
#3198=ORIENTED_EDGE('',*,*,#2388,.T.);
#3199=ORIENTED_EDGE('',*,*,#2389,.T.);
#3200=ORIENTED_EDGE('',*,*,#2390,.T.);
#3201=ORIENTED_EDGE('',*,*,#2312,.F.);
#3202=ORIENTED_EDGE('',*,*,#2391,.T.);
#3203=ORIENTED_EDGE('',*,*,#2392,.T.);
#3204=ORIENTED_EDGE('',*,*,#2393,.T.);
#3205=ORIENTED_EDGE('',*,*,#2394,.T.);
#3206=ORIENTED_EDGE('',*,*,#2320,.F.);
#3207=ORIENTED_EDGE('',*,*,#2395,.T.);
#3208=ORIENTED_EDGE('',*,*,#2396,.T.);
#3209=ORIENTED_EDGE('',*,*,#2397,.T.);
#3210=ORIENTED_EDGE('',*,*,#2398,.T.);
#3211=ORIENTED_EDGE('',*,*,#2304,.F.);
#3212=ORIENTED_EDGE('',*,*,#2399,.T.);
#3213=ORIENTED_EDGE('',*,*,#2400,.T.);
#3214=ORIENTED_EDGE('',*,*,#2401,.T.);
#3215=ORIENTED_EDGE('',*,*,#2402,.T.);
#3216=ORIENTED_EDGE('',*,*,#2329,.F.);
#3217=ORIENTED_EDGE('',*,*,#2403,.T.);
#3218=ORIENTED_EDGE('',*,*,#2404,.T.);
#3219=ORIENTED_EDGE('',*,*,#2405,.T.);
#3220=ORIENTED_EDGE('',*,*,#2406,.T.);
#3221=ORIENTED_EDGE('',*,*,#2345,.T.);
#3222=ORIENTED_EDGE('',*,*,#2344,.T.);
#3223=ORIENTED_EDGE('',*,*,#2324,.T.);
#3224=ORIENTED_EDGE('',*,*,#2327,.T.);
#3225=ORIENTED_EDGE('',*,*,#2407,.F.);
#3226=ORIENTED_EDGE('',*,*,#2408,.F.);
#3227=ORIENTED_EDGE('',*,*,#2346,.T.);
#3228=ORIENTED_EDGE('',*,*,#2408,.T.);
#3229=ORIENTED_EDGE('',*,*,#2409,.F.);
#3230=ORIENTED_EDGE('',*,*,#2410,.F.);
#3231=ORIENTED_EDGE('',*,*,#2347,.T.);
#3232=ORIENTED_EDGE('',*,*,#2410,.T.);
#3233=ORIENTED_EDGE('',*,*,#2411,.F.);
#3234=ORIENTED_EDGE('',*,*,#2412,.F.);
#3235=ORIENTED_EDGE('',*,*,#2348,.T.);
#3236=ORIENTED_EDGE('',*,*,#2412,.T.);
#3237=ORIENTED_EDGE('',*,*,#2413,.F.);
#3238=ORIENTED_EDGE('',*,*,#2414,.F.);
#3239=ORIENTED_EDGE('',*,*,#2349,.T.);
#3240=ORIENTED_EDGE('',*,*,#2414,.T.);
#3241=ORIENTED_EDGE('',*,*,#2415,.F.);
#3242=ORIENTED_EDGE('',*,*,#2416,.F.);
#3243=ORIENTED_EDGE('',*,*,#2350,.T.);
#3244=ORIENTED_EDGE('',*,*,#2416,.T.);
#3245=ORIENTED_EDGE('',*,*,#2417,.F.);
#3246=ORIENTED_EDGE('',*,*,#2335,.F.);
#3247=ORIENTED_EDGE('',*,*,#2332,.F.);
#3248=ORIENTED_EDGE('',*,*,#2351,.F.);
#3249=ORIENTED_EDGE('',*,*,#2417,.T.);
#3250=ORIENTED_EDGE('',*,*,#2415,.T.);
#3251=ORIENTED_EDGE('',*,*,#2413,.T.);
#3252=ORIENTED_EDGE('',*,*,#2411,.T.);
#3253=ORIENTED_EDGE('',*,*,#2409,.T.);
#3254=ORIENTED_EDGE('',*,*,#2407,.T.);
#3255=ORIENTED_EDGE('',*,*,#2326,.T.);
#3256=ORIENTED_EDGE('',*,*,#2322,.T.);
#3257=ORIENTED_EDGE('',*,*,#2418,.T.);
#3258=ORIENTED_EDGE('',*,*,#2419,.T.);
#3259=ORIENTED_EDGE('',*,*,#2420,.T.);
#3260=ORIENTED_EDGE('',*,*,#2421,.T.);
#3261=ORIENTED_EDGE('',*,*,#2422,.T.);
#3262=ORIENTED_EDGE('',*,*,#2423,.T.);
#3263=ORIENTED_EDGE('',*,*,#2334,.T.);
#3264=ORIENTED_EDGE('',*,*,#2336,.T.);
#3265=ORIENTED_EDGE('',*,*,#2096,.F.);
#3266=ORIENTED_EDGE('',*,*,#2227,.F.);
#3267=ORIENTED_EDGE('',*,*,#2424,.T.);
#3268=ORIENTED_EDGE('',*,*,#2425,.T.);
#3269=ORIENTED_EDGE('',*,*,#2426,.T.);
#3270=ORIENTED_EDGE('',*,*,#2179,.T.);
#3271=ORIENTED_EDGE('',*,*,#2177,.T.);
#3272=ORIENTED_EDGE('',*,*,#2427,.F.);
#3273=ORIENTED_EDGE('',*,*,#2142,.F.);
#3274=ORIENTED_EDGE('',*,*,#2428,.T.);
#3275=ORIENTED_EDGE('',*,*,#2425,.F.);
#3276=ORIENTED_EDGE('',*,*,#2429,.T.);
#3277=ORIENTED_EDGE('',*,*,#2430,.T.);
#3278=ORIENTED_EDGE('',*,*,#2431,.T.);
#3279=ORIENTED_EDGE('',*,*,#2432,.T.);
#3280=ORIENTED_EDGE('',*,*,#2217,.F.);
#3281=ORIENTED_EDGE('',*,*,#2221,.F.);
#3282=ORIENTED_EDGE('',*,*,#2433,.T.);
#3283=ORIENTED_EDGE('',*,*,#2430,.F.);
#3284=ORIENTED_EDGE('',*,*,#2180,.T.);
#3285=ORIENTED_EDGE('',*,*,#2426,.F.);
#3286=ORIENTED_EDGE('',*,*,#2428,.F.);
#3287=ORIENTED_EDGE('',*,*,#2433,.F.);
#3288=ORIENTED_EDGE('',*,*,#2220,.F.);
#3289=ORIENTED_EDGE('',*,*,#2284,.T.);
#3290=ORIENTED_EDGE('',*,*,#2287,.F.);
#3291=ORIENTED_EDGE('',*,*,#2434,.F.);
#3292=ORIENTED_EDGE('',*,*,#2435,.F.);
#3293=ORIENTED_EDGE('',*,*,#2436,.T.);
#3294=ORIENTED_EDGE('',*,*,#2437,.T.);
#3295=ORIENTED_EDGE('',*,*,#2438,.T.);
#3296=ORIENTED_EDGE('',*,*,#2165,.T.);
#3297=ORIENTED_EDGE('',*,*,#2285,.T.);
#3298=ORIENTED_EDGE('',*,*,#2437,.F.);
#3299=ORIENTED_EDGE('',*,*,#2277,.T.);
#3300=ORIENTED_EDGE('',*,*,#2439,.T.);
#3301=ORIENTED_EDGE('',*,*,#2440,.T.);
#3302=ORIENTED_EDGE('',*,*,#2441,.T.);
#3303=ORIENTED_EDGE('',*,*,#2434,.T.);
#3304=ORIENTED_EDGE('',*,*,#2286,.T.);
#3305=ORIENTED_EDGE('',*,*,#2295,.F.);
#3306=ORIENTED_EDGE('',*,*,#2442,.T.);
#3307=ORIENTED_EDGE('',*,*,#2421,.F.);
#3308=ORIENTED_EDGE('',*,*,#2443,.F.);
#3309=ORIENTED_EDGE('',*,*,#2297,.F.);
#3310=ORIENTED_EDGE('',*,*,#2444,.T.);
#3311=ORIENTED_EDGE('',*,*,#2422,.F.);
#3312=ORIENTED_EDGE('',*,*,#2442,.F.);
#3313=ORIENTED_EDGE('',*,*,#2299,.F.);
#3314=ORIENTED_EDGE('',*,*,#2445,.T.);
#3315=ORIENTED_EDGE('',*,*,#2423,.F.);
#3316=ORIENTED_EDGE('',*,*,#2444,.F.);
#3317=ORIENTED_EDGE('',*,*,#2301,.F.);
#3318=ORIENTED_EDGE('',*,*,#2446,.T.);
#3319=ORIENTED_EDGE('',*,*,#2403,.F.);
#3320=ORIENTED_EDGE('',*,*,#2328,.T.);
#3321=ORIENTED_EDGE('',*,*,#2445,.F.);
#3322=ORIENTED_EDGE('',*,*,#2302,.F.);
#3323=ORIENTED_EDGE('',*,*,#2156,.F.);
#3324=ORIENTED_EDGE('',*,*,#2447,.T.);
#3325=ORIENTED_EDGE('',*,*,#2404,.F.);
#3326=ORIENTED_EDGE('',*,*,#2446,.F.);
#3327=ORIENTED_EDGE('',*,*,#2130,.F.);
#3328=ORIENTED_EDGE('',*,*,#2448,.F.);
#3329=ORIENTED_EDGE('',*,*,#2449,.F.);
#3330=ORIENTED_EDGE('',*,*,#2450,.T.);
#3331=ORIENTED_EDGE('',*,*,#2131,.F.);
#3332=ORIENTED_EDGE('',*,*,#2450,.F.);
#3333=ORIENTED_EDGE('',*,*,#2451,.F.);
#3334=ORIENTED_EDGE('',*,*,#2452,.T.);
#3335=ORIENTED_EDGE('',*,*,#2132,.F.);
#3336=ORIENTED_EDGE('',*,*,#2452,.F.);
#3337=ORIENTED_EDGE('',*,*,#2453,.F.);
#3338=ORIENTED_EDGE('',*,*,#2454,.T.);
#3339=ORIENTED_EDGE('',*,*,#2133,.F.);
#3340=ORIENTED_EDGE('',*,*,#2454,.F.);
#3341=ORIENTED_EDGE('',*,*,#2455,.F.);
#3342=ORIENTED_EDGE('',*,*,#2448,.T.);
#3343=ORIENTED_EDGE('',*,*,#2166,.F.);
#3344=ORIENTED_EDGE('',*,*,#2456,.T.);
#3345=ORIENTED_EDGE('',*,*,#2405,.F.);
#3346=ORIENTED_EDGE('',*,*,#2447,.F.);
#3347=ORIENTED_EDGE('',*,*,#2155,.F.);
#3348=ORIENTED_EDGE('',*,*,#2436,.F.);
#3349=ORIENTED_EDGE('',*,*,#2457,.T.);
#3350=ORIENTED_EDGE('',*,*,#2375,.F.);
#3351=ORIENTED_EDGE('',*,*,#2458,.F.);
#3352=ORIENTED_EDGE('',*,*,#2441,.F.);
#3353=ORIENTED_EDGE('',*,*,#2459,.T.);
#3354=ORIENTED_EDGE('',*,*,#2376,.F.);
#3355=ORIENTED_EDGE('',*,*,#2457,.F.);
#3356=ORIENTED_EDGE('',*,*,#2435,.T.);
#3357=ORIENTED_EDGE('',*,*,#2440,.F.);
#3358=ORIENTED_EDGE('',*,*,#2460,.F.);
#3359=ORIENTED_EDGE('',*,*,#2195,.F.);
#3360=ORIENTED_EDGE('',*,*,#2461,.T.);
#3361=ORIENTED_EDGE('',*,*,#2377,.F.);
#3362=ORIENTED_EDGE('',*,*,#2459,.F.);
#3363=ORIENTED_EDGE('',*,*,#2084,.F.);
#3364=ORIENTED_EDGE('',*,*,#2083,.F.);
#3365=ORIENTED_EDGE('',*,*,#2462,.T.);
#3366=ORIENTED_EDGE('',*,*,#2396,.F.);
#3367=ORIENTED_EDGE('',*,*,#2463,.F.);
#3368=ORIENTED_EDGE('',*,*,#2464,.F.);
#3369=ORIENTED_EDGE('',*,*,#2079,.F.);
#3370=ORIENTED_EDGE('',*,*,#2082,.F.);
#3371=ORIENTED_EDGE('',*,*,#2465,.F.);
#3372=ORIENTED_EDGE('',*,*,#2466,.T.);
#3373=ORIENTED_EDGE('',*,*,#2397,.F.);
#3374=ORIENTED_EDGE('',*,*,#2462,.F.);
#3375=ORIENTED_EDGE('',*,*,#2210,.F.);
#3376=ORIENTED_EDGE('',*,*,#2219,.F.);
#3377=ORIENTED_EDGE('',*,*,#2467,.T.);
#3378=ORIENTED_EDGE('',*,*,#2379,.F.);
#3379=ORIENTED_EDGE('',*,*,#2468,.F.);
#3380=ORIENTED_EDGE('',*,*,#2193,.F.);
#3381=ORIENTED_EDGE('',*,*,#2218,.F.);
#3382=ORIENTED_EDGE('',*,*,#2432,.F.);
#3383=ORIENTED_EDGE('',*,*,#2469,.T.);
#3384=ORIENTED_EDGE('',*,*,#2380,.F.);
#3385=ORIENTED_EDGE('',*,*,#2467,.F.);
#3386=ORIENTED_EDGE('',*,*,#2431,.F.);
#3387=ORIENTED_EDGE('',*,*,#2470,.T.);
#3388=ORIENTED_EDGE('',*,*,#2381,.F.);
#3389=ORIENTED_EDGE('',*,*,#2469,.F.);
#3390=ORIENTED_EDGE('',*,*,#2471,.F.);
#3391=ORIENTED_EDGE('',*,*,#2472,.T.);
#3392=ORIENTED_EDGE('',*,*,#2384,.F.);
#3393=ORIENTED_EDGE('',*,*,#2398,.F.);
#3394=ORIENTED_EDGE('',*,*,#2466,.F.);
#3395=ORIENTED_EDGE('',*,*,#2473,.F.);
#3396=ORIENTED_EDGE('',*,*,#2463,.T.);
#3397=ORIENTED_EDGE('',*,*,#2395,.F.);
#3398=ORIENTED_EDGE('',*,*,#2319,.T.);
#3399=ORIENTED_EDGE('',*,*,#2343,.F.);
#3400=ORIENTED_EDGE('',*,*,#2474,.F.);
#3401=ORIENTED_EDGE('',*,*,#2475,.F.);
#3402=ORIENTED_EDGE('',*,*,#2474,.T.);
#3403=ORIENTED_EDGE('',*,*,#2342,.T.);
#3404=ORIENTED_EDGE('',*,*,#2476,.F.);
#3405=ORIENTED_EDGE('',*,*,#2477,.F.);
#3406=ORIENTED_EDGE('',*,*,#2476,.T.);
#3407=ORIENTED_EDGE('',*,*,#2341,.T.);
#3408=ORIENTED_EDGE('',*,*,#2478,.F.);
#3409=ORIENTED_EDGE('',*,*,#2479,.F.);
#3410=ORIENTED_EDGE('',*,*,#2478,.T.);
#3411=ORIENTED_EDGE('',*,*,#2340,.T.);
#3412=ORIENTED_EDGE('',*,*,#2480,.F.);
#3413=ORIENTED_EDGE('',*,*,#2481,.F.);
#3414=ORIENTED_EDGE('',*,*,#2480,.T.);
#3415=ORIENTED_EDGE('',*,*,#2339,.T.);
#3416=ORIENTED_EDGE('',*,*,#2482,.F.);
#3417=ORIENTED_EDGE('',*,*,#2483,.F.);
#3418=ORIENTED_EDGE('',*,*,#2482,.T.);
#3419=ORIENTED_EDGE('',*,*,#2338,.T.);
#3420=ORIENTED_EDGE('',*,*,#2484,.F.);
#3421=ORIENTED_EDGE('',*,*,#2485,.F.);
#3422=ORIENTED_EDGE('',*,*,#2484,.T.);
#3423=ORIENTED_EDGE('',*,*,#2337,.T.);
#3424=ORIENTED_EDGE('',*,*,#2486,.F.);
#3425=ORIENTED_EDGE('',*,*,#2487,.F.);
#3426=ORIENTED_EDGE('',*,*,#2486,.T.);
#3427=ORIENTED_EDGE('',*,*,#2352,.T.);
#3428=ORIENTED_EDGE('',*,*,#2330,.F.);
#3429=ORIENTED_EDGE('',*,*,#2402,.F.);
#3430=ORIENTED_EDGE('',*,*,#2488,.F.);
#3431=ORIENTED_EDGE('',*,*,#2092,.F.);
#3432=ORIENTED_EDGE('',*,*,#2489,.F.);
#3433=ORIENTED_EDGE('',*,*,#2488,.T.);
#3434=ORIENTED_EDGE('',*,*,#2401,.F.);
#3435=ORIENTED_EDGE('',*,*,#2490,.F.);
#3436=ORIENTED_EDGE('',*,*,#2090,.F.);
#3437=ORIENTED_EDGE('',*,*,#2086,.F.);
#3438=ORIENTED_EDGE('',*,*,#2490,.T.);
#3439=ORIENTED_EDGE('',*,*,#2400,.F.);
#3440=ORIENTED_EDGE('',*,*,#2491,.F.);
#3441=ORIENTED_EDGE('',*,*,#2492,.F.);
#3442=ORIENTED_EDGE('',*,*,#2087,.F.);
#3443=ORIENTED_EDGE('',*,*,#2493,.F.);
#3444=ORIENTED_EDGE('',*,*,#2491,.T.);
#3445=ORIENTED_EDGE('',*,*,#2399,.F.);
#3446=ORIENTED_EDGE('',*,*,#2383,.F.);
#3447=ORIENTED_EDGE('',*,*,#2494,.F.);
#3448=ORIENTED_EDGE('',*,*,#2495,.F.);
#3449=ORIENTED_EDGE('',*,*,#2494,.T.);
#3450=ORIENTED_EDGE('',*,*,#2382,.F.);
#3451=ORIENTED_EDGE('',*,*,#2496,.F.);
#3452=ORIENTED_EDGE('',*,*,#2497,.F.);
#3453=ORIENTED_EDGE('',*,*,#2498,.F.);
#3454=ORIENTED_EDGE('',*,*,#2496,.T.);
#3455=ORIENTED_EDGE('',*,*,#2390,.F.);
#3456=ORIENTED_EDGE('',*,*,#2499,.F.);
#3457=ORIENTED_EDGE('',*,*,#2500,.F.);
#3458=ORIENTED_EDGE('',*,*,#2499,.T.);
#3459=ORIENTED_EDGE('',*,*,#2389,.F.);
#3460=ORIENTED_EDGE('',*,*,#2501,.F.);
#3461=ORIENTED_EDGE('',*,*,#2502,.F.);
#3462=ORIENTED_EDGE('',*,*,#2501,.T.);
#3463=ORIENTED_EDGE('',*,*,#2388,.F.);
#3464=ORIENTED_EDGE('',*,*,#2503,.F.);
#3465=ORIENTED_EDGE('',*,*,#2504,.F.);
#3466=ORIENTED_EDGE('',*,*,#2503,.T.);
#3467=ORIENTED_EDGE('',*,*,#2387,.F.);
#3468=ORIENTED_EDGE('',*,*,#2505,.F.);
#3469=ORIENTED_EDGE('',*,*,#2506,.F.);
#3470=ORIENTED_EDGE('',*,*,#2505,.T.);
#3471=ORIENTED_EDGE('',*,*,#2386,.F.);
#3472=ORIENTED_EDGE('',*,*,#2507,.F.);
#3473=ORIENTED_EDGE('',*,*,#2508,.F.);
#3474=ORIENTED_EDGE('',*,*,#2507,.T.);
#3475=ORIENTED_EDGE('',*,*,#2385,.F.);
#3476=ORIENTED_EDGE('',*,*,#2472,.F.);
#3477=ORIENTED_EDGE('',*,*,#2509,.F.);
#3478=ORIENTED_EDGE('',*,*,#2194,.F.);
#3479=ORIENTED_EDGE('',*,*,#2468,.T.);
#3480=ORIENTED_EDGE('',*,*,#2378,.F.);
#3481=ORIENTED_EDGE('',*,*,#2461,.F.);
#3482=ORIENTED_EDGE('',*,*,#2438,.F.);
#3483=ORIENTED_EDGE('',*,*,#2458,.T.);
#3484=ORIENTED_EDGE('',*,*,#2305,.T.);
#3485=ORIENTED_EDGE('',*,*,#2406,.F.);
#3486=ORIENTED_EDGE('',*,*,#2456,.F.);
#3487=ORIENTED_EDGE('',*,*,#2255,.F.);
#3488=ORIENTED_EDGE('',*,*,#2443,.T.);
#3489=ORIENTED_EDGE('',*,*,#2420,.F.);
#3490=ORIENTED_EDGE('',*,*,#2510,.F.);
#3491=ORIENTED_EDGE('',*,*,#2259,.F.);
#3492=ORIENTED_EDGE('',*,*,#2510,.T.);
#3493=ORIENTED_EDGE('',*,*,#2419,.F.);
#3494=ORIENTED_EDGE('',*,*,#2511,.F.);
#3495=ORIENTED_EDGE('',*,*,#2263,.F.);
#3496=ORIENTED_EDGE('',*,*,#2511,.T.);
#3497=ORIENTED_EDGE('',*,*,#2418,.F.);
#3498=ORIENTED_EDGE('',*,*,#2512,.F.);
#3499=ORIENTED_EDGE('',*,*,#2262,.F.);
#3500=ORIENTED_EDGE('',*,*,#2512,.T.);
#3501=ORIENTED_EDGE('',*,*,#2321,.T.);
#3502=ORIENTED_EDGE('',*,*,#2394,.F.);
#3503=ORIENTED_EDGE('',*,*,#2513,.F.);
#3504=ORIENTED_EDGE('',*,*,#2258,.F.);
#3505=ORIENTED_EDGE('',*,*,#2513,.T.);
#3506=ORIENTED_EDGE('',*,*,#2393,.F.);
#3507=ORIENTED_EDGE('',*,*,#2514,.F.);
#3508=ORIENTED_EDGE('',*,*,#2225,.F.);
#3509=ORIENTED_EDGE('',*,*,#2424,.F.);
#3510=ORIENTED_EDGE('',*,*,#2226,.F.);
#3511=ORIENTED_EDGE('',*,*,#2514,.T.);
#3512=ORIENTED_EDGE('',*,*,#2392,.F.);
#3513=ORIENTED_EDGE('',*,*,#2515,.F.);
#3514=ORIENTED_EDGE('',*,*,#2429,.F.);
#3515=ORIENTED_EDGE('',*,*,#2515,.T.);
#3516=ORIENTED_EDGE('',*,*,#2391,.F.);
#3517=ORIENTED_EDGE('',*,*,#2311,.T.);
#3518=ORIENTED_EDGE('',*,*,#2470,.F.);
#3519=ORIENTED_EDGE('',*,*,#2271,.T.);
#3520=ORIENTED_EDGE('',*,*,#2161,.T.);
#3521=ORIENTED_EDGE('',*,*,#2282,.F.);
#3522=ORIENTED_EDGE('',*,*,#2176,.T.);
#3523=ORIENTED_EDGE('',*,*,#2143,.T.);
#3524=ORIENTED_EDGE('',*,*,#2427,.T.);
#3525=ORIENTED_EDGE('',*,*,#2516,.F.);
#3526=ORIENTED_EDGE('',*,*,#2517,.T.);
#3527=ORIENTED_EDGE('',*,*,#2518,.F.);
#3528=ORIENTED_EDGE('',*,*,#2519,.T.);
#3529=ORIENTED_EDGE('',*,*,#2520,.T.);
#3530=ORIENTED_EDGE('',*,*,#2521,.T.);
#3531=ORIENTED_EDGE('',*,*,#2522,.F.);
#3532=ORIENTED_EDGE('',*,*,#2523,.T.);
#3533=ORIENTED_EDGE('',*,*,#2524,.F.);
#3534=ORIENTED_EDGE('',*,*,#2518,.T.);
#3535=ORIENTED_EDGE('',*,*,#2525,.T.);
#3536=ORIENTED_EDGE('',*,*,#2526,.F.);
#3537=ORIENTED_EDGE('',*,*,#2519,.F.);
#3538=ORIENTED_EDGE('',*,*,#2526,.T.);
#3539=ORIENTED_EDGE('',*,*,#2527,.F.);
#3540=ORIENTED_EDGE('',*,*,#2528,.F.);
#3541=ORIENTED_EDGE('',*,*,#2212,.F.);
#3542=ORIENTED_EDGE('',*,*,#2529,.F.);
#3543=ORIENTED_EDGE('',*,*,#2520,.F.);
#3544=ORIENTED_EDGE('',*,*,#2529,.T.);
#3545=ORIENTED_EDGE('',*,*,#2211,.F.);
#3546=ORIENTED_EDGE('',*,*,#2188,.T.);
#3547=ORIENTED_EDGE('',*,*,#2191,.T.);
#3548=ORIENTED_EDGE('',*,*,#2208,.T.);
#3549=ORIENTED_EDGE('',*,*,#2530,.F.);
#3550=ORIENTED_EDGE('',*,*,#2531,.T.);
#3551=ORIENTED_EDGE('',*,*,#2527,.T.);
#3552=ORIENTED_EDGE('',*,*,#2525,.F.);
#3553=ORIENTED_EDGE('',*,*,#2517,.F.);
#3554=ORIENTED_EDGE('',*,*,#2532,.F.);
#3555=ORIENTED_EDGE('',*,*,#2533,.F.);
#3556=ORIENTED_EDGE('',*,*,#2534,.F.);
#3557=ORIENTED_EDGE('',*,*,#2532,.T.);
#3558=ORIENTED_EDGE('',*,*,#2516,.T.);
#3559=ORIENTED_EDGE('',*,*,#2535,.F.);
#3560=ORIENTED_EDGE('',*,*,#2536,.T.);
#3561=ORIENTED_EDGE('',*,*,#2537,.F.);
#3562=ORIENTED_EDGE('',*,*,#2538,.T.);
#3563=ORIENTED_EDGE('',*,*,#2539,.F.);
#3564=ORIENTED_EDGE('',*,*,#2540,.F.);
#3565=ORIENTED_EDGE('',*,*,#2541,.T.);
#3566=ORIENTED_EDGE('',*,*,#2542,.T.);
#3567=ORIENTED_EDGE('',*,*,#2543,.T.);
#3568=ORIENTED_EDGE('',*,*,#2544,.T.);
#3569=ORIENTED_EDGE('',*,*,#2545,.T.);
#3570=ORIENTED_EDGE('',*,*,#2546,.F.);
#3571=ORIENTED_EDGE('',*,*,#2534,.T.);
#3572=ORIENTED_EDGE('',*,*,#2521,.F.);
#3573=ORIENTED_EDGE('',*,*,#2530,.T.);
#3574=ORIENTED_EDGE('',*,*,#2207,.F.);
#3575=ORIENTED_EDGE('',*,*,#2547,.F.);
#3576=ORIENTED_EDGE('',*,*,#2548,.F.);
#3577=ORIENTED_EDGE('',*,*,#2522,.T.);
#3578=ORIENTED_EDGE('',*,*,#2548,.T.);
#3579=ORIENTED_EDGE('',*,*,#2549,.T.);
#3580=ORIENTED_EDGE('',*,*,#2550,.T.);
#3581=ORIENTED_EDGE('',*,*,#2551,.T.);
#3582=ORIENTED_EDGE('',*,*,#2552,.T.);
#3583=ORIENTED_EDGE('',*,*,#2553,.T.);
#3584=ORIENTED_EDGE('',*,*,#2551,.F.);
#3585=ORIENTED_EDGE('',*,*,#2554,.F.);
#3586=ORIENTED_EDGE('',*,*,#2555,.F.);
#3587=ORIENTED_EDGE('',*,*,#2556,.F.);
#3588=ORIENTED_EDGE('',*,*,#2555,.T.);
#3589=ORIENTED_EDGE('',*,*,#2557,.F.);
#3590=ORIENTED_EDGE('',*,*,#2558,.F.);
#3591=ORIENTED_EDGE('',*,*,#2205,.T.);
#3592=ORIENTED_EDGE('',*,*,#2559,.F.);
#3593=ORIENTED_EDGE('',*,*,#2560,.F.);
#3594=ORIENTED_EDGE('',*,*,#2561,.F.);
#3595=ORIENTED_EDGE('',*,*,#2562,.T.);
#3596=ORIENTED_EDGE('',*,*,#2563,.T.);
#3597=ORIENTED_EDGE('',*,*,#2564,.T.);
#3598=ORIENTED_EDGE('',*,*,#2565,.F.);
#3599=ORIENTED_EDGE('',*,*,#2566,.F.);
#3600=ORIENTED_EDGE('',*,*,#2556,.T.);
#3601=ORIENTED_EDGE('',*,*,#2566,.T.);
#3602=ORIENTED_EDGE('',*,*,#2567,.F.);
#3603=ORIENTED_EDGE('',*,*,#2552,.F.);
#3604=ORIENTED_EDGE('',*,*,#2561,.T.);
#3605=ORIENTED_EDGE('',*,*,#2568,.T.);
#3606=ORIENTED_EDGE('',*,*,#2569,.F.);
#3607=ORIENTED_EDGE('',*,*,#2570,.T.);
#3608=ORIENTED_EDGE('',*,*,#2531,.F.);
#3609=ORIENTED_EDGE('',*,*,#2546,.T.);
#3610=ORIENTED_EDGE('',*,*,#2571,.T.);
#3611=ORIENTED_EDGE('',*,*,#2572,.T.);
#3612=ORIENTED_EDGE('',*,*,#2213,.T.);
#3613=ORIENTED_EDGE('',*,*,#2528,.T.);
#3614=ORIENTED_EDGE('',*,*,#2559,.T.);
#3615=ORIENTED_EDGE('',*,*,#2204,.T.);
#3616=ORIENTED_EDGE('',*,*,#2573,.T.);
#3617=ORIENTED_EDGE('',*,*,#2574,.T.);
#3618=ORIENTED_EDGE('',*,*,#2538,.F.);
#3619=ORIENTED_EDGE('',*,*,#2575,.T.);
#3620=ORIENTED_EDGE('',*,*,#2576,.F.);
#3621=ORIENTED_EDGE('',*,*,#2575,.F.);
#3622=ORIENTED_EDGE('',*,*,#2576,.T.);
#3623=ORIENTED_EDGE('',*,*,#2577,.T.);
#3624=ORIENTED_EDGE('',*,*,#2578,.F.);
#3625=ORIENTED_EDGE('',*,*,#2577,.F.);
#3626=ORIENTED_EDGE('',*,*,#2536,.F.);
#3627=ORIENTED_EDGE('',*,*,#2579,.F.);
#3628=ORIENTED_EDGE('',*,*,#2580,.F.);
#3629=ORIENTED_EDGE('',*,*,#2581,.F.);
#3630=ORIENTED_EDGE('',*,*,#2581,.T.);
#3631=ORIENTED_EDGE('',*,*,#2582,.F.);
#3632=ORIENTED_EDGE('',*,*,#2583,.T.);
#3633=ORIENTED_EDGE('',*,*,#2539,.T.);
#3634=ORIENTED_EDGE('',*,*,#2533,.T.);
#3635=ORIENTED_EDGE('',*,*,#2537,.T.);
#3636=ORIENTED_EDGE('',*,*,#2579,.T.);
#3637=ORIENTED_EDGE('',*,*,#2535,.T.);
#3638=ORIENTED_EDGE('',*,*,#2524,.T.);
#3639=ORIENTED_EDGE('',*,*,#2584,.F.);
#3640=ORIENTED_EDGE('',*,*,#2580,.T.);
#3641=ORIENTED_EDGE('',*,*,#2584,.T.);
#3642=ORIENTED_EDGE('',*,*,#2523,.F.);
#3643=ORIENTED_EDGE('',*,*,#2585,.T.);
#3644=ORIENTED_EDGE('',*,*,#2582,.T.);
#3645=ORIENTED_EDGE('',*,*,#2578,.T.);
#3646=ORIENTED_EDGE('',*,*,#2583,.F.);
#3647=ORIENTED_EDGE('',*,*,#2586,.T.);
#3648=ORIENTED_EDGE('',*,*,#2587,.T.);
#3649=ORIENTED_EDGE('',*,*,#2588,.T.);
#3650=ORIENTED_EDGE('',*,*,#2540,.T.);
#3651=ORIENTED_EDGE('',*,*,#2206,.T.);
#3652=ORIENTED_EDGE('',*,*,#2558,.T.);
#3653=ORIENTED_EDGE('',*,*,#2589,.F.);
#3654=ORIENTED_EDGE('',*,*,#2549,.F.);
#3655=ORIENTED_EDGE('',*,*,#2547,.T.);
#3656=ORIENTED_EDGE('',*,*,#2553,.F.);
#3657=ORIENTED_EDGE('',*,*,#2567,.T.);
#3658=ORIENTED_EDGE('',*,*,#2565,.T.);
#3659=ORIENTED_EDGE('',*,*,#2590,.T.);
#3660=ORIENTED_EDGE('',*,*,#2586,.F.);
#3661=ORIENTED_EDGE('',*,*,#2585,.F.);
#3662=ORIENTED_EDGE('',*,*,#2554,.T.);
#3663=ORIENTED_EDGE('',*,*,#2550,.F.);
#3664=ORIENTED_EDGE('',*,*,#2589,.T.);
#3665=ORIENTED_EDGE('',*,*,#2557,.T.);
#3666=ORIENTED_EDGE('',*,*,#2588,.F.);
#3667=ORIENTED_EDGE('',*,*,#2591,.T.);
#3668=ORIENTED_EDGE('',*,*,#2592,.F.);
#3669=ORIENTED_EDGE('',*,*,#2541,.F.);
#3670=ORIENTED_EDGE('',*,*,#2563,.F.);
#3671=ORIENTED_EDGE('',*,*,#2593,.F.);
#3672=ORIENTED_EDGE('',*,*,#2594,.T.);
#3673=ORIENTED_EDGE('',*,*,#2595,.T.);
#3674=ORIENTED_EDGE('',*,*,#2542,.F.);
#3675=ORIENTED_EDGE('',*,*,#2592,.T.);
#3676=ORIENTED_EDGE('',*,*,#2596,.T.);
#3677=ORIENTED_EDGE('',*,*,#2597,.F.);
#3678=ORIENTED_EDGE('',*,*,#2543,.F.);
#3679=ORIENTED_EDGE('',*,*,#2597,.T.);
#3680=ORIENTED_EDGE('',*,*,#2598,.T.);
#3681=ORIENTED_EDGE('',*,*,#2599,.F.);
#3682=ORIENTED_EDGE('',*,*,#2544,.F.);
#3683=ORIENTED_EDGE('',*,*,#2599,.T.);
#3684=ORIENTED_EDGE('',*,*,#2600,.T.);
#3685=ORIENTED_EDGE('',*,*,#2601,.F.);
#3686=ORIENTED_EDGE('',*,*,#2106,.T.);
#3687=ORIENTED_EDGE('',*,*,#2602,.T.);
#3688=ORIENTED_EDGE('',*,*,#2603,.T.);
#3689=ORIENTED_EDGE('',*,*,#2604,.F.);
#3690=ORIENTED_EDGE('',*,*,#2105,.T.);
#3691=ORIENTED_EDGE('',*,*,#2605,.T.);
#3692=ORIENTED_EDGE('',*,*,#2606,.T.);
#3693=ORIENTED_EDGE('',*,*,#2602,.F.);
#3694=ORIENTED_EDGE('',*,*,#2104,.T.);
#3695=ORIENTED_EDGE('',*,*,#2607,.T.);
#3696=ORIENTED_EDGE('',*,*,#2608,.T.);
#3697=ORIENTED_EDGE('',*,*,#2605,.F.);
#3698=ORIENTED_EDGE('',*,*,#2103,.F.);
#3699=ORIENTED_EDGE('',*,*,#2609,.T.);
#3700=ORIENTED_EDGE('',*,*,#2610,.T.);
#3701=ORIENTED_EDGE('',*,*,#2607,.F.);
#3702=ORIENTED_EDGE('',*,*,#2102,.T.);
#3703=ORIENTED_EDGE('',*,*,#2611,.T.);
#3704=ORIENTED_EDGE('',*,*,#2612,.T.);
#3705=ORIENTED_EDGE('',*,*,#2609,.F.);
#3706=ORIENTED_EDGE('',*,*,#2101,.F.);
#3707=ORIENTED_EDGE('',*,*,#2215,.T.);
#3708=ORIENTED_EDGE('',*,*,#2613,.T.);
#3709=ORIENTED_EDGE('',*,*,#2611,.F.);
#3710=ORIENTED_EDGE('',*,*,#2571,.F.);
#3711=ORIENTED_EDGE('',*,*,#2545,.F.);
#3712=ORIENTED_EDGE('',*,*,#2601,.T.);
#3713=ORIENTED_EDGE('',*,*,#2614,.T.);
#3714=ORIENTED_EDGE('',*,*,#2615,.T.);
#3715=ORIENTED_EDGE('',*,*,#2616,.T.);
#3716=ORIENTED_EDGE('',*,*,#2617,.F.);
#3717=ORIENTED_EDGE('',*,*,#2618,.T.);
#3718=ORIENTED_EDGE('',*,*,#2619,.F.);
#3719=ORIENTED_EDGE('',*,*,#2620,.F.);
#3720=ORIENTED_EDGE('',*,*,#2621,.F.);
#3721=ORIENTED_EDGE('',*,*,#2622,.T.);
#3722=ORIENTED_EDGE('',*,*,#2623,.F.);
#3723=ORIENTED_EDGE('',*,*,#2622,.F.);
#3724=ORIENTED_EDGE('',*,*,#2624,.T.);
#3725=ORIENTED_EDGE('',*,*,#2625,.F.);
#3726=ORIENTED_EDGE('',*,*,#2621,.T.);
#3727=ORIENTED_EDGE('',*,*,#2626,.T.);
#3728=ORIENTED_EDGE('',*,*,#2627,.T.);
#3729=ORIENTED_EDGE('',*,*,#2628,.T.);
#3730=ORIENTED_EDGE('',*,*,#2629,.T.);
#3731=ORIENTED_EDGE('',*,*,#2624,.F.);
#3732=ORIENTED_EDGE('',*,*,#2620,.T.);
#3733=ORIENTED_EDGE('',*,*,#2630,.T.);
#3734=ORIENTED_EDGE('',*,*,#2199,.F.);
#3735=ORIENTED_EDGE('',*,*,#2631,.F.);
#3736=ORIENTED_EDGE('',*,*,#2632,.F.);
#3737=ORIENTED_EDGE('',*,*,#2633,.T.);
#3738=ORIENTED_EDGE('',*,*,#2626,.F.);
#3739=ORIENTED_EDGE('',*,*,#2634,.F.);
#3740=ORIENTED_EDGE('',*,*,#2635,.T.);
#3741=ORIENTED_EDGE('',*,*,#2636,.T.);
#3742=ORIENTED_EDGE('',*,*,#2637,.T.);
#3743=ORIENTED_EDGE('',*,*,#2623,.T.);
#3744=ORIENTED_EDGE('',*,*,#2625,.T.);
#3745=ORIENTED_EDGE('',*,*,#2629,.F.);
#3746=ORIENTED_EDGE('',*,*,#2637,.F.);
#3747=ORIENTED_EDGE('',*,*,#2638,.T.);
#3748=ORIENTED_EDGE('',*,*,#2639,.F.);
#3749=ORIENTED_EDGE('',*,*,#2640,.T.);
#3750=ORIENTED_EDGE('',*,*,#2615,.F.);
#3751=ORIENTED_EDGE('',*,*,#2641,.F.);
#3752=ORIENTED_EDGE('',*,*,#2642,.T.);
#3753=ORIENTED_EDGE('',*,*,#2635,.F.);
#3754=ORIENTED_EDGE('',*,*,#2643,.T.);
#3755=ORIENTED_EDGE('',*,*,#2644,.F.);
#3756=ORIENTED_EDGE('',*,*,#2645,.F.);
#3757=ORIENTED_EDGE('',*,*,#2646,.F.);
#3758=ORIENTED_EDGE('',*,*,#2647,.F.);
#3759=ORIENTED_EDGE('',*,*,#2648,.F.);
#3760=ORIENTED_EDGE('',*,*,#2649,.T.);
#3761=ORIENTED_EDGE('',*,*,#2619,.T.);
#3762=ORIENTED_EDGE('',*,*,#2650,.T.);
#3763=ORIENTED_EDGE('',*,*,#2651,.T.);
#3764=ORIENTED_EDGE('',*,*,#2200,.T.);
#3765=ORIENTED_EDGE('',*,*,#2630,.F.);
#3766=ORIENTED_EDGE('',*,*,#2618,.F.);
#3767=ORIENTED_EDGE('',*,*,#2652,.F.);
#3768=ORIENTED_EDGE('',*,*,#2653,.F.);
#3769=ORIENTED_EDGE('',*,*,#2654,.F.);
#3770=ORIENTED_EDGE('',*,*,#2655,.F.);
#3771=ORIENTED_EDGE('',*,*,#2656,.F.);
#3772=ORIENTED_EDGE('',*,*,#2650,.F.);
#3773=ORIENTED_EDGE('',*,*,#2654,.T.);
#3774=ORIENTED_EDGE('',*,*,#2657,.T.);
#3775=ORIENTED_EDGE('',*,*,#2658,.T.);
#3776=ORIENTED_EDGE('',*,*,#2659,.T.);
#3777=ORIENTED_EDGE('',*,*,#2658,.F.);
#3778=ORIENTED_EDGE('',*,*,#2660,.T.);
#3779=ORIENTED_EDGE('',*,*,#2661,.T.);
#3780=ORIENTED_EDGE('',*,*,#2662,.F.);
#3781=ORIENTED_EDGE('',*,*,#2663,.F.);
#3782=ORIENTED_EDGE('',*,*,#2664,.F.);
#3783=ORIENTED_EDGE('',*,*,#2665,.T.);
#3784=ORIENTED_EDGE('',*,*,#2666,.T.);
#3785=ORIENTED_EDGE('',*,*,#2667,.T.);
#3786=ORIENTED_EDGE('',*,*,#2202,.F.);
#3787=ORIENTED_EDGE('',*,*,#2668,.T.);
#3788=ORIENTED_EDGE('',*,*,#2669,.T.);
#3789=ORIENTED_EDGE('',*,*,#2657,.F.);
#3790=ORIENTED_EDGE('',*,*,#2653,.T.);
#3791=ORIENTED_EDGE('',*,*,#2670,.T.);
#3792=ORIENTED_EDGE('',*,*,#2660,.F.);
#3793=ORIENTED_EDGE('',*,*,#2665,.F.);
#3794=ORIENTED_EDGE('',*,*,#2671,.F.);
#3795=ORIENTED_EDGE('',*,*,#2569,.T.);
#3796=ORIENTED_EDGE('',*,*,#2672,.F.);
#3797=ORIENTED_EDGE('',*,*,#2634,.T.);
#3798=ORIENTED_EDGE('',*,*,#2628,.F.);
#3799=ORIENTED_EDGE('',*,*,#2673,.F.);
#3800=ORIENTED_EDGE('',*,*,#2674,.F.);
#3801=ORIENTED_EDGE('',*,*,#2675,.F.);
#3802=ORIENTED_EDGE('',*,*,#2643,.F.);
#3803=ORIENTED_EDGE('',*,*,#2666,.F.);
#3804=ORIENTED_EDGE('',*,*,#2672,.T.);
#3805=ORIENTED_EDGE('',*,*,#2568,.F.);
#3806=ORIENTED_EDGE('',*,*,#2560,.T.);
#3807=ORIENTED_EDGE('',*,*,#2574,.F.);
#3808=ORIENTED_EDGE('',*,*,#2676,.T.);
#3809=ORIENTED_EDGE('',*,*,#2667,.F.);
#3810=ORIENTED_EDGE('',*,*,#2676,.F.);
#3811=ORIENTED_EDGE('',*,*,#2573,.F.);
#3812=ORIENTED_EDGE('',*,*,#2203,.F.);
#3813=ORIENTED_EDGE('',*,*,#2273,.T.);
#3814=ORIENTED_EDGE('',*,*,#2113,.F.);
#3815=ORIENTED_EDGE('',*,*,#2677,.T.);
#3816=ORIENTED_EDGE('',*,*,#2678,.F.);
#3817=ORIENTED_EDGE('',*,*,#2673,.T.);
#3818=ORIENTED_EDGE('',*,*,#2627,.F.);
#3819=ORIENTED_EDGE('',*,*,#2633,.F.);
#3820=ORIENTED_EDGE('',*,*,#2679,.F.);
#3821=ORIENTED_EDGE('',*,*,#2679,.T.);
#3822=ORIENTED_EDGE('',*,*,#2632,.T.);
#3823=ORIENTED_EDGE('',*,*,#2680,.T.);
#3824=ORIENTED_EDGE('',*,*,#2270,.F.);
#3825=ORIENTED_EDGE('',*,*,#2681,.F.);
#3826=ORIENTED_EDGE('',*,*,#2275,.T.);
#3827=ORIENTED_EDGE('',*,*,#2274,.T.);
#3828=ORIENTED_EDGE('',*,*,#2268,.T.);
#3829=ORIENTED_EDGE('',*,*,#2680,.F.);
#3830=ORIENTED_EDGE('',*,*,#2631,.T.);
#3831=ORIENTED_EDGE('',*,*,#2198,.T.);
#3832=ORIENTED_EDGE('',*,*,#2671,.T.);
#3833=ORIENTED_EDGE('',*,*,#2664,.T.);
#3834=ORIENTED_EDGE('',*,*,#2682,.F.);
#3835=ORIENTED_EDGE('',*,*,#2683,.F.);
#3836=ORIENTED_EDGE('',*,*,#2593,.T.);
#3837=ORIENTED_EDGE('',*,*,#2562,.F.);
#3838=ORIENTED_EDGE('',*,*,#2570,.F.);
#3839=ORIENTED_EDGE('',*,*,#2269,.T.);
#3840=ORIENTED_EDGE('',*,*,#2196,.F.);
#3841=ORIENTED_EDGE('',*,*,#2460,.T.);
#3842=ORIENTED_EDGE('',*,*,#2439,.F.);
#3843=ORIENTED_EDGE('',*,*,#2276,.T.);
#3844=ORIENTED_EDGE('',*,*,#2681,.T.);
#3845=ORIENTED_EDGE('',*,*,#2509,.T.);
#3846=ORIENTED_EDGE('',*,*,#2471,.T.);
#3847=ORIENTED_EDGE('',*,*,#2465,.T.);
#3848=ORIENTED_EDGE('',*,*,#2081,.F.);
#3849=ORIENTED_EDGE('',*,*,#2085,.F.);
#3850=ORIENTED_EDGE('',*,*,#2464,.T.);
#3851=ORIENTED_EDGE('',*,*,#2473,.T.);
#3852=ORIENTED_EDGE('',*,*,#2475,.T.);
#3853=ORIENTED_EDGE('',*,*,#2477,.T.);
#3854=ORIENTED_EDGE('',*,*,#2479,.T.);
#3855=ORIENTED_EDGE('',*,*,#2481,.T.);
#3856=ORIENTED_EDGE('',*,*,#2483,.T.);
#3857=ORIENTED_EDGE('',*,*,#2485,.T.);
#3858=ORIENTED_EDGE('',*,*,#2487,.T.);
#3859=ORIENTED_EDGE('',*,*,#2489,.T.);
#3860=ORIENTED_EDGE('',*,*,#2091,.F.);
#3861=ORIENTED_EDGE('',*,*,#2088,.F.);
#3862=ORIENTED_EDGE('',*,*,#2492,.T.);
#3863=ORIENTED_EDGE('',*,*,#2493,.T.);
#3864=ORIENTED_EDGE('',*,*,#2495,.T.);
#3865=ORIENTED_EDGE('',*,*,#2497,.T.);
#3866=ORIENTED_EDGE('',*,*,#2498,.T.);
#3867=ORIENTED_EDGE('',*,*,#2500,.T.);
#3868=ORIENTED_EDGE('',*,*,#2502,.T.);
#3869=ORIENTED_EDGE('',*,*,#2504,.T.);
#3870=ORIENTED_EDGE('',*,*,#2506,.T.);
#3871=ORIENTED_EDGE('',*,*,#2508,.T.);
#3872=ORIENTED_EDGE('',*,*,#2449,.T.);
#3873=ORIENTED_EDGE('',*,*,#2455,.T.);
#3874=ORIENTED_EDGE('',*,*,#2453,.T.);
#3875=ORIENTED_EDGE('',*,*,#2451,.T.);
#3876=ORIENTED_EDGE('',*,*,#2641,.T.);
#3877=ORIENTED_EDGE('',*,*,#2684,.T.);
#3878=ORIENTED_EDGE('',*,*,#2685,.T.);
#3879=ORIENTED_EDGE('',*,*,#2684,.F.);
#3880=ORIENTED_EDGE('',*,*,#2685,.F.);
#3881=ORIENTED_EDGE('',*,*,#2686,.T.);
#3882=ORIENTED_EDGE('',*,*,#2687,.T.);
#3883=ORIENTED_EDGE('',*,*,#2686,.F.);
#3884=ORIENTED_EDGE('',*,*,#2639,.T.);
#3885=ORIENTED_EDGE('',*,*,#2688,.T.);
#3886=ORIENTED_EDGE('',*,*,#2689,.T.);
#3887=ORIENTED_EDGE('',*,*,#2690,.T.);
#3888=ORIENTED_EDGE('',*,*,#2688,.F.);
#3889=ORIENTED_EDGE('',*,*,#2638,.F.);
#3890=ORIENTED_EDGE('',*,*,#2636,.F.);
#3891=ORIENTED_EDGE('',*,*,#2642,.F.);
#3892=ORIENTED_EDGE('',*,*,#2691,.F.);
#3893=ORIENTED_EDGE('',*,*,#2692,.T.);
#3894=ORIENTED_EDGE('',*,*,#2690,.F.);
#3895=ORIENTED_EDGE('',*,*,#2693,.T.);
#3896=ORIENTED_EDGE('',*,*,#2616,.F.);
#3897=ORIENTED_EDGE('',*,*,#2640,.F.);
#3898=ORIENTED_EDGE('',*,*,#2689,.F.);
#3899=ORIENTED_EDGE('',*,*,#2692,.F.);
#3900=ORIENTED_EDGE('',*,*,#2694,.F.);
#3901=ORIENTED_EDGE('',*,*,#2617,.T.);
#3902=ORIENTED_EDGE('',*,*,#2693,.F.);
#3903=ORIENTED_EDGE('',*,*,#2687,.F.);
#3904=ORIENTED_EDGE('',*,*,#2691,.T.);
#3905=ORIENTED_EDGE('',*,*,#2649,.F.);
#3906=ORIENTED_EDGE('',*,*,#2695,.F.);
#3907=ORIENTED_EDGE('',*,*,#2696,.F.);
#3908=ORIENTED_EDGE('',*,*,#2697,.F.);
#3909=ORIENTED_EDGE('',*,*,#2201,.F.);
#3910=ORIENTED_EDGE('',*,*,#2651,.F.);
#3911=ORIENTED_EDGE('',*,*,#2656,.T.);
#3912=ORIENTED_EDGE('',*,*,#2698,.T.);
#3913=ORIENTED_EDGE('',*,*,#2668,.F.);
#3914=ORIENTED_EDGE('',*,*,#2652,.T.);
#3915=ORIENTED_EDGE('',*,*,#2694,.T.);
#3916=ORIENTED_EDGE('',*,*,#2697,.T.);
#3917=ORIENTED_EDGE('',*,*,#2699,.F.);
#3918=ORIENTED_EDGE('',*,*,#2661,.F.);
#3919=ORIENTED_EDGE('',*,*,#2670,.F.);
#3920=ORIENTED_EDGE('',*,*,#2659,.F.);
#3921=ORIENTED_EDGE('',*,*,#2669,.F.);
#3922=ORIENTED_EDGE('',*,*,#2698,.F.);
#3923=ORIENTED_EDGE('',*,*,#2655,.T.);
#3924=ORIENTED_EDGE('',*,*,#2674,.T.);
#3925=ORIENTED_EDGE('',*,*,#2678,.T.);
#3926=ORIENTED_EDGE('',*,*,#2700,.T.);
#3927=ORIENTED_EDGE('',*,*,#2701,.T.);
#3928=ORIENTED_EDGE('',*,*,#2702,.T.);
#3929=ORIENTED_EDGE('',*,*,#2703,.T.);
#3930=ORIENTED_EDGE('',*,*,#2704,.T.);
#3931=ORIENTED_EDGE('',*,*,#2705,.T.);
#3932=ORIENTED_EDGE('',*,*,#2603,.F.);
#3933=ORIENTED_EDGE('',*,*,#2606,.F.);
#3934=ORIENTED_EDGE('',*,*,#2608,.F.);
#3935=ORIENTED_EDGE('',*,*,#2610,.F.);
#3936=ORIENTED_EDGE('',*,*,#2612,.F.);
#3937=ORIENTED_EDGE('',*,*,#2613,.F.);
#3938=ORIENTED_EDGE('',*,*,#2214,.F.);
#3939=ORIENTED_EDGE('',*,*,#2572,.F.);
#3940=ORIENTED_EDGE('',*,*,#2614,.F.);
#3941=ORIENTED_EDGE('',*,*,#2600,.F.);
#3942=ORIENTED_EDGE('',*,*,#2598,.F.);
#3943=ORIENTED_EDGE('',*,*,#2596,.F.);
#3944=ORIENTED_EDGE('',*,*,#2591,.F.);
#3945=ORIENTED_EDGE('',*,*,#2587,.F.);
#3946=ORIENTED_EDGE('',*,*,#2590,.F.);
#3947=ORIENTED_EDGE('',*,*,#2564,.F.);
#3948=ORIENTED_EDGE('',*,*,#2595,.F.);
#3949=ORIENTED_EDGE('',*,*,#2706,.F.);
#3950=ORIENTED_EDGE('',*,*,#2707,.T.);
#3951=ORIENTED_EDGE('',*,*,#2662,.T.);
#3952=ORIENTED_EDGE('',*,*,#2699,.T.);
#3953=ORIENTED_EDGE('',*,*,#2696,.T.);
#3954=ORIENTED_EDGE('',*,*,#2708,.T.);
#3955=ORIENTED_EDGE('',*,*,#2709,.T.);
#3956=ORIENTED_EDGE('',*,*,#2710,.T.);
#3957=ORIENTED_EDGE('',*,*,#2711,.T.);
#3958=ORIENTED_EDGE('',*,*,#2712,.T.);
#3959=ORIENTED_EDGE('',*,*,#2695,.T.);
#3960=ORIENTED_EDGE('',*,*,#2648,.T.);
#3961=ORIENTED_EDGE('',*,*,#2713,.T.);
#3962=ORIENTED_EDGE('',*,*,#2708,.F.);
#3963=ORIENTED_EDGE('',*,*,#2683,.T.);
#3964=ORIENTED_EDGE('',*,*,#2714,.T.);
#3965=ORIENTED_EDGE('',*,*,#2706,.T.);
#3966=ORIENTED_EDGE('',*,*,#2594,.F.);
#3967=ORIENTED_EDGE('',*,*,#2663,.T.);
#3968=ORIENTED_EDGE('',*,*,#2707,.F.);
#3969=ORIENTED_EDGE('',*,*,#2714,.F.);
#3970=ORIENTED_EDGE('',*,*,#2682,.T.);
#3971=ORIENTED_EDGE('',*,*,#2647,.T.);
#3972=ORIENTED_EDGE('',*,*,#2715,.T.);
#3973=ORIENTED_EDGE('',*,*,#2709,.F.);
#3974=ORIENTED_EDGE('',*,*,#2713,.F.);
#3975=ORIENTED_EDGE('',*,*,#2646,.T.);
#3976=ORIENTED_EDGE('',*,*,#2716,.T.);
#3977=ORIENTED_EDGE('',*,*,#2710,.F.);
#3978=ORIENTED_EDGE('',*,*,#2715,.F.);
#3979=ORIENTED_EDGE('',*,*,#2645,.T.);
#3980=ORIENTED_EDGE('',*,*,#2717,.T.);
#3981=ORIENTED_EDGE('',*,*,#2711,.F.);
#3982=ORIENTED_EDGE('',*,*,#2716,.F.);
#3983=ORIENTED_EDGE('',*,*,#2107,.F.);
#3984=ORIENTED_EDGE('',*,*,#2604,.T.);
#3985=ORIENTED_EDGE('',*,*,#2705,.F.);
#3986=ORIENTED_EDGE('',*,*,#2718,.F.);
#3987=ORIENTED_EDGE('',*,*,#2108,.F.);
#3988=ORIENTED_EDGE('',*,*,#2718,.T.);
#3989=ORIENTED_EDGE('',*,*,#2704,.F.);
#3990=ORIENTED_EDGE('',*,*,#2719,.F.);
#3991=ORIENTED_EDGE('',*,*,#2109,.F.);
#3992=ORIENTED_EDGE('',*,*,#2719,.T.);
#3993=ORIENTED_EDGE('',*,*,#2703,.F.);
#3994=ORIENTED_EDGE('',*,*,#2720,.F.);
#3995=ORIENTED_EDGE('',*,*,#2110,.T.);
#3996=ORIENTED_EDGE('',*,*,#2720,.T.);
#3997=ORIENTED_EDGE('',*,*,#2702,.F.);
#3998=ORIENTED_EDGE('',*,*,#2721,.F.);
#3999=ORIENTED_EDGE('',*,*,#2111,.F.);
#4000=ORIENTED_EDGE('',*,*,#2721,.T.);
#4001=ORIENTED_EDGE('',*,*,#2701,.F.);
#4002=ORIENTED_EDGE('',*,*,#2722,.F.);
#4003=ORIENTED_EDGE('',*,*,#2112,.T.);
#4004=ORIENTED_EDGE('',*,*,#2722,.T.);
#4005=ORIENTED_EDGE('',*,*,#2700,.F.);
#4006=ORIENTED_EDGE('',*,*,#2677,.F.);
#4007=ORIENTED_EDGE('',*,*,#2675,.T.);
#4008=ORIENTED_EDGE('',*,*,#2712,.F.);
#4009=ORIENTED_EDGE('',*,*,#2717,.F.);
#4010=ORIENTED_EDGE('',*,*,#2644,.T.);
#4011=B_SPLINE_SURFACE_WITH_KNOTS('',3,1,((#5242,#5243),(#5244,#5245),(#5246,
#5247),(#5248,#5249),(#5250,#5251),(#5252,#5253)),.UNSPECIFIED.,.F.,.F.,
 .F.,(4,2,4),(2,2),(-3.96216394053329,-2.60197449624767,-1.24749882369959),
(0.,0.07),.UNSPECIFIED.);
#4012=B_SPLINE_SURFACE_WITH_KNOTS('',3,1,((#5279,#5280),(#5281,#5282),(#5283,
#5284),(#5285,#5286),(#5287,#5288),(#5289,#5290),(#5291,#5292),(#5293,#5294)),
 .UNSPECIFIED.,.F.,.F.,.F.,(4,2,2,4),(2,2),(-0.708062556144321,-0.698843902919224,
-0.462607432783008,0.),(0.,0.07),.UNSPECIFIED.);
#4013=B_SPLINE_SURFACE_WITH_KNOTS('',3,1,((#5323,#5324),(#5325,#5326),(#5327,
#5328),(#5329,#5330),(#5331,#5332),(#5333,#5334)),.UNSPECIFIED.,.F.,.F.,
 .F.,(4,2,4),(2,2),(-0.687853177301591,-0.462607432784599,0.),(0.,0.07),
 .UNSPECIFIED.);
#4014=B_SPLINE_SURFACE_WITH_KNOTS('',3,1,((#5360,#5361),(#5362,#5363),(#5364,
#5365),(#5366,#5367),(#5368,#5369),(#5370,#5371),(#5372,#5373),(#5374,#5375)),
 .UNSPECIFIED.,.F.,.F.,.F.,(4,2,2,4),(2,2),(-3.96216394053097,-2.60197449624636,
-1.246273087978,-1.10422714160207),(0.,0.07),.UNSPECIFIED.);
#4015=B_SPLINE_SURFACE_WITH_KNOTS('',3,3,((#5404,#5405,#5406,#5407),(#5408,
#5409,#5410,#5411),(#5412,#5413,#5414,#5415),(#5416,#5417,#5418,#5419)),
 .UNSPECIFIED.,.F.,.F.,.F.,(4,4),(4,4),(0.,1.),(-0.177176261941644,-1.02459973919214E-17),
 .UNSPECIFIED.);
#4016=B_SPLINE_SURFACE_WITH_KNOTS('',3,3,((#6146,#6147,#6148,#6149),(#6150,
#6151,#6152,#6153),(#6154,#6155,#6156,#6157),(#6158,#6159,#6160,#6161)),
 .UNSPECIFIED.,.F.,.F.,.F.,(4,4),(4,4),(0.,1.),(-0.15,0.0285334346436327),
 .UNSPECIFIED.);
#4017=B_SPLINE_SURFACE_WITH_KNOTS('',3,3,((#6293,#6294,#6295,#6296,#6297,
#6298,#6299,#6300,#6301,#6302,#6303,#6304,#6305,#6306,#6307,#6308,#6309,
#6310,#6311,#6312,#6313,#6314,#6315,#6316),(#6317,#6318,#6319,#6320,#6321,
#6322,#6323,#6324,#6325,#6326,#6327,#6328,#6329,#6330,#6331,#6332,#6333,
#6334,#6335,#6336,#6337,#6338,#6339,#6340),(#6341,#6342,#6343,#6344,#6345,
#6346,#6347,#6348,#6349,#6350,#6351,#6352,#6353,#6354,#6355,#6356,#6357,
#6358,#6359,#6360,#6361,#6362,#6363,#6364),(#6365,#6366,#6367,#6368,#6369,
#6370,#6371,#6372,#6373,#6374,#6375,#6376,#6377,#6378,#6379,#6380,#6381,
#6382,#6383,#6384,#6385,#6386,#6387,#6388)),.UNSPECIFIED.,.F.,.F.,.F.,(4,
4),(4,2,3,1,1,1,3,3,2,1,1,1,1,4),(0.,1.),(2.92154274111596,2.92362273412612,
2.92528643243864,3.16327974228493,3.40127305213122,3.63926636197751,3.75826301690066,
3.7678046114355,3.90462866797576,4.15366940819175,4.27818977829975,4.40271014840774,
4.46497033346174,4.52723051851574),.UNSPECIFIED.);
#4018=B_SPLINE_SURFACE_WITH_KNOTS('',3,3,((#6454,#6455,#6456,#6457),(#6458,
#6459,#6460,#6461),(#6462,#6463,#6464,#6465),(#6466,#6467,#6468,#6469)),
 .UNSPECIFIED.,.F.,.F.,.F.,(4,4),(4,4),(0.,1.),(5.85154286962086E-17,0.150000000000001),
 .UNSPECIFIED.);
#4019=B_SPLINE_SURFACE_WITH_KNOTS('',3,1,((#6484,#6485),(#6486,#6487),(#6488,
#6489),(#6490,#6491),(#6492,#6493),(#6494,#6495),(#6496,#6497),(#6498,#6499),
(#6500,#6501),(#6502,#6503),(#6504,#6505),(#6506,#6507),(#6508,#6509),(#6510,
#6511),(#6512,#6513),(#6514,#6515),(#6516,#6517),(#6518,#6519),(#6520,#6521)),
 .UNSPECIFIED.,.F.,.F.,.F.,(4,3,3,3,3,3,4),(2,2),(2.92223631886544,2.92362273412606,
2.92528643243864,3.75826301690066,3.90530797329374,4.648568920407,4.69300580790816),
(0.,0.5),.UNSPECIFIED.);
#4020=B_SPLINE_SURFACE_WITH_KNOTS('',3,3,((#6555,#6556,#6557,#6558),(#6559,
#6560,#6561,#6562),(#6563,#6564,#6565,#6566),(#6567,#6568,#6569,#6570)),
 .UNSPECIFIED.,.F.,.F.,.F.,(4,4),(4,4),(0.,1.),(-3.34041865890878E-18,0.150000000000001),
 .UNSPECIFIED.);
#4021=B_SPLINE_SURFACE_WITH_KNOTS('',3,1,((#6575,#6576),(#6577,#6578),(#6579,
#6580),(#6581,#6582),(#6583,#6584),(#6585,#6586),(#6587,#6588),(#6589,#6590),
(#6591,#6592),(#6593,#6594)),.UNSPECIFIED.,.F.,.F.,.F.,(4,3,3,4),(2,2),
(-4.07458157878065,-3.90530797329374,-3.75826301690066,-3.34124698844152),
(0.,0.07),.UNSPECIFIED.);
#4022=B_SPLINE_SURFACE_WITH_KNOTS('',3,1,((#6612,#6613),(#6614,#6615),(#6616,
#6617),(#6618,#6619),(#6620,#6621),(#6622,#6623),(#6624,#6625),(#6626,#6627),
(#6628,#6629),(#6630,#6631),(#6632,#6633),(#6634,#6635),(#6636,#6637),(#6638,
#6639),(#6640,#6641),(#6642,#6643)),.UNSPECIFIED.,.F.,.F.,.F.,(4,3,3,3,
3,4),(2,2),(0.148122365742422,0.25,0.409899784001196,0.593320489300225,
0.770912561054079,1.),(0.,0.07),.UNSPECIFIED.);
#4023=B_SPLINE_SURFACE_WITH_KNOTS('',3,1,((#6663,#6664),(#6665,#6666),(#6667,
#6668),(#6669,#6670),(#6671,#6672),(#6673,#6674),(#6675,#6676),(#6677,#6678),
(#6679,#6680),(#6681,#6682),(#6683,#6684),(#6685,#6686),(#6687,#6688),(#6689,
#6690),(#6691,#6692),(#6693,#6694)),.UNSPECIFIED.,.F.,.F.,.F.,(4,3,3,3,
3,4),(2,2),(0.148122365742422,0.25,0.409899784001196,0.593320489300225,
0.770912561054079,1.),(0.,0.07),.UNSPECIFIED.);
#4024=B_SPLINE_SURFACE_WITH_KNOTS('',3,1,((#7349,#7350),(#7351,#7352),(#7353,
#7354),(#7355,#7356),(#7357,#7358),(#7359,#7360),(#7361,#7362),(#7363,#7364),
(#7365,#7366),(#7367,#7368)),.UNSPECIFIED.,.F.,.F.,.F.,(4,3,3,4),(2,2),
(0.,0.497793525140066,0.67989566263579,0.680088274841024),(0.,0.5),
 .UNSPECIFIED.);
#4025=B_SPLINE_SURFACE_WITH_KNOTS('',3,1,((#7372,#7373),(#7374,#7375),(#7376,
#7377),(#7378,#7379),(#7380,#7381),(#7382,#7383),(#7384,#7385),(#7386,#7387),
(#7388,#7389),(#7390,#7391),(#7392,#7393),(#7394,#7395),(#7396,#7397),(#7398,
#7399),(#7400,#7401),(#7402,#7403),(#7404,#7405),(#7406,#7407),(#7408,#7409),
(#7410,#7411),(#7412,#7413),(#7414,#7415)),.UNSPECIFIED.,.F.,.F.,.F.,(4,
3,3,3,3,3,3,4),(2,2),(0.797045114465077,0.797247072605041,1.08674593025653,
1.37649283232768,2.40040460947817,2.74162235484131,2.74315151630632,2.74442581752675),
(0.,0.5),.UNSPECIFIED.);
#4026=B_SPLINE_SURFACE_WITH_KNOTS('',3,3,((#7416,#7417,#7418,#7419,#7420,
#7421,#7422,#7423,#7424),(#7425,#7426,#7427,#7428,#7429,#7430,#7431,#7432,
#7433),(#7434,#7435,#7436,#7437,#7438,#7439,#7440,#7441,#7442),(#7443,#7444,
#7445,#7446,#7447,#7448,#7449,#7450,#7451)),.UNSPECIFIED.,.F.,.F.,.F.,(4,
4),(4,3,2,4),(0.466666666666662,1.),(-5.48649430529655E-15,0.679664527990032,
0.679895662636132,0.680049753765604),.UNSPECIFIED.);
#4027=B_SPLINE_SURFACE_WITH_KNOTS('',3,3,((#7463,#7464,#7465,#7466,#7467,
#7468,#7469,#7470,#7471,#7472,#7473,#7474,#7475,#7476,#7477,#7478,#7479,
#7480,#7481,#7482,#7483,#7484,#7485),(#7486,#7487,#7488,#7489,#7490,#7491,
#7492,#7493,#7494,#7495,#7496,#7497,#7498,#7499,#7500,#7501,#7502,#7503,
#7504,#7505,#7506,#7507,#7508),(#7509,#7510,#7511,#7512,#7513,#7514,#7515,
#7516,#7517,#7518,#7519,#7520,#7521,#7522,#7523,#7524,#7525,#7526,#7527,
#7528,#7529,#7530,#7531),(#7532,#7533,#7534,#7535,#7536,#7537,#7538,#7539,
#7540,#7541,#7542,#7543,#7544,#7545,#7546,#7547,#7548,#7549,#7550,#7551,
#7552,#7553,#7554)),.UNSPECIFIED.,.F.,.F.,.F.,(4,4),(4,2,3,1,1,1,3,2,2,
1,1,1,1,4),(0.466660461862505,1.),(2.92251360191761,2.92362273412596,2.92528643243863,
3.13799808695323,3.35070974146782,3.45706556872512,3.66977722323972,3.75793686272899,
3.90329734523398,4.1181304922114,4.22554706570011,4.33296363918883,4.38667192593318,
4.44038021267754),.UNSPECIFIED.);
#4028=B_SPLINE_SURFACE_WITH_KNOTS('',3,3,((#7599,#7600,#7601,#7602,#7603,
#7604,#7605,#7606,#7607,#7608,#7609,#7610,#7611,#7612,#7613,#7614,#7615,
#7616,#7617,#7618),(#7619,#7620,#7621,#7622,#7623,#7624,#7625,#7626,#7627,
#7628,#7629,#7630,#7631,#7632,#7633,#7634,#7635,#7636,#7637,#7638),(#7639,
#7640,#7641,#7642,#7643,#7644,#7645,#7646,#7647,#7648,#7649,#7650,#7651,
#7652,#7653,#7654,#7655,#7656,#7657,#7658),(#7659,#7660,#7661,#7662,#7663,
#7664,#7665,#7666,#7667,#7668,#7669,#7670,#7671,#7672,#7673,#7674,#7675,
#7676,#7677,#7678)),.UNSPECIFIED.,.F.,.F.,.F.,(4,4),(4,2,3,3,3,3,2,4),(0.46666664245149,
1.),(0.797085507595132,0.797247072605293,0.797489422373523,1.37649283232768,
2.40040460947817,2.74162235484131,2.74315151630599,2.7441709572829),
 .UNSPECIFIED.);
#4029=B_SPLINE_SURFACE_WITH_KNOTS('',3,1,((#7695,#7696),(#7697,#7698),(#7699,
#7700),(#7701,#7702),(#7703,#7704),(#7705,#7706),(#7707,#7708),(#7709,#7710),
(#7711,#7712),(#7713,#7714),(#7715,#7716),(#7717,#7718),(#7719,#7720),(#7721,
#7722),(#7723,#7724),(#7725,#7726)),.UNSPECIFIED.,.F.,.F.,.F.,(4,3,3,3,
3,4),(2,2),(0.148122365742422,0.25,0.409899784001196,0.593320489300225,
0.770912561054079,1.),(0.,0.07),.UNSPECIFIED.);
#4030=B_SPLINE_SURFACE_WITH_KNOTS('',3,1,((#7751,#7752),(#7753,#7754),(#7755,
#7756),(#7757,#7758),(#7759,#7760),(#7761,#7762),(#7763,#7764),(#7765,#7766),
(#7767,#7768),(#7769,#7770),(#7771,#7772),(#7773,#7774),(#7775,#7776),(#7777,
#7778),(#7779,#7780),(#7781,#7782)),.UNSPECIFIED.,.F.,.F.,.F.,(4,3,3,3,
3,4),(2,2),(0.148122365742422,0.25,0.409899784001196,0.593320489300225,
0.770912561054079,1.),(0.,0.07),.UNSPECIFIED.);
#4031=B_SPLINE_SURFACE_WITH_KNOTS('',3,1,((#7807,#7808),(#7809,#7810),(#7811,
#7812),(#7813,#7814),(#7815,#7816),(#7817,#7818),(#7819,#7820),(#7821,#7822),
(#7823,#7824),(#7825,#7826)),.UNSPECIFIED.,.F.,.F.,.F.,(4,3,3,4),(2,2),
(-4.07458157878065,-3.90530797329374,-3.75826301690066,-3.34124698844152),
(0.,0.07),.UNSPECIFIED.);
#4032=B_SPLINE_SURFACE_WITH_KNOTS('',3,1,((#8034,#8035),(#8036,#8037),(#8038,
#8039),(#8040,#8041),(#8042,#8043),(#8044,#8045),(#8046,#8047),(#8048,#8049),
(#8050,#8051),(#8052,#8053),(#8054,#8055),(#8056,#8057),(#8058,#8059),(#8060,
#8061),(#8062,#8063),(#8064,#8065),(#8066,#8067),(#8068,#8069),(#8070,#8071),
(#8072,#8073),(#8074,#8075),(#8076,#8077)),.UNSPECIFIED.,.F.,.F.,.F.,(4,
3,3,3,3,3,3,4),(2,2),(-2.74442581752675,-2.74315151630632,-2.74162235484131,
-2.40040460947817,-1.37649283232768,-1.08674593025653,-0.797247072605041,
-0.797045114465077),(0.,0.5),.UNSPECIFIED.);
#4033=B_SPLINE_SURFACE_WITH_KNOTS('',3,1,((#8081,#8082),(#8083,#8084),(#8085,
#8086),(#8087,#8088),(#8089,#8090),(#8091,#8092),(#8093,#8094),(#8095,#8096),
(#8097,#8098),(#8099,#8100),(#8101,#8102),(#8103,#8104),(#8105,#8106),(#8107,
#8108),(#8109,#8110),(#8111,#8112),(#8113,#8114),(#8115,#8116),(#8117,#8118)),
 .UNSPECIFIED.,.F.,.F.,.F.,(4,3,3,3,3,3,4),(2,2),(-4.69300580790816,-4.648568920407,
-3.90530797329374,-3.75826301690066,-2.92528643243864,-2.92362273412606,
-2.92223631886544),(0.,0.5),.UNSPECIFIED.);
#4034=B_SPLINE_SURFACE_WITH_KNOTS('',3,1,((#8119,#8120),(#8121,#8122),(#8123,
#8124),(#8125,#8126),(#8127,#8128),(#8129,#8130),(#8131,#8132),(#8133,#8134),
(#8135,#8136),(#8137,#8138)),.UNSPECIFIED.,.F.,.F.,.F.,(4,3,3,4),(2,2),
(-0.680088274841024,-0.67989566263579,-0.497793525140066,0.),(0.,0.5),
 .UNSPECIFIED.);
#4035=B_SPLINE_SURFACE_WITH_KNOTS('',3,3,((#8139,#8140,#8141,#8142,#8143,
#8144,#8145,#8146,#8147),(#8148,#8149,#8150,#8151,#8152,#8153,#8154,#8155,
#8156),(#8157,#8158,#8159,#8160,#8161,#8162,#8163,#8164,#8165),(#8166,#8167,
#8168,#8169,#8170,#8171,#8172,#8173,#8174)),.UNSPECIFIED.,.F.,.F.,.F.,(4,
4),(4,2,3,4),(0.466666666666665,1.),(-0.68004975103436,-0.67989566263579,
-0.679664527990027,5.0440416322965E-15),.UNSPECIFIED.);
#4036=B_SPLINE_SURFACE_WITH_KNOTS('',3,3,((#8191,#8192,#8193,#8194,#8195,
#8196,#8197,#8198,#8199,#8200,#8201,#8202,#8203,#8204,#8205,#8206,#8207,
#8208,#8209,#8210),(#8211,#8212,#8213,#8214,#8215,#8216,#8217,#8218,#8219,
#8220,#8221,#8222,#8223,#8224,#8225,#8226,#8227,#8228,#8229,#8230),(#8231,
#8232,#8233,#8234,#8235,#8236,#8237,#8238,#8239,#8240,#8241,#8242,#8243,
#8244,#8245,#8246,#8247,#8248,#8249,#8250),(#8251,#8252,#8253,#8254,#8255,
#8256,#8257,#8258,#8259,#8260,#8261,#8262,#8263,#8264,#8265,#8266,#8267,
#8268,#8269,#8270)),.UNSPECIFIED.,.F.,.F.,.F.,(4,4),(4,2,3,3,3,3,2,4),(0.466666642451475,
1.),(-2.74417095728281,-2.74315151630632,-2.74162235484131,-2.40040460947817,
-1.37649283232768,-0.797489422373526,-0.797247072605041,-0.797085504589624),
 .UNSPECIFIED.);
#4037=B_SPLINE_SURFACE_WITH_KNOTS('',3,3,((#8303,#8304,#8305,#8306,#8307,
#8308,#8309,#8310,#8311,#8312,#8313,#8314,#8315,#8316,#8317,#8318,#8319,
#8320,#8321,#8322,#8323,#8324,#8325),(#8326,#8327,#8328,#8329,#8330,#8331,
#8332,#8333,#8334,#8335,#8336,#8337,#8338,#8339,#8340,#8341,#8342,#8343,
#8344,#8345,#8346,#8347,#8348),(#8349,#8350,#8351,#8352,#8353,#8354,#8355,
#8356,#8357,#8358,#8359,#8360,#8361,#8362,#8363,#8364,#8365,#8366,#8367,
#8368,#8369,#8370,#8371),(#8372,#8373,#8374,#8375,#8376,#8377,#8378,#8379,
#8380,#8381,#8382,#8383,#8384,#8385,#8386,#8387,#8388,#8389,#8390,#8391,
#8392,#8393,#8394)),.UNSPECIFIED.,.F.,.F.,.F.,(4,4),(4,1,1,1,1,2,2,3,1,
1,1,3,2,4),(0.466656939920382,1.),(-4.44038021267756,-4.3866719259332,-4.33296363918884,
-4.22554706570012,-4.11813049221141,-3.90329734523398,-3.75793686272899,
-3.66977722323972,-3.45706556872513,-3.35070974146783,-3.13799808695323,
-2.92528643243864,-2.92362273412606,-2.92251360191754),.UNSPECIFIED.);
#4038=B_SPLINE_SURFACE_WITH_KNOTS('',3,1,((#8608,#8609),(#8610,#8611),(#8612,
#8613),(#8614,#8615),(#8616,#8617),(#8618,#8619),(#8620,#8621),(#8622,#8623),
(#8624,#8625),(#8626,#8627),(#8628,#8629),(#8630,#8631),(#8632,#8633)),
 .UNSPECIFIED.,.F.,.F.,.F.,(4,3,3,3,4),(2,2),(0.797489422373522,1.37649283232768,
2.40040460947817,2.74162235484131,3.10000666929177),(-0.192000000000001,
0.288000000000001),.UNSPECIFIED.);
#4039=B_SPLINE_SURFACE_WITH_KNOTS('',3,1,((#8668,#8669),(#8670,#8671),(#8672,
#8673),(#8674,#8675),(#8676,#8677),(#8678,#8679),(#8680,#8681)),
 .UNSPECIFIED.,.F.,.F.,.F.,(4,3,4),(2,2),(0.0629168276505347,0.0862543977645466,
0.679664527990031),(0.,0.08),.UNSPECIFIED.);
#4040=B_SPLINE_SURFACE_WITH_KNOTS('',3,1,((#8705,#8706),(#8707,#8708),(#8709,
#8710),(#8711,#8712),(#8713,#8714),(#8715,#8716),(#8717,#8718)),
 .UNSPECIFIED.,.F.,.F.,.F.,(4,3,4),(2,2),(-0.679664527990027,-0.0862543977645506,
-0.0629168276505382),(0.,0.08),.UNSPECIFIED.);
#4041=B_SPLINE_SURFACE_WITH_KNOTS('',3,1,((#8742,#8743),(#8744,#8745),(#8746,
#8747),(#8748,#8749),(#8750,#8751),(#8752,#8753),(#8754,#8755),(#8756,#8757),
(#8758,#8759),(#8760,#8761),(#8762,#8763),(#8764,#8765),(#8766,#8767)),
 .UNSPECIFIED.,.F.,.F.,.F.,(4,3,3,3,4),(2,2),(-3.1000020687381,-2.74162235484131,
-2.40040460947817,-1.37649283232768,-0.797489422373525),(-0.192000000000002,
0.288000000000001),.UNSPECIFIED.);
#4042=B_SPLINE_SURFACE_WITH_KNOTS('',3,1,((#9047,#9048),(#9049,#9050),(#9051,
#9052),(#9053,#9054),(#9055,#9056),(#9057,#9058),(#9059,#9060),(#9061,#9062),
(#9063,#9064),(#9065,#9066),(#9067,#9068),(#9069,#9070),(#9071,#9072)),
 .UNSPECIFIED.,.F.,.F.,.F.,(4,3,3,3,4),(2,2),(0.797489422373523,1.37649283232768,
2.40040460947817,2.74162235484131,3.10004845645537),(-0.208000000000001,
0.272000000000001),.UNSPECIFIED.);
#4043=B_SPLINE_SURFACE_WITH_KNOTS('',3,1,((#9089,#9090),(#9091,#9092),(#9093,
#9094),(#9095,#9096)),.UNSPECIFIED.,.F.,.F.,.F.,(4,4),(2,2),(0.,0.679664527990032),
(0.,0.08),.UNSPECIFIED.);
#4044=B_SPLINE_SURFACE_WITH_KNOTS('',3,1,((#9103,#9104),(#9105,#9106),(#9107,
#9108),(#9109,#9110)),.UNSPECIFIED.,.F.,.F.,.F.,(4,4),(2,2),(-0.679664527990027,
0.),(0.,0.08),.UNSPECIFIED.);
#4045=B_SPLINE_SURFACE_WITH_KNOTS('',3,1,((#9121,#9122),(#9123,#9124),(#9125,
#9126),(#9127,#9128),(#9129,#9130),(#9131,#9132),(#9133,#9134),(#9135,#9136),
(#9137,#9138),(#9139,#9140),(#9141,#9142),(#9143,#9144),(#9145,#9146)),
 .UNSPECIFIED.,.F.,.F.,.F.,(4,3,3,3,4),(2,2),(-3.10004385707054,-2.74162235484131,
-2.40040460947817,-1.37649283232768,-0.797489422373526),(-0.208000000000002,
0.272000000000001),.UNSPECIFIED.);
#4046=B_SPLINE_SURFACE_WITH_KNOTS('',3,3,((#9211,#9212,#9213,#9214,#9215,
#9216,#9217,#9218,#9219,#9220,#9221,#9222,#9223,#9224,#9225,#9226,#9227,
#9228,#9229,#9230,#9231,#9232,#9233,#9234),(#9235,#9236,#9237,#9238,#9239,
#9240,#9241,#9242,#9243,#9244,#9245,#9246,#9247,#9248,#9249,#9250,#9251,
#9252,#9253,#9254,#9255,#9256,#9257,#9258),(#9259,#9260,#9261,#9262,#9263,
#9264,#9265,#9266,#9267,#9268,#9269,#9270,#9271,#9272,#9273,#9274,#9275,
#9276,#9277,#9278,#9279,#9280,#9281,#9282),(#9283,#9284,#9285,#9286,#9287,
#9288,#9289,#9290,#9291,#9292,#9293,#9294,#9295,#9296,#9297,#9298,#9299,
#9300,#9301,#9302,#9303,#9304,#9305,#9306)),.UNSPECIFIED.,.F.,.F.,.F.,(4,
4),(4,1,1,1,1,2,3,3,1,1,1,3,2,4),(0.,1.),(-4.52723051851594,-4.46497033346193,
-4.40271014840791,-4.27818977829988,-4.15366940819184,-3.90462866797578,
-3.76780461143549,-3.75826301690066,-3.52026970705437,-3.28227639720808,
-3.0442830873618,-2.92528643243865,-2.92362273412544,-2.92154311123543),
 .UNSPECIFIED.);
#4047=B_SPLINE_SURFACE_WITH_KNOTS('',3,3,((#9362,#9363,#9364,#9365,#9366,
#9367,#9368,#9369,#9370,#9371,#9372,#9373,#9374,#9375,#9376,#9377,#9378),
(#9379,#9380,#9381,#9382,#9383,#9384,#9385,#9386,#9387,#9388,#9389,#9390,
#9391,#9392,#9393,#9394,#9395),(#9396,#9397,#9398,#9399,#9400,#9401,#9402,
#9403,#9404,#9405,#9406,#9407,#9408,#9409,#9410,#9411,#9412),(#9413,#9414,
#9415,#9416,#9417,#9418,#9419,#9420,#9421,#9422,#9423,#9424,#9425,#9426,
#9427,#9428,#9429),(#9430,#9431,#9432,#9433,#9434,#9435,#9436,#9437,#9438,
#9439,#9440,#9441,#9442,#9443,#9444,#9445,#9446),(#9447,#9448,#9449,#9450,
#9451,#9452,#9453,#9454,#9455,#9456,#9457,#9458,#9459,#9460,#9461,#9462,
#9463),(#9464,#9465,#9466,#9467,#9468,#9469,#9470,#9471,#9472,#9473,#9474,
#9475,#9476,#9477,#9478,#9479,#9480),(#9481,#9482,#9483,#9484,#9485,#9486,
#9487,#9488,#9489,#9490,#9491,#9492,#9493,#9494,#9495,#9496,#9497),(#9498,
#9499,#9500,#9501,#9502,#9503,#9504,#9505,#9506,#9507,#9508,#9509,#9510,
#9511,#9512,#9513,#9514),(#9515,#9516,#9517,#9518,#9519,#9520,#9521,#9522,
#9523,#9524,#9525,#9526,#9527,#9528,#9529,#9530,#9531)),.UNSPECIFIED.,.F.,
 .F.,.F.,(4,1,1,1,1,1,1,4),(4,2,2,2,2,2,1,2,4),(0.,0.714285714285714,0.785714285714286,
0.857142857142857,0.928571428571429,0.964285714285714,0.982142857142857,
1.),(-2.74506327786621,-2.74315151630623,-2.74162235484131,-2.38557875495669,
-1.78015849394962,-1.29588027123432,-0.732334298633683,-0.597997031578252,
-0.597691621433215),.UNSPECIFIED.);
#4048=B_SPLINE_SURFACE_WITH_KNOTS('',3,3,((#9579,#9580,#9581,#9582,#9583,
#9584,#9585,#9586,#9587,#9588,#9589,#9590,#9591,#9592,#9593,#9594,#9595),
(#9596,#9597,#9598,#9599,#9600,#9601,#9602,#9603,#9604,#9605,#9606,#9607,
#9608,#9609,#9610,#9611,#9612),(#9613,#9614,#9615,#9616,#9617,#9618,#9619,
#9620,#9621,#9622,#9623,#9624,#9625,#9626,#9627,#9628,#9629),(#9630,#9631,
#9632,#9633,#9634,#9635,#9636,#9637,#9638,#9639,#9640,#9641,#9642,#9643,
#9644,#9645,#9646),(#9647,#9648,#9649,#9650,#9651,#9652,#9653,#9654,#9655,
#9656,#9657,#9658,#9659,#9660,#9661,#9662,#9663),(#9664,#9665,#9666,#9667,
#9668,#9669,#9670,#9671,#9672,#9673,#9674,#9675,#9676,#9677,#9678,#9679,
#9680),(#9681,#9682,#9683,#9684,#9685,#9686,#9687,#9688,#9689,#9690,#9691,
#9692,#9693,#9694,#9695,#9696,#9697),(#9698,#9699,#9700,#9701,#9702,#9703,
#9704,#9705,#9706,#9707,#9708,#9709,#9710,#9711,#9712,#9713,#9714),(#9715,
#9716,#9717,#9718,#9719,#9720,#9721,#9722,#9723,#9724,#9725,#9726,#9727,
#9728,#9729,#9730,#9731),(#9732,#9733,#9734,#9735,#9736,#9737,#9738,#9739,
#9740,#9741,#9742,#9743,#9744,#9745,#9746,#9747,#9748)),.UNSPECIFIED.,.F.,
 .F.,.F.,(4,1,1,1,1,1,1,4),(4,2,1,2,2,2,2,2,4),(0.,0.428571428571429,0.785714285714286,
0.821428571428571,0.857142857142857,0.928571428571429,0.964285714285714,
1.),(0.686765030832605,0.687057757873807,0.815816253529147,1.35595923287455,
1.82012630134381,2.40040460947817,2.74165688789531,2.74312000081952,2.74494889195041),
 .UNSPECIFIED.);
#4049=B_SPLINE_SURFACE_WITH_KNOTS('',3,1,((#9814,#9815),(#9816,#9817),(#9818,
#9819),(#9820,#9821),(#9822,#9823),(#9824,#9825),(#9826,#9827)),
 .UNSPECIFIED.,.F.,.F.,.F.,(4,3,4),(2,2),(0.,0.679664527990027,0.67989566263579),
(0.,0.5),.UNSPECIFIED.);
#4050=B_SPLINE_SURFACE_WITH_KNOTS('',3,1,((#9832,#9833),(#9834,#9835),(#9836,
#9837),(#9838,#9839),(#9840,#9841),(#9842,#9843),(#9844,#9845),(#9846,#9847),
(#9848,#9849),(#9850,#9851),(#9852,#9853),(#9854,#9855),(#9856,#9857),(#9858,
#9859),(#9860,#9861),(#9862,#9863)),.UNSPECIFIED.,.F.,.F.,.F.,(4,3,3,3,
3,4),(2,2),(0.797247072605041,0.797489422373526,1.37649283232768,2.40040460947817,
2.74162235484131,2.74315151630632),(0.,0.5),.UNSPECIFIED.);
#4051=B_SPLINE_SURFACE_WITH_KNOTS('',3,1,((#9867,#9868),(#9869,#9870),(#9871,
#9872),(#9873,#9874),(#9875,#9876),(#9877,#9878),(#9879,#9880),(#9881,#9882),
(#9883,#9884),(#9885,#9886),(#9887,#9888),(#9889,#9890),(#9891,#9892),(#9893,
#9894),(#9895,#9896),(#9897,#9898)),.UNSPECIFIED.,.F.,.F.,.F.,(4,3,3,3,
3,4),(2,2),(2.92362273412606,2.92528643243864,3.75826301690066,3.90530797329374,
4.648568920407,5.37389201611323),(0.,0.42),.UNSPECIFIED.);
#4052=B_SPLINE_SURFACE_WITH_KNOTS('',3,1,((#9900,#9901),(#9902,#9903),(#9904,
#9905),(#9906,#9907),(#9908,#9909),(#9910,#9911),(#9912,#9913),(#9914,#9915),
(#9916,#9917),(#9918,#9919),(#9920,#9921),(#9922,#9923),(#9924,#9925),(#9926,
#9927),(#9928,#9929),(#9930,#9931)),.UNSPECIFIED.,.F.,.F.,.F.,(4,3,3,3,
3,4),(2,2),(0.,1.37649283232768,2.40040460947817,3.90530797329374,4.648568920407,
5.37389201611323),(0.,0.0880000000000007),.UNSPECIFIED.);
#4053=B_SPLINE_SURFACE_WITH_KNOTS('',3,1,((#9952,#9953),(#9954,#9955),(#9956,
#9957),(#9958,#9959),(#9960,#9961),(#9962,#9963),(#9964,#9965),(#9966,#9967),
(#9968,#9969),(#9970,#9971),(#9972,#9973),(#9974,#9975),(#9976,#9977),(#9978,
#9979),(#9980,#9981),(#9982,#9983)),.UNSPECIFIED.,.F.,.F.,.F.,(4,3,3,3,
3,4),(2,2),(-5.37389201611323,-4.648568920407,-3.90530797329374,-2.40040460947817,
-1.37649283232768,0.),(0.,0.0880000000000007),.UNSPECIFIED.);
#4054=B_SPLINE_SURFACE_WITH_KNOTS('',3,1,((#10002,#10003),(#10004,#10005),
(#10006,#10007),(#10008,#10009),(#10010,#10011),(#10012,#10013),(#10014,
#10015),(#10016,#10017),(#10018,#10019),(#10020,#10021),(#10022,#10023),
(#10024,#10025),(#10026,#10027),(#10028,#10029),(#10030,#10031),(#10032,
#10033)),.UNSPECIFIED.,.F.,.F.,.F.,(4,3,3,3,3,4),(2,2),(0.,1.37649283232768,
2.40040460947817,3.90530797329374,4.648568920407,5.37389201611323),(0.,
0.0880000000000007),.UNSPECIFIED.);
#4055=B_SPLINE_SURFACE_WITH_KNOTS('',3,1,((#10052,#10053),(#10054,#10055),
(#10056,#10057),(#10058,#10059),(#10060,#10061),(#10062,#10063),(#10064,
#10065),(#10066,#10067),(#10068,#10069),(#10070,#10071),(#10072,#10073),
(#10074,#10075),(#10076,#10077),(#10078,#10079),(#10080,#10081),(#10082,
#10083)),.UNSPECIFIED.,.F.,.F.,.F.,(4,3,3,3,3,4),(2,2),(-5.37389201611323,
-4.648568920407,-3.90530797329374,-2.40040460947817,-1.37649283232768,0.),
(0.,0.0880000000000007),.UNSPECIFIED.);
#4056=B_SPLINE_SURFACE_WITH_KNOTS('',3,1,((#10100,#10101),(#10102,#10103),
(#10104,#10105),(#10106,#10107),(#10108,#10109),(#10110,#10111),(#10112,
#10113),(#10114,#10115),(#10116,#10117),(#10118,#10119),(#10120,#10121),
(#10122,#10123),(#10124,#10125),(#10126,#10127),(#10128,#10129),(#10130,
#10131)),.UNSPECIFIED.,.F.,.F.,.F.,(4,3,3,3,3,4),(2,2),(-5.37389201611323,
-4.648568920407,-3.90530797329374,-3.75826301690066,-2.92528643243864,-2.92362273412612),
(0.,0.42),.UNSPECIFIED.);
#4057=B_SPLINE_SURFACE_WITH_KNOTS('',3,1,((#10133,#10134),(#10135,#10136),
(#10137,#10138),(#10139,#10140),(#10141,#10142),(#10143,#10144),(#10145,
#10146),(#10147,#10148),(#10149,#10150),(#10151,#10152),(#10153,#10154),
(#10155,#10156),(#10157,#10158),(#10159,#10160),(#10161,#10162),(#10163,
#10164)),.UNSPECIFIED.,.F.,.F.,.F.,(4,3,3,3,3,4),(2,2),(-2.7431515163063,
-2.74162235484131,-2.40040460947817,-1.37649283232768,-0.797489422373522,
-0.797247072604697),(0.,0.5),.UNSPECIFIED.);
#4058=B_SPLINE_SURFACE_WITH_KNOTS('',3,1,((#10169,#10170),(#10171,#10172),
(#10173,#10174),(#10175,#10176),(#10177,#10178),(#10179,#10180),(#10181,
#10182),(#10183,#10184),(#10185,#10186),(#10187,#10188),(#10189,#10190),
(#10191,#10192),(#10193,#10194)),.UNSPECIFIED.,.F.,.F.,.F.,(4,3,3,3,4),
(2,2),(-0.679895662648557,-0.679664527990031,-0.0862543977645466,-0.0629168276505347,
-0.0626851441551195),(0.,0.5),.UNSPECIFIED.);
#4059=B_SPLINE_SURFACE_WITH_KNOTS('',3,1,((#10200,#10201),(#10202,#10203),
(#10204,#10205),(#10206,#10207),(#10208,#10209),(#10210,#10211),(#10212,
#10213),(#10214,#10215),(#10216,#10217),(#10218,#10219),(#10220,#10221),
(#10222,#10223),(#10224,#10225)),.UNSPECIFIED.,.F.,.F.,.F.,(4,3,3,3,4),
(2,2),(2.92528643243864,3.75826301690066,3.90530797329374,4.648568920407,
5.37389201611323),(0.,0.42),.UNSPECIFIED.);
#4060=B_SPLINE_SURFACE_WITH_KNOTS('',3,1,((#10236,#10237),(#10238,#10239),
(#10240,#10241),(#10242,#10243),(#10244,#10245),(#10246,#10247),(#10248,
#10249),(#10250,#10251),(#10252,#10253),(#10254,#10255),(#10256,#10257),
(#10258,#10259),(#10260,#10261)),.UNSPECIFIED.,.F.,.F.,.F.,(4,3,3,3,4),
(2,2),(-5.37389201611323,-4.648568920407,-3.90530797329374,-3.75826301690066,
-2.92528643243865),(0.,0.42),.UNSPECIFIED.);
#4061=B_SPLINE_SURFACE_WITH_KNOTS('',3,1,((#10274,#10275),(#10276,#10277),
(#10278,#10279),(#10280,#10281),(#10282,#10283),(#10284,#10285),(#10286,
#10287),(#10288,#10289),(#10290,#10291),(#10292,#10293),(#10294,#10295),
(#10296,#10297),(#10298,#10299)),.UNSPECIFIED.,.F.,.F.,.F.,(4,3,3,3,4),
(2,2),(0.0626851441553261,0.0629168276505382,0.0862543977645506,0.679664527990027,
0.679895662646425),(0.,0.5),.UNSPECIFIED.);
#4062=B_SPLINE_SURFACE_WITH_KNOTS('',3,1,((#10304,#10305),(#10306,#10307),
(#10308,#10309),(#10310,#10311),(#10312,#10313),(#10314,#10315),(#10316,
#10317),(#10318,#10319),(#10320,#10321),(#10322,#10323),(#10324,#10325),
(#10326,#10327),(#10328,#10329),(#10330,#10331),(#10332,#10333),(#10334,
#10335)),.UNSPECIFIED.,.F.,.F.,.F.,(4,3,3,3,3,4),(2,2),(0.797247072606257,
0.797489422373525,1.37649283232768,2.40040460947817,2.74162235484131,2.74315151630623),
(0.,0.5),.UNSPECIFIED.);
#4063=B_SPLINE_SURFACE_WITH_KNOTS('',3,1,((#10345,#10346),(#10347,#10348),
(#10349,#10350),(#10351,#10352),(#10353,#10354),(#10355,#10356),(#10357,
#10358),(#10359,#10360),(#10361,#10362),(#10363,#10364)),.UNSPECIFIED.,
 .F.,.F.,.F.,(4,3,3,4),(2,2),(0.797489422373523,1.37649283232768,2.40040460947817,
2.74162235484131),(0.,0.44),.UNSPECIFIED.);
#4064=B_SPLINE_SURFACE_WITH_KNOTS('',3,1,((#10381,#10382),(#10383,#10384),
(#10385,#10386),(#10387,#10388)),.UNSPECIFIED.,.F.,.F.,.F.,(4,4),(2,2),
(0.,0.679664527990032),(0.,0.44),.UNSPECIFIED.);
#4065=B_SPLINE_SURFACE_WITH_KNOTS('',3,1,((#10395,#10396),(#10397,#10398),
(#10399,#10400),(#10401,#10402)),.UNSPECIFIED.,.F.,.F.,.F.,(4,4),(2,2),
(-0.679664527990027,0.),(0.,0.44),.UNSPECIFIED.);
#4066=B_SPLINE_SURFACE_WITH_KNOTS('',3,1,((#10413,#10414),(#10415,#10416),
(#10417,#10418),(#10419,#10420),(#10421,#10422),(#10423,#10424),(#10425,
#10426),(#10427,#10428),(#10429,#10430),(#10431,#10432)),.UNSPECIFIED.,
 .F.,.F.,.F.,(4,3,3,4),(2,2),(-2.74162235484131,-2.40040460947817,-1.37649283232768,
-0.797489422373526),(0.,0.44),.UNSPECIFIED.);
#4067=B_SPLINE_SURFACE_WITH_KNOTS('',3,1,((#10449,#10450),(#10451,#10452),
(#10453,#10454),(#10455,#10456),(#10457,#10458),(#10459,#10460),(#10461,
#10462),(#10463,#10464),(#10465,#10466),(#10467,#10468),(#10469,#10470),
(#10471,#10472),(#10473,#10474)),.UNSPECIFIED.,.F.,.F.,.F.,(4,3,3,3,4),
(2,2),(-5.37389201611323,-4.648568920407,-3.90530797329374,-3.75826301690066,
-2.92528643243864),(0.,0.42),.UNSPECIFIED.);
#4068=B_SPLINE_SURFACE_WITH_KNOTS('',3,1,((#10483,#10484),(#10485,#10486),
(#10487,#10488),(#10489,#10490),(#10491,#10492),(#10493,#10494),(#10495,
#10496),(#10497,#10498),(#10499,#10500),(#10501,#10502),(#10503,#10504),
(#10505,#10506),(#10507,#10508)),.UNSPECIFIED.,.F.,.F.,.F.,(4,3,3,3,4),
(2,2),(2.92528643243864,3.75826301690066,3.90530797329374,4.648568920407,
5.37389201611323),(0.,0.42),.UNSPECIFIED.);
#4069=B_SPLINE_SURFACE_WITH_KNOTS('',3,1,((#10525,#10526),(#10527,#10528),
(#10529,#10530),(#10531,#10532),(#10533,#10534),(#10535,#10536),(#10537,
#10538),(#10539,#10540),(#10541,#10542),(#10543,#10544)),.UNSPECIFIED.,
 .F.,.F.,.F.,(4,3,3,4),(2,2),(0.797489422373522,1.37649283232768,2.40040460947817,
2.74162235484131),(-0.15,0.42),.UNSPECIFIED.);
#4070=B_SPLINE_SURFACE_WITH_KNOTS('',3,1,((#10566,#10567),(#10568,#10569),
(#10570,#10571),(#10572,#10573),(#10574,#10575),(#10576,#10577),(#10578,
#10579)),.UNSPECIFIED.,.F.,.F.,.F.,(4,3,4),(2,2),(0.0629168276505347,0.0862543977645466,
0.679664527990031),(-0.15,0.42),.UNSPECIFIED.);
#4071=B_SPLINE_SURFACE_WITH_KNOTS('',3,1,((#10593,#10594),(#10595,#10596),
(#10597,#10598),(#10599,#10600),(#10601,#10602),(#10603,#10604),(#10605,
#10606)),.UNSPECIFIED.,.F.,.F.,.F.,(4,3,4),(2,2),(-0.679664527990027,-0.0862543977645506,
-0.0629168276505382),(-0.15,0.42),.UNSPECIFIED.);
#4072=B_SPLINE_SURFACE_WITH_KNOTS('',3,1,((#10620,#10621),(#10622,#10623),
(#10624,#10625),(#10626,#10627),(#10628,#10629),(#10630,#10631),(#10632,
#10633),(#10634,#10635),(#10636,#10637),(#10638,#10639)),.UNSPECIFIED.,
 .F.,.F.,.F.,(4,3,3,4),(2,2),(-2.74162235484131,-2.40040460947817,-1.37649283232768,
-0.797489422373525),(-0.15,0.42),.UNSPECIFIED.);
#4073=B_SPLINE_SURFACE_WITH_KNOTS('',3,1,((#10657,#10658),(#10659,#10660),
(#10661,#10662),(#10663,#10664),(#10665,#10666),(#10667,#10668),(#10669,
#10670)),.UNSPECIFIED.,.F.,.F.,.F.,(4,3,4),(2,2),(-0.679895662636132,-0.679664527990032,
0.),(0.,0.5),.UNSPECIFIED.);
#4074=B_SPLINE_SURFACE_WITH_KNOTS('',3,1,((#10674,#10675),(#10676,#10677),
(#10678,#10679),(#10680,#10681),(#10682,#10683),(#10684,#10685),(#10686,
#10687),(#10688,#10689),(#10690,#10691),(#10692,#10693),(#10694,#10695),
(#10696,#10697),(#10698,#10699),(#10700,#10701),(#10702,#10703),(#10704,
#10705)),.UNSPECIFIED.,.F.,.F.,.F.,(4,3,3,3,3,4),(2,2),(-2.74315151630599,
-2.74162235484131,-2.40040460947817,-1.37649283232768,-0.797489422373523,
-0.797247072605304),(0.,0.5),.UNSPECIFIED.);
#4075=B_SPLINE_SURFACE_WITH_KNOTS('',3,1,((#10709,#10710),(#10711,#10712),
(#10713,#10714),(#10715,#10716),(#10717,#10718),(#10719,#10720),(#10721,
#10722),(#10723,#10724),(#10725,#10726),(#10727,#10728),(#10729,#10730),
(#10731,#10732),(#10733,#10734),(#10735,#10736),(#10737,#10738),(#10739,
#10740)),.UNSPECIFIED.,.F.,.F.,.F.,(4,3,3,3,3,4),(2,2),(-5.37389201611323,
-4.648568920407,-3.90530797329374,-3.75826301690066,-2.92528643243864,-2.92362273412596),
(0.,0.42),.UNSPECIFIED.);
#4076=B_SPLINE_SURFACE_WITH_KNOTS('',3,1,((#10742,#10743),(#10744,#10745),
(#10746,#10747),(#10748,#10749),(#10750,#10751),(#10752,#10753),(#10754,
#10755),(#10756,#10757),(#10758,#10759),(#10760,#10761),(#10762,#10763),
(#10764,#10765),(#10766,#10767),(#10768,#10769),(#10770,#10771),(#10772,
#10773)),.UNSPECIFIED.,.F.,.F.,.F.,(4,3,3,3,3,4),(2,2),(2.92362273412544,
2.92528643243865,3.75826301690066,3.90530797329374,4.648568920407,5.37389201611323),
(0.,0.42),.UNSPECIFIED.);
#4077=B_SPLINE_SURFACE_WITH_KNOTS('',3,1,((#10776,#10777),(#10778,#10779),
(#10780,#10781),(#10782,#10783),(#10784,#10785),(#10786,#10787),(#10788,
#10789),(#10790,#10791),(#10792,#10793),(#10794,#10795),(#10796,#10797),
(#10798,#10799),(#10800,#10801),(#10802,#10803),(#10804,#10805),(#10806,
#10807),(#10808,#10809),(#10810,#10811),(#10812,#10813),(#10814,#10815),
(#10816,#10817),(#10818,#10819),(#10820,#10821),(#10822,#10823),(#10824,
#10825)),.UNSPECIFIED.,.F.,.F.,.F.,(4,3,3,3,3,3,3,3,4),(2,2),(0.,0.162057871731984,
0.290322886550622,0.404023883445499,0.524291796017635,0.6536277760873,0.775058287393889,
0.92936194004844,1.),(0.,0.15),.UNSPECIFIED.);
#4078=B_SPLINE_SURFACE_WITH_KNOTS('',3,1,((#10826,#10827),(#10828,#10829),
(#10830,#10831),(#10832,#10833),(#10834,#10835),(#10836,#10837),(#10838,
#10839),(#10840,#10841),(#10842,#10843),(#10844,#10845),(#10846,#10847),
(#10848,#10849),(#10850,#10851),(#10852,#10853),(#10854,#10855),(#10856,
#10857),(#10858,#10859),(#10860,#10861),(#10862,#10863),(#10864,#10865),
(#10866,#10867),(#10868,#10869),(#10870,#10871),(#10872,#10873),(#10874,
#10875)),.UNSPECIFIED.,.F.,.F.,.F.,(4,3,3,3,3,3,3,3,4),(2,2),(0.,0.162057871731984,
0.290322886550622,0.404023883445499,0.524291796017635,0.6536277760873,0.775058287393889,
0.92936194004844,1.),(0.,0.15),.UNSPECIFIED.);
#4079=ADVANCED_FACE('',(#220),#4011,.F.);
#4080=ADVANCED_FACE('',(#221),#4012,.F.);
#4081=ADVANCED_FACE('',(#222),#4013,.F.);
#4082=ADVANCED_FACE('',(#223),#4014,.F.);
#4083=ADVANCED_FACE('',(#224),#4015,.F.);
#4084=ADVANCED_FACE('',(#225,#37),#89,.F.);
#4085=ADVANCED_FACE('',(#226),#33,.T.);
#4086=ADVANCED_FACE('',(#227),#90,.T.);
#4087=ADVANCED_FACE('',(#228),#4016,.F.);
#4088=ADVANCED_FACE('',(#229),#34,.T.);
#4089=ADVANCED_FACE('',(#230),#91,.T.);
#4090=ADVANCED_FACE('',(#231),#4017,.T.);
#4091=ADVANCED_FACE('',(#232),#4018,.F.);
#4092=ADVANCED_FACE('',(#233),#4019,.T.);
#4093=ADVANCED_FACE('',(#234),#4020,.F.);
#4094=ADVANCED_FACE('',(#235),#4021,.F.);
#4095=ADVANCED_FACE('',(#236),#4022,.F.);
#4096=ADVANCED_FACE('',(#237),#4023,.F.);
#4097=ADVANCED_FACE('',(#238),#92,.F.);
#4098=ADVANCED_FACE('',(#239),#93,.F.);
#4099=ADVANCED_FACE('',(#240),#94,.T.);
#4100=ADVANCED_FACE('',(#241),#95,.T.);
#4101=ADVANCED_FACE('',(#242),#96,.F.);
#4102=ADVANCED_FACE('',(#243),#97,.T.);
#4103=ADVANCED_FACE('',(#244),#98,.T.);
#4104=ADVANCED_FACE('',(#245),#99,.T.);
#4105=ADVANCED_FACE('',(#246),#35,.F.);
#4106=ADVANCED_FACE('',(#247),#100,.T.);
#4107=ADVANCED_FACE('',(#248),#101,.T.);
#4108=ADVANCED_FACE('',(#249),#102,.T.);
#4109=ADVANCED_FACE('',(#250),#4024,.T.);
#4110=ADVANCED_FACE('',(#251),#103,.T.);
#4111=ADVANCED_FACE('',(#252),#4025,.T.);
#4112=ADVANCED_FACE('',(#253),#4026,.T.);
#4113=ADVANCED_FACE('',(#254),#4027,.T.);
#4114=ADVANCED_FACE('',(#255),#104,.T.);
#4115=ADVANCED_FACE('',(#256),#105,.T.);
#4116=ADVANCED_FACE('',(#257),#4028,.T.);
#4117=ADVANCED_FACE('',(#258),#4029,.T.);
#4118=ADVANCED_FACE('',(#259),#4030,.T.);
#4119=ADVANCED_FACE('',(#260),#4031,.T.);
#4120=ADVANCED_FACE('',(#261),#36,.F.);
#4121=ADVANCED_FACE('',(#262),#106,.T.);
#4122=ADVANCED_FACE('',(#263),#107,.T.);
#4123=ADVANCED_FACE('',(#264),#108,.T.);
#4124=ADVANCED_FACE('',(#265),#109,.F.);
#4125=ADVANCED_FACE('',(#266),#110,.T.);
#4126=ADVANCED_FACE('',(#267),#4032,.T.);
#4127=ADVANCED_FACE('',(#268),#111,.T.);
#4128=ADVANCED_FACE('',(#269),#4033,.T.);
#4129=ADVANCED_FACE('',(#270),#4034,.T.);
#4130=ADVANCED_FACE('',(#271),#4035,.T.);
#4131=ADVANCED_FACE('',(#272),#112,.T.);
#4132=ADVANCED_FACE('',(#273),#4036,.T.);
#4133=ADVANCED_FACE('',(#274),#113,.T.);
#4134=ADVANCED_FACE('',(#275),#4037,.T.);
#4135=ADVANCED_FACE('',(#276),#114,.T.);
#4136=ADVANCED_FACE('',(#277),#115,.T.);
#4137=ADVANCED_FACE('',(#278),#116,.T.);
#4138=ADVANCED_FACE('',(#279),#117,.T.);
#4139=ADVANCED_FACE('',(#280),#118,.T.);
#4140=ADVANCED_FACE('',(#281),#119,.T.);
#4141=ADVANCED_FACE('',(#282),#120,.T.);
#4142=ADVANCED_FACE('',(#283),#121,.T.);
#4143=ADVANCED_FACE('',(#284),#122,.F.);
#4144=ADVANCED_FACE('',(#285),#4038,.T.);
#4145=ADVANCED_FACE('',(#286),#123,.T.);
#4146=ADVANCED_FACE('',(#287),#4039,.T.);
#4147=ADVANCED_FACE('',(#288),#124,.T.);
#4148=ADVANCED_FACE('',(#289),#4040,.T.);
#4149=ADVANCED_FACE('',(#290),#125,.T.);
#4150=ADVANCED_FACE('',(#291),#4041,.T.);
#4151=ADVANCED_FACE('',(#292),#126,.T.);
#4152=ADVANCED_FACE('',(#293),#127,.F.);
#4153=ADVANCED_FACE('',(#294),#128,.T.);
#4154=ADVANCED_FACE('',(#295),#129,.T.);
#4155=ADVANCED_FACE('',(#296),#4042,.T.);
#4156=ADVANCED_FACE('',(#297),#130,.T.);
#4157=ADVANCED_FACE('',(#298),#4043,.T.);
#4158=ADVANCED_FACE('',(#299),#4044,.T.);
#4159=ADVANCED_FACE('',(#300),#131,.T.);
#4160=ADVANCED_FACE('',(#301),#4045,.T.);
#4161=ADVANCED_FACE('',(#302),#132,.T.);
#4162=ADVANCED_FACE('',(#303),#4046,.T.);
#4163=ADVANCED_FACE('',(#304),#133,.T.);
#4164=ADVANCED_FACE('',(#305),#4047,.T.);
#4165=ADVANCED_FACE('',(#306),#134,.T.);
#4166=ADVANCED_FACE('',(#307),#4048,.T.);
#4167=ADVANCED_FACE('',(#308),#135,.T.);
#4168=ADVANCED_FACE('',(#309),#136,.T.);
#4169=ADVANCED_FACE('',(#310),#4049,.T.);
#4170=ADVANCED_FACE('',(#311),#137,.T.);
#4171=ADVANCED_FACE('',(#312),#4050,.T.);
#4172=ADVANCED_FACE('',(#313),#138,.T.);
#4173=ADVANCED_FACE('',(#314),#4051,.T.);
#4174=ADVANCED_FACE('',(#315),#4052,.F.);
#4175=ADVANCED_FACE('',(#316),#4053,.F.);
#4176=ADVANCED_FACE('',(#317),#4054,.F.);
#4177=ADVANCED_FACE('',(#318),#4055,.F.);
#4178=ADVANCED_FACE('',(#319),#4056,.T.);
#4179=ADVANCED_FACE('',(#320),#4057,.T.);
#4180=ADVANCED_FACE('',(#321),#139,.T.);
#4181=ADVANCED_FACE('',(#322),#4058,.T.);
#4182=ADVANCED_FACE('',(#323),#4059,.T.);
#4183=ADVANCED_FACE('',(#324),#4060,.T.);
#4184=ADVANCED_FACE('',(#325),#4061,.T.);
#4185=ADVANCED_FACE('',(#326),#140,.T.);
#4186=ADVANCED_FACE('',(#327),#4062,.T.);
#4187=ADVANCED_FACE('',(#328),#141,.T.);
#4188=ADVANCED_FACE('',(#329),#142,.T.);
#4189=ADVANCED_FACE('',(#330),#4063,.T.);
#4190=ADVANCED_FACE('',(#331),#143,.T.);
#4191=ADVANCED_FACE('',(#332),#4064,.T.);
#4192=ADVANCED_FACE('',(#333),#4065,.T.);
#4193=ADVANCED_FACE('',(#334),#144,.T.);
#4194=ADVANCED_FACE('',(#335),#4066,.T.);
#4195=ADVANCED_FACE('',(#336),#145,.T.);
#4196=ADVANCED_FACE('',(#337),#4067,.T.);
#4197=ADVANCED_FACE('',(#338),#4068,.T.);
#4198=ADVANCED_FACE('',(#339),#146,.T.);
#4199=ADVANCED_FACE('',(#340),#4069,.T.);
#4200=ADVANCED_FACE('',(#341),#147,.T.);
#4201=ADVANCED_FACE('',(#342),#4070,.T.);
#4202=ADVANCED_FACE('',(#343),#148,.T.);
#4203=ADVANCED_FACE('',(#344),#4071,.T.);
#4204=ADVANCED_FACE('',(#345),#149,.T.);
#4205=ADVANCED_FACE('',(#346),#4072,.T.);
#4206=ADVANCED_FACE('',(#347),#150,.T.);
#4207=ADVANCED_FACE('',(#348),#151,.T.);
#4208=ADVANCED_FACE('',(#349),#4073,.T.);
#4209=ADVANCED_FACE('',(#350),#152,.T.);
#4210=ADVANCED_FACE('',(#351),#4074,.T.);
#4211=ADVANCED_FACE('',(#352),#153,.T.);
#4212=ADVANCED_FACE('',(#353),#4075,.T.);
#4213=ADVANCED_FACE('',(#354),#4076,.T.);
#4214=ADVANCED_FACE('',(#355),#154,.T.);
#4215=ADVANCED_FACE('',(#356),#4077,.T.);
#4216=ADVANCED_FACE('',(#357),#4078,.F.);
#4217=ADVANCED_FACE('',(#358),#155,.F.);
#4218=ADVANCED_FACE('',(#359),#156,.F.);
#4219=ADVANCED_FACE('',(#360),#157,.F.);
#4220=ADVANCED_FACE('',(#361),#158,.F.);
#4221=ADVANCED_FACE('',(#362),#159,.F.);
#4222=ADVANCED_FACE('',(#363,#38),#160,.F.);
#4223=ADVANCED_FACE('',(#364),#161,.F.);
#4224=ADVANCED_FACE('',(#365),#162,.F.);
#4225=ADVANCED_FACE('',(#366),#163,.F.);
#4226=ADVANCED_FACE('',(#367),#17,.T.);
#4227=ADVANCED_FACE('',(#368),#164,.F.);
#4228=ADVANCED_FACE('',(#369),#165,.F.);
#4229=ADVANCED_FACE('',(#370),#166,.F.);
#4230=ADVANCED_FACE('',(#371),#167,.F.);
#4231=ADVANCED_FACE('',(#372),#168,.F.);
#4232=ADVANCED_FACE('',(#373),#15,.F.);
#4233=ADVANCED_FACE('',(#374),#18,.F.);
#4234=ADVANCED_FACE('',(#375),#19,.T.);
#4235=ADVANCED_FACE('',(#376),#169,.F.);
#4236=ADVANCED_FACE('',(#377),#170,.F.);
#4237=ADVANCED_FACE('',(#378,#39),#171,.T.);
#4238=ADVANCED_FACE('',(#379),#172,.F.);
#4239=ADVANCED_FACE('',(#380),#173,.F.);
#4240=ADVANCED_FACE('',(#381),#174,.F.);
#4241=ADVANCED_FACE('',(#382),#175,.F.);
#4242=ADVANCED_FACE('',(#383),#20,.T.);
#4243=ADVANCED_FACE('',(#384),#176,.F.);
#4244=ADVANCED_FACE('',(#385),#177,.F.);
#4245=ADVANCED_FACE('',(#386),#178,.F.);
#4246=ADVANCED_FACE('',(#387),#21,.F.);
#4247=ADVANCED_FACE('',(#388),#179,.F.);
#4248=ADVANCED_FACE('',(#389),#22,.F.);
#4249=ADVANCED_FACE('',(#390),#180,.F.);
#4250=ADVANCED_FACE('',(#391),#23,.T.);
#4251=ADVANCED_FACE('',(#392),#181,.F.);
#4252=ADVANCED_FACE('',(#393),#24,.T.);
#4253=ADVANCED_FACE('',(#394),#182,.F.);
#4254=ADVANCED_FACE('',(#395),#183,.T.);
#4255=ADVANCED_FACE('',(#396),#184,.T.);
#4256=ADVANCED_FACE('',(#397),#185,.T.);
#4257=ADVANCED_FACE('',(#398),#186,.T.);
#4258=ADVANCED_FACE('',(#399),#187,.T.);
#4259=ADVANCED_FACE('',(#400,#40),#188,.T.);
#4260=ADVANCED_FACE('',(#401),#189,.T.);
#4261=ADVANCED_FACE('',(#402),#190,.T.);
#4262=ADVANCED_FACE('',(#403),#191,.T.);
#4263=ADVANCED_FACE('',(#404),#25,.T.);
#4264=ADVANCED_FACE('',(#405),#192,.T.);
#4265=ADVANCED_FACE('',(#406),#193,.T.);
#4266=ADVANCED_FACE('',(#407),#194,.T.);
#4267=ADVANCED_FACE('',(#408),#195,.T.);
#4268=ADVANCED_FACE('',(#409),#196,.T.);
#4269=ADVANCED_FACE('',(#410),#197,.T.);
#4270=ADVANCED_FACE('',(#411),#198,.T.);
#4271=ADVANCED_FACE('',(#412),#199,.T.);
#4272=ADVANCED_FACE('',(#413),#200,.T.);
#4273=ADVANCED_FACE('',(#414),#201,.T.);
#4274=ADVANCED_FACE('',(#415),#202,.T.);
#4275=ADVANCED_FACE('',(#416,#41),#203,.T.);
#4276=ADVANCED_FACE('',(#417),#16,.F.);
#4277=ADVANCED_FACE('',(#418),#26,.F.);
#4278=ADVANCED_FACE('',(#419),#27,.T.);
#4279=ADVANCED_FACE('',(#420),#204,.T.);
#4280=ADVANCED_FACE('',(#421),#205,.T.);
#4281=ADVANCED_FACE('',(#422,#42),#206,.F.);
#4282=ADVANCED_FACE('',(#423),#207,.T.);
#4283=ADVANCED_FACE('',(#424),#208,.T.);
#4284=ADVANCED_FACE('',(#425),#209,.T.);
#4285=ADVANCED_FACE('',(#426),#210,.T.);
#4286=ADVANCED_FACE('',(#427),#211,.T.);
#4287=ADVANCED_FACE('',(#428),#28,.T.);
#4288=ADVANCED_FACE('',(#429),#212,.T.);
#4289=ADVANCED_FACE('',(#430),#213,.T.);
#4290=ADVANCED_FACE('',(#431),#214,.T.);
#4291=ADVANCED_FACE('',(#432),#215,.T.);
#4292=ADVANCED_FACE('',(#433),#29,.F.);
#4293=ADVANCED_FACE('',(#434),#216,.T.);
#4294=ADVANCED_FACE('',(#435),#30,.F.);
#4295=ADVANCED_FACE('',(#436),#217,.T.);
#4296=ADVANCED_FACE('',(#437),#31,.T.);
#4297=ADVANCED_FACE('',(#438),#218,.T.);
#4298=ADVANCED_FACE('',(#439),#32,.T.);
#4299=ADVANCED_FACE('',(#440),#219,.T.);
#4300=CLOSED_SHELL('',(#4079,#4080,#4081,#4082,#4083,#4084,#4085,#4086,
#4087,#4088,#4089,#4090,#4091,#4092,#4093,#4094,#4095,#4096,#4097,#4098,
#4099,#4100,#4101,#4102,#4103,#4104,#4105,#4106,#4107,#4108,#4109,#4110,
#4111,#4112,#4113,#4114,#4115,#4116,#4117,#4118,#4119,#4120,#4121,#4122,
#4123,#4124,#4125,#4126,#4127,#4128,#4129,#4130,#4131,#4132,#4133,#4134,
#4135,#4136,#4137,#4138,#4139,#4140,#4141,#4142,#4143,#4144,#4145,#4146,
#4147,#4148,#4149,#4150,#4151,#4152,#4153,#4154,#4155,#4156,#4157,#4158,
#4159,#4160,#4161,#4162,#4163,#4164,#4165,#4166,#4167,#4168,#4169,#4170,
#4171,#4172,#4173,#4174,#4175,#4176,#4177,#4178,#4179,#4180,#4181,#4182,
#4183,#4184,#4185,#4186,#4187,#4188,#4189,#4190,#4191,#4192,#4193,#4194,
#4195,#4196,#4197,#4198,#4199,#4200,#4201,#4202,#4203,#4204,#4205,#4206,
#4207,#4208,#4209,#4210,#4211,#4212,#4213,#4214,#4215,#4216,#4217,#4218,
#4219,#4220,#4221,#4222,#4223,#4224,#4225,#4226,#4227,#4228,#4229,#4230,
#4231,#4232,#4233,#4234,#4235,#4236,#4237,#4238,#4239,#4240,#4241,#4242,
#4243,#4244,#4245,#4246,#4247,#4248,#4249,#4250,#4251,#4252,#4253,#4254,
#4255,#4256,#4257,#4258,#4259,#4260,#4261,#4262,#4263,#4264,#4265,#4266,
#4267,#4268,#4269,#4270,#4271,#4272,#4273,#4274,#4275,#4276,#4277,#4278,
#4279,#4280,#4281,#4282,#4283,#4284,#4285,#4286,#4287,#4288,#4289,#4290,
#4291,#4292,#4293,#4294,#4295,#4296,#4297,#4298,#4299));
#4301=AXIS2_PLACEMENT_3D('',#5241,#4485,#4486);
#4302=AXIS2_PLACEMENT_3D('',#5456,#4489,#4490);
#4303=AXIS2_PLACEMENT_3D('',#5600,#4492,#4493);
#4304=AXIS2_PLACEMENT_3D('',#5604,#4495,#4496);
#4305=AXIS2_PLACEMENT_3D('',#5608,#4498,#4499);
#4306=AXIS2_PLACEMENT_3D('',#5614,#4502,#4503);
#4307=AXIS2_PLACEMENT_3D('',#5618,#4505,#4506);
#4308=AXIS2_PLACEMENT_3D('',#5622,#4508,#4509);
#4309=AXIS2_PLACEMENT_3D('',#6119,#4516,#4517);
#4310=AXIS2_PLACEMENT_3D('',#6254,#4519,#4520);
#4311=AXIS2_PLACEMENT_3D('',#6731,#4523,#4524);
#4312=AXIS2_PLACEMENT_3D('',#6738,#4529,#4530);
#4313=AXIS2_PLACEMENT_3D('',#6742,#4533,#4534);
#4314=AXIS2_PLACEMENT_3D('',#6803,#4549,#4550);
#4315=AXIS2_PLACEMENT_3D('',#6810,#4552,#4553);
#4316=AXIS2_PLACEMENT_3D('',#6820,#4559,#4560);
#4317=AXIS2_PLACEMENT_3D('',#6839,#4563,#4564);
#4318=AXIS2_PLACEMENT_3D('',#6848,#4566,#4567);
#4319=AXIS2_PLACEMENT_3D('',#6910,#4568,#4569);
#4320=AXIS2_PLACEMENT_3D('',#6984,#4570,#4571);
#4321=AXIS2_PLACEMENT_3D('',#7346,#4580,#4581);
#4322=AXIS2_PLACEMENT_3D('',#7370,#4585,#4586);
#4323=AXIS2_PLACEMENT_3D('',#7583,#4590,#4591);
#4324=AXIS2_PLACEMENT_3D('',#7590,#4593,#4594);
#4325=AXIS2_PLACEMENT_3D('',#7990,#4598,#4599);
#4326=AXIS2_PLACEMENT_3D('',#7996,#4601,#4602);
#4327=AXIS2_PLACEMENT_3D('',#8010,#4605,#4606);
#4328=AXIS2_PLACEMENT_3D('',#8019,#4608,#4609);
#4329=AXIS2_PLACEMENT_3D('',#8031,#4610,#4611);
#4330=AXIS2_PLACEMENT_3D('',#8079,#4615,#4616);
#4331=AXIS2_PLACEMENT_3D('',#8187,#4618,#4619);
#4332=AXIS2_PLACEMENT_3D('',#8294,#4622,#4623);
#4333=AXIS2_PLACEMENT_3D('',#8416,#4625,#4626);
#4334=AXIS2_PLACEMENT_3D('',#8444,#4632,#4633);
#4335=AXIS2_PLACEMENT_3D('',#8448,#4636,#4637);
#4336=AXIS2_PLACEMENT_3D('',#8479,#4643,#4644);
#4337=AXIS2_PLACEMENT_3D('',#8483,#4647,#4648);
#4338=AXIS2_PLACEMENT_3D('',#8501,#4655,#4656);
#4339=AXIS2_PLACEMENT_3D('',#8505,#4659,#4660);
#4340=AXIS2_PLACEMENT_3D('',#8523,#4667,#4668);
#4341=AXIS2_PLACEMENT_3D('',#8527,#4671,#4672);
#4342=AXIS2_PLACEMENT_3D('',#8662,#4680,#4681);
#4343=AXIS2_PLACEMENT_3D('',#8699,#4686,#4687);
#4344=AXIS2_PLACEMENT_3D('',#8736,#4692,#4693);
#4345=AXIS2_PLACEMENT_3D('',#8793,#4697,#4698);
#4346=AXIS2_PLACEMENT_3D('',#8861,#4702,#4703);
#4347=AXIS2_PLACEMENT_3D('',#8909,#4709,#4710);
#4348=AXIS2_PLACEMENT_3D('',#8978,#4715,#4716);
#4349=AXIS2_PLACEMENT_3D('',#9085,#4722,#4723);
#4350=AXIS2_PLACEMENT_3D('',#9117,#4728,#4729);
#4351=AXIS2_PLACEMENT_3D('',#9157,#4732,#4733);
#4352=AXIS2_PLACEMENT_3D('',#9351,#4736,#4737);
#4353=AXIS2_PLACEMENT_3D('',#9578,#4740,#4741);
#4354=AXIS2_PLACEMENT_3D('',#9800,#4742,#4743);
#4355=AXIS2_PLACEMENT_3D('',#9802,#4745,#4746);
#4356=AXIS2_PLACEMENT_3D('',#9830,#4751,#4752);
#4357=AXIS2_PLACEMENT_3D('',#9865,#4755,#4756);
#4358=AXIS2_PLACEMENT_3D('',#10167,#4766,#4767);
#4359=AXIS2_PLACEMENT_3D('',#10302,#4775,#4776);
#4360=AXIS2_PLACEMENT_3D('',#10337,#4779,#4780);
#4361=AXIS2_PLACEMENT_3D('',#10341,#4783,#4784);
#4362=AXIS2_PLACEMENT_3D('',#10377,#4788,#4789);
#4363=AXIS2_PLACEMENT_3D('',#10409,#4794,#4795);
#4364=AXIS2_PLACEMENT_3D('',#10445,#4799,#4800);
#4365=AXIS2_PLACEMENT_3D('',#10521,#4805,#4806);
#4366=AXIS2_PLACEMENT_3D('',#10562,#4810,#4811);
#4367=AXIS2_PLACEMENT_3D('',#10589,#4815,#4816);
#4368=AXIS2_PLACEMENT_3D('',#10616,#4820,#4821);
#4369=AXIS2_PLACEMENT_3D('',#10655,#4824,#4825);
#4370=AXIS2_PLACEMENT_3D('',#10656,#4826,#4827);
#4371=AXIS2_PLACEMENT_3D('',#10672,#4829,#4830);
#4372=AXIS2_PLACEMENT_3D('',#10707,#4833,#4834);
#4373=AXIS2_PLACEMENT_3D('',#10775,#4838,#4839);
#4374=AXIS2_PLACEMENT_3D('',#10876,#4840,#4841);
#4375=AXIS2_PLACEMENT_3D('',#10895,#4851,#4852);
#4376=AXIS2_PLACEMENT_3D('',#10899,#4855,#4856);
#4377=AXIS2_PLACEMENT_3D('',#10904,#4860,#4861);
#4378=AXIS2_PLACEMENT_3D('',#10906,#4863,#4864);
#4379=AXIS2_PLACEMENT_3D('',#10914,#4869,#4870);
#4380=AXIS2_PLACEMENT_3D('',#10918,#4872,#4873);
#4381=AXIS2_PLACEMENT_3D('',#10921,#4875,#4876);
#4382=AXIS2_PLACEMENT_3D('',#10922,#4877,#4878);
#4383=AXIS2_PLACEMENT_3D('',#10928,#4881,#4882);
#4384=AXIS2_PLACEMENT_3D('',#10934,#4885,#4886);
#4385=AXIS2_PLACEMENT_3D('',#10938,#4889,#4890);
#4386=AXIS2_PLACEMENT_3D('',#10942,#4893,#4894);
#4387=AXIS2_PLACEMENT_3D('',#10948,#4897,#4898);
#4388=AXIS2_PLACEMENT_3D('',#10952,#4901,#4902);
#4389=AXIS2_PLACEMENT_3D('',#10956,#4904,#4905);
#4390=AXIS2_PLACEMENT_3D('',#10958,#4907,#4908);
#4391=AXIS2_PLACEMENT_3D('',#10977,#4919,#4920);
#4392=AXIS2_PLACEMENT_3D('',#10979,#4922,#4923);
#4393=AXIS2_PLACEMENT_3D('',#10985,#4927,#4928);
#4394=AXIS2_PLACEMENT_3D('',#10989,#4931,#4932);
#4395=AXIS2_PLACEMENT_3D('',#10993,#4935,#4936);
#4396=AXIS2_PLACEMENT_3D('',#10996,#4938,#4939);
#4397=AXIS2_PLACEMENT_3D('',#10997,#4940,#4941);
#4398=AXIS2_PLACEMENT_3D('',#11000,#4943,#4944);
#4399=AXIS2_PLACEMENT_3D('',#11001,#4945,#4946);
#4400=AXIS2_PLACEMENT_3D('',#11005,#4948,#4949);
#4401=AXIS2_PLACEMENT_3D('',#11007,#4951,#4952);
#4402=AXIS2_PLACEMENT_3D('',#11011,#4955,#4956);
#4403=AXIS2_PLACEMENT_3D('',#11013,#4958,#4959);
#4404=AXIS2_PLACEMENT_3D('',#11015,#4961,#4962);
#4405=AXIS2_PLACEMENT_3D('',#11021,#4966,#4967);
#4406=AXIS2_PLACEMENT_3D('',#11023,#4969,#4970);
#4407=AXIS2_PLACEMENT_3D('',#11025,#4972,#4973);
#4408=AXIS2_PLACEMENT_3D('',#11026,#4974,#4975);
#4409=AXIS2_PLACEMENT_3D('',#11028,#4976,#4977);
#4410=AXIS2_PLACEMENT_3D('',#11030,#4979,#4980);
#4411=AXIS2_PLACEMENT_3D('',#11036,#4984,#4985);
#4412=AXIS2_PLACEMENT_3D('',#11040,#4988,#4989);
#4413=AXIS2_PLACEMENT_3D('',#11044,#4992,#4993);
#4414=AXIS2_PLACEMENT_3D('',#11046,#4994,#4995);
#4415=AXIS2_PLACEMENT_3D('',#11048,#4997,#4998);
#4416=AXIS2_PLACEMENT_3D('',#11054,#5002,#5003);
#4417=AXIS2_PLACEMENT_3D('',#11057,#5005,#5006);
#4418=AXIS2_PLACEMENT_3D('',#11058,#5007,#5008);
#4419=AXIS2_PLACEMENT_3D('',#11062,#5011,#5012);
#4420=AXIS2_PLACEMENT_3D('',#11065,#5014,#5015);
#4421=AXIS2_PLACEMENT_3D('',#11066,#5016,#5017);
#4422=AXIS2_PLACEMENT_3D('',#11070,#5020,#5021);
#4423=AXIS2_PLACEMENT_3D('',#11071,#5022,#5023);
#4424=AXIS2_PLACEMENT_3D('',#11072,#5024,#5025);
#4425=AXIS2_PLACEMENT_3D('',#11074,#5027,#5028);
#4426=AXIS2_PLACEMENT_3D('',#11093,#5038,#5039);
#4427=AXIS2_PLACEMENT_3D('',#11097,#5042,#5043);
#4428=AXIS2_PLACEMENT_3D('',#11105,#5048,#5049);
#4429=AXIS2_PLACEMENT_3D('',#11112,#5054,#5055);
#4430=AXIS2_PLACEMENT_3D('',#11120,#5060,#5061);
#4431=AXIS2_PLACEMENT_3D('',#11124,#5063,#5064);
#4432=AXIS2_PLACEMENT_3D('',#11127,#5066,#5067);
#4433=AXIS2_PLACEMENT_3D('',#11128,#5068,#5069);
#4434=AXIS2_PLACEMENT_3D('',#11136,#5073,#5074);
#4435=AXIS2_PLACEMENT_3D('',#11142,#5077,#5078);
#4436=AXIS2_PLACEMENT_3D('',#11144,#5080,#5081);
#4437=AXIS2_PLACEMENT_3D('',#11148,#5084,#5085);
#4438=AXIS2_PLACEMENT_3D('',#11154,#5088,#5089);
#4439=AXIS2_PLACEMENT_3D('',#11158,#5092,#5093);
#4440=AXIS2_PLACEMENT_3D('',#11162,#5095,#5096);
#4441=AXIS2_PLACEMENT_3D('',#11164,#5098,#5099);
#4442=AXIS2_PLACEMENT_3D('',#11183,#5110,#5111);
#4443=AXIS2_PLACEMENT_3D('',#11185,#5113,#5114);
#4444=AXIS2_PLACEMENT_3D('',#11188,#5117,#5118);
#4445=AXIS2_PLACEMENT_3D('',#11194,#5122,#5123);
#4446=AXIS2_PLACEMENT_3D('',#11196,#5125,#5126);
#4447=AXIS2_PLACEMENT_3D('',#11197,#5127,#5128);
#4448=AXIS2_PLACEMENT_3D('',#11202,#5132,#5133);
#4449=AXIS2_PLACEMENT_3D('',#11205,#5136,#5137);
#4450=AXIS2_PLACEMENT_3D('',#11206,#5138,#5139);
#4451=AXIS2_PLACEMENT_3D('',#11210,#5142,#5143);
#4452=AXIS2_PLACEMENT_3D('',#11211,#5144,#5145);
#4453=AXIS2_PLACEMENT_3D('',#11212,#5146,#5147);
#4454=AXIS2_PLACEMENT_3D('',#11215,#5149,#5150);
#4455=AXIS2_PLACEMENT_3D('',#11216,#5151,#5152);
#4456=AXIS2_PLACEMENT_3D('',#11219,#5154,#5155);
#4457=AXIS2_PLACEMENT_3D('',#11220,#5156,#5157);
#4458=AXIS2_PLACEMENT_3D('',#11224,#5159,#5160);
#4459=AXIS2_PLACEMENT_3D('',#11226,#5162,#5163);
#4460=AXIS2_PLACEMENT_3D('',#11230,#5166,#5167);
#4461=AXIS2_PLACEMENT_3D('',#11232,#5169,#5170);
#4462=AXIS2_PLACEMENT_3D('',#11234,#5172,#5173);
#4463=AXIS2_PLACEMENT_3D('',#11240,#5177,#5178);
#4464=AXIS2_PLACEMENT_3D('',#11242,#5180,#5181);
#4465=AXIS2_PLACEMENT_3D('',#11244,#5183,#5184);
#4466=AXIS2_PLACEMENT_3D('',#11245,#5185,#5186);
#4467=AXIS2_PLACEMENT_3D('',#11247,#5187,#5188);
#4468=AXIS2_PLACEMENT_3D('',#11251,#5190,#5191);
#4469=AXIS2_PLACEMENT_3D('',#11255,#5193,#5194);
#4470=AXIS2_PLACEMENT_3D('',#11261,#5198,#5199);
#4471=AXIS2_PLACEMENT_3D('',#11267,#5202,#5203);
#4472=AXIS2_PLACEMENT_3D('',#11269,#5205,#5206);
#4473=AXIS2_PLACEMENT_3D('',#11271,#5208,#5209);
#4474=AXIS2_PLACEMENT_3D('',#11273,#5211,#5212);
#4475=AXIS2_PLACEMENT_3D('',#11274,#5213,#5214);
#4476=AXIS2_PLACEMENT_3D('',#11276,#5216,#5217);
#4477=AXIS2_PLACEMENT_3D('',#11278,#5219,#5220);
#4478=AXIS2_PLACEMENT_3D('',#11280,#5222,#5223);
#4479=AXIS2_PLACEMENT_3D('',#11282,#5225,#5226);
#4480=AXIS2_PLACEMENT_3D('',#11284,#5228,#5229);
#4481=AXIS2_PLACEMENT_3D('',#11286,#5231,#5232);
#4482=AXIS2_PLACEMENT_3D('',#11288,#5234,#5235);
#4483=AXIS2_PLACEMENT_3D('',#11290,#5237,#5238);
#4484=AXIS2_PLACEMENT_3D('',#11291,#5239,#5240);
#4485=DIRECTION('axis',(0.,0.,1.));
#4486=DIRECTION('refdir',(1.,0.,0.));
#4487=DIRECTION('',(0.,0.,-1.));
#4488=DIRECTION('',(0.,0.,-1.));
#4489=DIRECTION('center_axis',(0.,0.,1.));
#4490=DIRECTION('ref_axis',(1.,0.,0.));
#4491=DIRECTION('',(-6.52505465811253E-6,-0.999999999978712,-3.99544365068078E-22));
#4492=DIRECTION('center_axis',(1.22464679914084E-16,-3.99544365068078E-22,
-1.));
#4493=DIRECTION('ref_axis',(-0.999999999978712,6.52505465811253E-6,-1.22464679914084E-16));
#4494=DIRECTION('',(-0.806175918999228,0.591675914353246,-9.87283122754601E-17));
#4495=DIRECTION('center_axis',(1.22464679914084E-16,-3.99544365068078E-22,
-1.));
#4496=DIRECTION('ref_axis',(0.591675914353247,0.806175918999227,7.24590793610975E-17));
#4497=DIRECTION('',(6.5250546580065E-6,0.999999999978712,3.99544365055093E-22));
#4498=DIRECTION('center_axis',(1.22464679914084E-16,-3.99544365068078E-22,
-1.));
#4499=DIRECTION('ref_axis',(-6.52505465811253E-6,-0.999999999978712,-3.99544365068078E-22));
#4500=DIRECTION('',(-0.999999999978712,6.52505465811253E-6,-1.22464679914084E-16));
#4501=DIRECTION('',(1.,0.,0.));
#4502=DIRECTION('center_axis',(0.,0.,1.));
#4503=DIRECTION('ref_axis',(0.,-1.,0.));
#4504=DIRECTION('',(1.06028469131166E-16,1.,0.));
#4505=DIRECTION('center_axis',(0.,0.,1.));
#4506=DIRECTION('ref_axis',(-0.591670653998716,0.806179779699747,0.));
#4507=DIRECTION('',(0.806179779699747,0.591670653998715,0.));
#4508=DIRECTION('center_axis',(0.,0.,1.));
#4509=DIRECTION('ref_axis',(1.,0.,0.));
#4510=DIRECTION('',(0.,-1.,0.));
#4511=DIRECTION('',(-0.909683133994493,-0.415303016755185,0.));
#4512=DIRECTION('',(-0.997874129784048,-0.0651707074361629,0.));
#4513=DIRECTION('',(-0.997873704520376,0.0651772186180143,0.));
#4514=DIRECTION('',(-0.909680424100243,0.415308952478515,0.));
#4515=DIRECTION('',(-1.22464679914084E-16,3.99544365068078E-22,1.));
#4516=DIRECTION('center_axis',(0.,0.,1.));
#4517=DIRECTION('ref_axis',(1.,0.,0.));
#4518=DIRECTION('',(0.999999999994678,-3.26252732915132E-6,1.22464679914735E-16));
#4519=DIRECTION('center_axis',(0.,0.,1.));
#4520=DIRECTION('ref_axis',(1.,0.,0.));
#4521=DIRECTION('',(0.,0.,-1.));
#4522=DIRECTION('',(1.22464679914084E-16,-3.99544365068078E-22,-1.));
#4523=DIRECTION('center_axis',(1.22464679914084E-16,-3.99544365068078E-22,
-1.));
#4524=DIRECTION('ref_axis',(-0.999999999978712,6.52505465811253E-6,-1.22464679914084E-16));
#4525=DIRECTION('',(-0.999999999994678,3.26252732915132E-6,-1.22464679914735E-16));
#4526=DIRECTION('',(-6.52505465811253E-6,-0.999999999978712,-3.99544365068078E-22));
#4527=DIRECTION('',(0.999999999978712,-6.52505465811253E-6,1.22464679914084E-16));
#4528=DIRECTION('',(6.52505465811253E-6,0.999999999978712,3.99544365068078E-22));
#4529=DIRECTION('center_axis',(-0.999999999978712,6.52505465811253E-6,-1.22464679914084E-16));
#4530=DIRECTION('ref_axis',(-6.52505465811253E-6,-0.999999999978712,-3.99544365068078E-22));
#4531=DIRECTION('',(-6.52505465811253E-6,-0.999999999978712,-3.99544365068078E-22));
#4532=DIRECTION('',(1.22464679914084E-16,-3.99544365068078E-22,-1.));
#4533=DIRECTION('center_axis',(0.,0.,1.));
#4534=DIRECTION('ref_axis',(1.,0.,0.));
#4535=DIRECTION('',(-0.999999999994678,3.26252732899593E-6,-1.22464679914735E-16));
#4536=DIRECTION('',(0.999999999994678,-3.26252731416292E-6,0.));
#4537=DIRECTION('',(0.999999999994678,-3.26252732915132E-6,0.));
#4538=DIRECTION('',(0.,-1.,0.));
#4539=DIRECTION('',(-1.,0.,0.));
#4540=DIRECTION('',(3.26252732718827E-6,0.999999999994678,0.));
#4541=DIRECTION('',(-0.999999999994678,3.26252732740784E-6,0.));
#4542=DIRECTION('',(3.26252732740784E-6,0.999999999994678,0.));
#4543=DIRECTION('',(-1.,0.,0.));
#4544=DIRECTION('',(0.999999999978712,-6.52505465811253E-6,1.22464679914084E-16));
#4545=DIRECTION('',(3.26252733073942E-6,0.999999999994678,2.04000320757521E-31));
#4546=DIRECTION('',(0.999999999994678,-3.26252733073942E-6,1.22464679914735E-16));
#4547=DIRECTION('',(3.26252733095899E-6,0.999999999994678,2.30889801052355E-31));
#4548=DIRECTION('',(0.999999999978712,-6.52505465811253E-6,1.22464679914084E-16));
#4549=DIRECTION('center_axis',(3.26252732915132E-6,0.999999999994678,0.));
#4550=DIRECTION('ref_axis',(-0.999999999994678,3.26252732915132E-6,0.));
#4551=DIRECTION('',(0.999999999994678,-3.26252732899593E-6,1.22464679914735E-16));
#4552=DIRECTION('center_axis',(0.999999999978712,-6.52505465811253E-6,1.22464679914084E-16));
#4553=DIRECTION('ref_axis',(6.52505465811253E-6,0.999999999978712,3.99544365068078E-22));
#4554=DIRECTION('',(-1.22464679914084E-16,3.99544365068078E-22,1.));
#4555=DIRECTION('',(6.52505465811253E-6,0.999999999978712,3.99544365068078E-22));
#4556=DIRECTION('',(-1.22464679914084E-16,3.99544365068078E-22,1.));
#4557=DIRECTION('',(6.52505465811253E-6,0.999999999978712,3.99544365068078E-22));
#4558=DIRECTION('',(-1.22464679914084E-16,3.99544365068078E-22,1.));
#4559=DIRECTION('center_axis',(0.,0.,1.));
#4560=DIRECTION('ref_axis',(1.,0.,0.));
#4561=DIRECTION('',(-0.999999999994678,3.26252732899593E-6,-1.22464679914735E-16));
#4562=DIRECTION('',(0.997874129784051,0.0651707074361138,0.));
#4563=DIRECTION('center_axis',(-3.26252732915132E-6,-0.999999999994678,
0.));
#4564=DIRECTION('ref_axis',(0.999999999994678,-3.26252732915132E-6,0.));
#4565=DIRECTION('',(0.999999999994678,-3.26252732899593E-6,1.22464679914735E-16));
#4566=DIRECTION('center_axis',(1.22464679914084E-16,-3.99544365068078E-22,
-1.));
#4567=DIRECTION('ref_axis',(0.999999999978712,-6.52505465811253E-6,1.22464679914083E-16));
#4568=DIRECTION('center_axis',(0.,0.,1.));
#4569=DIRECTION('ref_axis',(1.,0.,0.));
#4570=DIRECTION('center_axis',(0.,0.,1.));
#4571=DIRECTION('ref_axis',(1.,0.,0.));
#4572=DIRECTION('',(-0.909680424100269,0.41530895247846,-1.11403887895899E-16));
#4573=DIRECTION('',(-0.997873704520376,0.0651772186180143,-1.22204309859959E-16));
#4574=DIRECTION('',(0.997874129784048,0.0651707074361629,0.));
#4575=DIRECTION('',(0.909683133994518,0.41530301675513,0.));
#4576=DIRECTION('',(0.909683133994495,0.415303016755181,0.));
#4577=DIRECTION('',(0.997874129784051,0.0651707074361123,0.));
#4578=DIRECTION('',(0.997873704520378,-0.0651772186179875,1.22204309859959E-16));
#4579=DIRECTION('',(0.909680424100233,-0.415308952478537,1.11403887895895E-16));
#4580=DIRECTION('center_axis',(-0.0651772186180143,-0.997873704520377,0.));
#4581=DIRECTION('ref_axis',(-0.997873704520376,0.0651772186180143,-1.22204309859959E-16));
#4582=DIRECTION('',(1.22464679914084E-16,-3.99544365068078E-22,-1.));
#4583=DIRECTION('',(1.22464679914084E-16,-3.99544365068078E-22,-1.));
#4584=DIRECTION('',(0.,0.,-1.));
#4585=DIRECTION('center_axis',(-0.41530895247846,-0.909680424100269,0.));
#4586=DIRECTION('ref_axis',(-0.909680424100269,0.41530895247846,-1.11403887895899E-16));
#4587=DIRECTION('',(0.,0.,-1.));
#4588=DIRECTION('',(-2.30695520601837E-6,-0.707106781182784,-0.707106781186548));
#4589=DIRECTION('',(0.043986763955706,0.705738889264545,0.707105214785148));
#4590=DIRECTION('center_axis',(-0.0460872532636571,-0.705603263234101,0.707106781186547));
#4591=DIRECTION('ref_axis',(0.997882708505202,0.,0.0650392194473532));
#4592=DIRECTION('',(-0.997873704520378,0.0651772186179876,0.));
#4593=DIRECTION('center_axis',(-0.293667776585054,-0.643241196593928,0.70710678118655));
#4594=DIRECTION('ref_axis',(0.92352146864198,0.,0.383546733733139));
#4595=DIRECTION('',(-0.909680424100233,0.415308952478537,0.));
#4596=DIRECTION('',(0.,0.,-1.));
#4597=DIRECTION('',(0.,0.,-1.));
#4598=DIRECTION('center_axis',(0.,0.,1.));
#4599=DIRECTION('ref_axis',(1.,0.,0.));
#4600=DIRECTION('',(0.999999999994678,-3.26252732915132E-6,0.));
#4601=DIRECTION('center_axis',(0.,0.,1.));
#4602=DIRECTION('ref_axis',(1.,0.,0.));
#4603=DIRECTION('',(-0.999999999994678,3.26252732915132E-6,0.));
#4604=DIRECTION('',(-0.909680424100244,0.415308952478514,0.));
#4605=DIRECTION('center_axis',(-3.26252732915132E-6,-0.999999999994678,
0.));
#4606=DIRECTION('ref_axis',(0.999999999994678,-3.26252732915132E-6,0.));
#4607=DIRECTION('',(0.999999999994678,-3.26252732915132E-6,0.));
#4608=DIRECTION('center_axis',(0.,0.,1.));
#4609=DIRECTION('ref_axis',(-1.,0.,0.));
#4610=DIRECTION('center_axis',(0.0651707074361629,-0.997874129784048,0.));
#4611=DIRECTION('ref_axis',(-0.997874129784048,-0.0651707074361629,0.));
#4612=DIRECTION('',(0.,0.,-1.));
#4613=DIRECTION('',(0.,0.,-1.));
#4614=DIRECTION('',(0.,0.,-1.));
#4615=DIRECTION('center_axis',(0.41530301675513,-0.909683133994518,0.));
#4616=DIRECTION('ref_axis',(-0.909683133994518,-0.41530301675513,0.));
#4617=DIRECTION('',(0.,0.,-1.));
#4618=DIRECTION('center_axis',(0.0460826491627995,-0.705603563940927,0.707106781186548));
#4619=DIRECTION('ref_axis',(0.997883130175221,0.,-0.0650327495320812));
#4620=DIRECTION('',(-0.0482342837222082,0.705461394226649,0.70710513725301));
#4621=DIRECTION('',(-0.997874129784051,-0.0651707074361123,0.));
#4622=DIRECTION('center_axis',(0.293663579394819,-0.643243112778537,0.707106781186548));
#4623=DIRECTION('ref_axis',(0.923523410351223,0.,-0.383542058362895));
#4624=DIRECTION('',(-0.909683133994495,-0.415303016755181,0.));
#4625=DIRECTION('center_axis',(0.646927894007272,-0.285454549719066,0.707106781186548));
#4626=DIRECTION('ref_axis',(0.737805197235343,0.,-0.675013696848084));
#4627=DIRECTION('',(0.403693695653808,0.914894201582549,0.));
#4628=DIRECTION('',(0.403693695653808,0.914894201582549,0.));
#4629=DIRECTION('',(-0.64326726409637,0.29367967754151,0.707078124354789));
#4630=DIRECTION('',(0.403693695653808,0.914894201582549,0.));
#4631=DIRECTION('',(0.391981233974458,0.919885127275826,0.0127304685145482));
#4632=DIRECTION('center_axis',(0.919959676850088,-0.3920130010215,0.));
#4633=DIRECTION('ref_axis',(0.3920130010215,0.919959676850088,0.));
#4634=DIRECTION('',(0.3920130010215,0.919959676850088,0.));
#4635=DIRECTION('',(0.,0.,1.));
#4636=DIRECTION('center_axis',(-0.646929756600274,-0.285450328472586,0.70710678118655));
#4637=DIRECTION('ref_axis',(0.737804229339242,0.,0.675014754778832));
#4638=DIRECTION('',(-0.64326918035864,-0.293675480181177,-0.707078124354784));
#4639=DIRECTION('',(0.403687725909788,-0.914896835686835,0.));
#4640=DIRECTION('',(0.403687725909788,-0.914896835686835,0.));
#4641=DIRECTION('',(0.391975231665397,-0.919887684955223,-0.0127304685137076));
#4642=DIRECTION('',(0.403687725909788,-0.914896835686835,0.));
#4643=DIRECTION('center_axis',(-0.919962234736756,-0.392006998225994,0.));
#4644=DIRECTION('ref_axis',(0.392006998225994,-0.919962234736756,0.));
#4645=DIRECTION('',(0.,0.,1.));
#4646=DIRECTION('',(0.392006998225994,-0.919962234736756,0.));
#4647=DIRECTION('center_axis',(-0.646927894007126,0.285454549719393,0.70710678118655));
#4648=DIRECTION('ref_axis',(0.73780519723542,0.,0.675013696848));
#4649=DIRECTION('',(-0.643267264096372,0.293679677541502,-0.707078124354789));
#4650=DIRECTION('',(-0.403693695654272,-0.914894201582345,0.));
#4651=DIRECTION('',(0.643267264096362,-0.293679677541526,0.707078124354789));
#4652=DIRECTION('',(-0.403693695654272,-0.914894201582345,0.));
#4653=DIRECTION('',(-0.391981233974491,-0.919885127275805,0.0127304685150162));
#4654=DIRECTION('',(-0.403693695654272,-0.914894201582345,0.));
#4655=DIRECTION('center_axis',(-0.919959676850073,0.392013001021535,0.));
#4656=DIRECTION('ref_axis',(-0.392013001021535,-0.919959676850073,0.));
#4657=DIRECTION('',(-0.392013001021535,-0.919959676850072,0.));
#4658=DIRECTION('',(0.,0.,1.));
#4659=DIRECTION('center_axis',(0.646929756600469,0.285450328472143,0.70710678118655));
#4660=DIRECTION('ref_axis',(0.737804229339141,0.,-0.675014754778943));
#4661=DIRECTION('',(0.643269180358633,0.293675480181201,-0.70707812435478));
#4662=DIRECTION('',(-0.403687725909161,0.914896835687112,0.));
#4663=DIRECTION('',(-0.643269180358638,-0.293675480181189,0.70707812435478));
#4664=DIRECTION('',(-0.403687725909161,0.914896835687112,0.));
#4665=DIRECTION('',(-0.391975231665402,0.91988768495523,-0.0127304685130203));
#4666=DIRECTION('',(-0.403687725909161,0.914896835687112,0.));
#4667=DIRECTION('center_axis',(0.919962234736755,0.392006998225996,0.));
#4668=DIRECTION('ref_axis',(-0.392006998225996,0.919962234736755,0.));
#4669=DIRECTION('',(0.,0.,1.));
#4670=DIRECTION('',(-0.392006998225996,0.919962234736755,0.));
#4671=DIRECTION('center_axis',(0.,0.,1.));
#4672=DIRECTION('ref_axis',(-1.,0.,0.));
#4673=DIRECTION('',(0.997874129784051,0.0651707074361113,0.));
#4674=DIRECTION('',(0.99787370452038,-0.06517721861796,0.));
#4675=DIRECTION('',(0.909680424100248,-0.415308952478505,0.));
#4676=DIRECTION('',(-0.997873717259663,0.0651770235772012,0.));
#4677=DIRECTION('',(-0.997874142522061,-0.0651705123952728,0.));
#4678=DIRECTION('',(0.909683133994502,0.415303016755164,0.));
#4679=DIRECTION('',(0.,0.,1.));
#4680=DIRECTION('center_axis',(-0.0651770235772039,-0.997873717259662,0.));
#4681=DIRECTION('ref_axis',(0.997873717259662,-0.0651770235772039,0.));
#4682=DIRECTION('',(0.997873717259662,-0.0651770235772039,0.));
#4683=DIRECTION('',(0.997873717259662,-0.0651770235772039,0.));
#4684=DIRECTION('',(0.,0.,1.));
#4685=DIRECTION('',(0.,0.,1.));
#4686=DIRECTION('center_axis',(-3.26252733280835E-6,-0.999999999994678,
0.));
#4687=DIRECTION('ref_axis',(0.999999999994678,-3.26252733280835E-6,0.));
#4688=DIRECTION('',(0.999999999994678,-3.26252733280835E-6,0.));
#4689=DIRECTION('',(0.999999999994678,-3.26252733280835E-6,0.));
#4690=DIRECTION('',(0.,0.,1.));
#4691=DIRECTION('',(0.,0.,1.));
#4692=DIRECTION('center_axis',(0.0651705123952745,-0.99787414252206,0.));
#4693=DIRECTION('ref_axis',(0.997874142522061,0.0651705123952745,0.));
#4694=DIRECTION('',(0.997874142522061,0.0651705123952745,0.));
#4695=DIRECTION('',(0.997874142522061,0.0651705123952745,0.));
#4696=DIRECTION('',(0.,0.,1.));
#4697=DIRECTION('center_axis',(0.,0.,1.));
#4698=DIRECTION('ref_axis',(-1.,0.,0.));
#4699=DIRECTION('',(-0.997873704520377,0.0651772186180094,0.));
#4700=DIRECTION('',(-0.999999999994678,3.26252732220562E-6,0.));
#4701=DIRECTION('',(-0.997874129784035,-0.0651707074363526,0.));
#4702=DIRECTION('center_axis',(0.,0.,1.));
#4703=DIRECTION('ref_axis',(-1.,0.,0.));
#4704=DIRECTION('',(0.909680424100251,-0.415308952478499,0.));
#4705=DIRECTION('',(0.909683133994501,0.415303016755167,0.));
#4706=DIRECTION('',(0.997874129784051,0.065170707436115,0.));
#4707=DIRECTION('',(0.999999999994678,-3.26252732708488E-6,0.));
#4708=DIRECTION('',(0.99787370452038,-0.0651772186179638,0.));
#4709=DIRECTION('center_axis',(0.,0.,1.));
#4710=DIRECTION('ref_axis',(-1.,0.,0.));
#4711=DIRECTION('',(-0.909683133994509,-0.415303016755149,0.));
#4712=DIRECTION('',(0.909680424100233,-0.415308952478537,0.));
#4713=DIRECTION('',(-0.909680424100248,0.415308952478505,0.));
#4714=DIRECTION('',(0.909683133994501,0.415303016755167,0.));
#4715=DIRECTION('center_axis',(0.,0.,1.));
#4716=DIRECTION('ref_axis',(-1.,0.,0.));
#4717=DIRECTION('',(0.909680424100251,-0.415308952478499,0.));
#4718=DIRECTION('',(-0.909683133994502,-0.415303016755164,0.));
#4719=DIRECTION('',(0.909683133994495,0.415303016755181,0.));
#4720=DIRECTION('',(-0.909680424100244,0.415308952478514,0.));
#4721=DIRECTION('',(0.,0.,1.));
#4722=DIRECTION('center_axis',(0.0651770235772012,0.997873717259663,0.));
#4723=DIRECTION('ref_axis',(-0.997873717259663,0.0651770235772012,0.));
#4724=DIRECTION('',(-0.997873717259663,0.0651770235772012,0.));
#4725=DIRECTION('',(0.,0.,1.));
#4726=DIRECTION('',(0.,0.,1.));
#4727=DIRECTION('',(0.,0.,1.));
#4728=DIRECTION('center_axis',(-0.0651705123952728,0.997874142522061,0.));
#4729=DIRECTION('ref_axis',(-0.997874142522061,-0.0651705123952728,0.));
#4730=DIRECTION('',(-0.997874142522061,-0.0651705123952728,0.));
#4731=DIRECTION('',(0.,0.,1.));
#4732=DIRECTION('center_axis',(0.,0.,1.));
#4733=DIRECTION('ref_axis',(-1.,0.,0.));
#4734=DIRECTION('',(0.99787370452037,-0.065177218618112,0.));
#4735=DIRECTION('',(0.997874129784051,0.0651707074361061,0.));
#4736=DIRECTION('center_axis',(-0.293663579394796,0.643243112778548,0.707106781186548));
#4737=DIRECTION('ref_axis',(0.923523410351233,0.,0.38354205836287));
#4738=DIRECTION('',(-0.909683133994509,-0.415303016755149,0.));
#4739=DIRECTION('',(0.909683133994509,0.415303016755149,0.));
#4740=DIRECTION('center_axis',(0.,0.,1.));
#4741=DIRECTION('ref_axis',(1.,0.,0.));
#4742=DIRECTION('center_axis',(0.293667776585039,0.643241196593937,0.707106781186548));
#4743=DIRECTION('ref_axis',(0.923521468641987,0.,-0.383546733733123));
#4744=DIRECTION('',(0.909680424100244,-0.415308952478514,0.));
#4745=DIRECTION('center_axis',(0.,0.,1.));
#4746=DIRECTION('ref_axis',(1.,0.,0.));
#4747=DIRECTION('',(-0.999999999994678,3.26252732915132E-6,0.));
#4748=DIRECTION('',(0.997873704520375,-0.0651772186180387,0.));
#4749=DIRECTION('',(0.,0.,1.));
#4750=DIRECTION('',(0.,0.,1.));
#4751=DIRECTION('center_axis',(0.0651707074361123,-0.997874129784051,0.));
#4752=DIRECTION('ref_axis',(0.997874129784051,0.0651707074361123,0.));
#4753=DIRECTION('',(0.,0.,1.));
#4754=DIRECTION('',(0.,0.,1.));
#4755=DIRECTION('center_axis',(0.415303016755181,-0.909683133994495,0.));
#4756=DIRECTION('ref_axis',(0.909683133994495,0.415303016755181,0.));
#4757=DIRECTION('',(0.,0.,1.));
#4758=DIRECTION('',(0.,0.,1.));
#4759=DIRECTION('',(0.,0.,-1.));
#4760=DIRECTION('',(0.,0.,-1.));
#4761=DIRECTION('',(0.,0.,-1.));
#4762=DIRECTION('',(0.,0.,-1.));
#4763=DIRECTION('',(0.,0.,1.));
#4764=DIRECTION('',(0.,0.,1.));
#4765=DIRECTION('',(0.,0.,1.));
#4766=DIRECTION('center_axis',(0.0651772186180387,0.997873704520375,0.));
#4767=DIRECTION('ref_axis',(-0.997873704520375,0.0651772186180387,0.));
#4768=DIRECTION('',(0.,0.,1.));
#4769=DIRECTION('',(0.,0.,1.));
#4770=DIRECTION('',(0.,0.,1.));
#4771=DIRECTION('',(0.,0.,1.));
#4772=DIRECTION('',(0.,0.,1.));
#4773=DIRECTION('',(0.,0.,1.));
#4774=DIRECTION('',(0.,0.,1.));
#4775=DIRECTION('center_axis',(-0.0651707074361138,0.997874129784051,0.));
#4776=DIRECTION('ref_axis',(-0.997874129784051,-0.0651707074361138,0.));
#4777=DIRECTION('',(0.,0.,1.));
#4778=DIRECTION('',(0.,0.,1.));
#4779=DIRECTION('center_axis',(0.415303016755167,-0.909683133994501,0.));
#4780=DIRECTION('ref_axis',(0.909683133994501,0.415303016755167,0.));
#4781=DIRECTION('',(-0.909683133994501,-0.415303016755167,0.));
#4782=DIRECTION('',(0.,0.,1.));
#4783=DIRECTION('center_axis',(0.415308952478505,0.909680424100248,0.));
#4784=DIRECTION('ref_axis',(-0.909680424100248,0.415308952478505,0.));
#4785=DIRECTION('',(0.909680424100248,-0.415308952478505,0.));
#4786=DIRECTION('',(0.,0.,1.));
#4787=DIRECTION('',(0.,0.,1.));
#4788=DIRECTION('center_axis',(0.0651772186179596,0.99787370452038,0.));
#4789=DIRECTION('ref_axis',(-0.99787370452038,0.0651772186179596,0.));
#4790=DIRECTION('',(0.99787370452038,-0.0651772186179596,0.));
#4791=DIRECTION('',(0.,0.,1.));
#4792=DIRECTION('',(0.,0.,1.));
#4793=DIRECTION('',(0.,0.,1.));
#4794=DIRECTION('center_axis',(-0.0651707074361112,0.997874129784051,0.));
#4795=DIRECTION('ref_axis',(-0.997874129784051,-0.0651707074361112,0.));
#4796=DIRECTION('',(0.997874129784051,0.0651707074361112,0.));
#4797=DIRECTION('',(0.,0.,1.));
#4798=DIRECTION('',(0.,0.,1.));
#4799=DIRECTION('center_axis',(-0.415303016755165,0.909683133994502,0.));
#4800=DIRECTION('ref_axis',(-0.909683133994502,-0.415303016755164,0.));
#4801=DIRECTION('',(0.909683133994502,0.415303016755164,0.));
#4802=DIRECTION('',(0.,0.,1.));
#4803=DIRECTION('',(0.,0.,1.));
#4804=DIRECTION('',(0.,0.,1.));
#4805=DIRECTION('center_axis',(-0.415308952478499,-0.909680424100251,0.));
#4806=DIRECTION('ref_axis',(0.909680424100251,-0.415308952478499,0.));
#4807=DIRECTION('',(-0.909680424100251,0.415308952478499,0.));
#4808=DIRECTION('',(0.,0.,1.));
#4809=DIRECTION('',(0.,0.,1.));
#4810=DIRECTION('center_axis',(-0.0651772186179638,-0.99787370452038,0.));
#4811=DIRECTION('ref_axis',(0.99787370452038,-0.0651772186179638,0.));
#4812=DIRECTION('',(0.99787370452038,-0.0651772186179638,0.));
#4813=DIRECTION('',(0.,0.,1.));
#4814=DIRECTION('',(0.,0.,1.));
#4815=DIRECTION('center_axis',(-3.26252732708488E-6,-0.999999999994678,
0.));
#4816=DIRECTION('ref_axis',(0.999999999994678,-3.26252732708488E-6,0.));
#4817=DIRECTION('',(0.999999999994678,-3.26252732708488E-6,0.));
#4818=DIRECTION('',(0.,0.,1.));
#4819=DIRECTION('',(0.,0.,1.));
#4820=DIRECTION('center_axis',(0.065170707436115,-0.997874129784051,0.));
#4821=DIRECTION('ref_axis',(0.997874129784051,0.065170707436115,0.));
#4822=DIRECTION('',(0.997874129784051,0.065170707436115,0.));
#4823=DIRECTION('',(0.,0.,1.));
#4824=DIRECTION('center_axis',(3.26252731416292E-6,0.999999999994678,0.));
#4825=DIRECTION('ref_axis',(-0.999999999994678,3.26252731416292E-6,0.));
#4826=DIRECTION('center_axis',(0.415308952478514,0.909680424100244,0.));
#4827=DIRECTION('ref_axis',(-0.909680424100244,0.415308952478514,0.));
#4828=DIRECTION('',(0.,0.,1.));
#4829=DIRECTION('center_axis',(-0.0651772186179876,-0.997873704520378,0.));
#4830=DIRECTION('ref_axis',(0.997873704520378,-0.0651772186179876,0.));
#4831=DIRECTION('',(0.,0.,1.));
#4832=DIRECTION('',(0.,0.,1.));
#4833=DIRECTION('center_axis',(-0.415308952478537,-0.909680424100233,0.));
#4834=DIRECTION('ref_axis',(0.909680424100233,-0.415308952478537,0.));
#4835=DIRECTION('',(0.,0.,1.));
#4836=DIRECTION('',(0.,0.,1.));
#4837=DIRECTION('',(0.,0.,1.));
#4838=DIRECTION('center_axis',(-0.415303016755149,0.909683133994509,0.));
#4839=DIRECTION('ref_axis',(-0.909683133994509,-0.415303016755149,0.));
#4840=DIRECTION('center_axis',(0.707109088137984,0.707104474227585,7.70228540614722E-15));
#4841=DIRECTION('ref_axis',(1.08927116206941E-14,-7.06759943365231E-20,
-1.));
#4842=DIRECTION('',(-6.13644812891457E-17,-1.08313471387734E-14,1.));
#4843=DIRECTION('',(0.577348385565519,-0.57735215280759,0.577350269189623));
#4844=DIRECTION('',(-6.1267677839591E-17,-1.08314439428546E-14,1.));
#4845=DIRECTION('',(0.707104474227585,-0.707109088137983,8.65956056235492E-17));
#4846=DIRECTION('',(1.08927116206941E-14,-7.06759943365231E-20,-1.));
#4847=DIRECTION('',(0.577348385565518,-0.577352152807589,0.577350269189624));
#4848=DIRECTION('',(6.1267677839591E-17,1.08314439428546E-14,-1.));
#4849=DIRECTION('',(6.13644812891457E-17,1.08313471387734E-14,-1.));
#4850=DIRECTION('',(0.707104474227585,-0.707109088137983,1.57875201924619E-14));
#4851=DIRECTION('center_axis',(3.26252732896306E-6,0.999999999994678,1.08314441426844E-14));
#4852=DIRECTION('ref_axis',(6.12676778395706E-17,1.08314439428546E-14,-1.));
#4853=DIRECTION('',(-0.707106781182784,2.3069552057752E-6,-0.707106781186548));
#4854=DIRECTION('',(-0.999999999994678,3.26252732896306E-6,-1.22464679914735E-16));
#4855=DIRECTION('center_axis',(1.22464679914084E-16,-3.99544365068078E-22,
-1.));
#4856=DIRECTION('ref_axis',(-0.999999999978712,6.52505465811253E-6,-1.22464679914084E-16));
#4857=DIRECTION('',(-3.26252732907363E-6,-0.999999999994678,4.70197740328915E-38));
#4858=DIRECTION('',(0.999999999978712,-6.52505465811253E-6,1.22464679914084E-16));
#4859=DIRECTION('',(-0.999999999978712,6.52505465811253E-6,-1.22464679914084E-16));
#4860=DIRECTION('center_axis',(6.52505465811253E-6,0.999999999978712,3.99544365068078E-22));
#4861=DIRECTION('ref_axis',(-0.999999999978712,6.52505465811253E-6,-1.22464679914084E-16));
#4862=DIRECTION('',(-0.707106781173376,4.61391039637651E-6,-0.707106781184666));
#4863=DIRECTION('center_axis',(0.707106781182785,-2.3069551981944E-6,-0.707106781186547));
#4864=DIRECTION('ref_axis',(-0.707106781173376,4.61391039637651E-6,-0.707106781184666));
#4865=DIRECTION('',(0.707106781173376,-4.61391039637651E-6,0.707106781184666));
#4866=DIRECTION('',(-3.26252732907363E-6,-0.999999999994678,-2.58919067013269E-38));
#4867=DIRECTION('',(0.707106781182784,-2.30695518914426E-6,0.707106781186548));
#4868=DIRECTION('',(3.26252732907363E-6,0.999999999994678,4.70197740328915E-38));
#4869=DIRECTION('center_axis',(0.999999999994678,-3.26252732907363E-6,6.13291437227682E-17));
#4870=DIRECTION('ref_axis',(3.26252732907363E-6,0.999999999994678,3.28768458877955E-39));
#4871=DIRECTION('',(3.26252732907363E-6,0.999999999994678,-2.2204460492504E-14));
#4872=DIRECTION('center_axis',(-0.999999999994678,3.26252732907363E-6,-6.13291437227682E-17));
#4873=DIRECTION('ref_axis',(2.30695519813442E-6,0.707106781182801,0.707106781186531));
#4874=DIRECTION('',(-6.12877479171937E-17,1.26882633385937E-14,1.));
#4875=DIRECTION('center_axis',(0.999999999994678,-3.26252732907363E-6,6.13291437227682E-17));
#4876=DIRECTION('ref_axis',(3.26252732907363E-6,0.999999999994678,-6.7596486298405E-33));
#4877=DIRECTION('center_axis',(1.22464679914084E-16,-3.99544365068078E-22,
-1.));
#4878=DIRECTION('ref_axis',(-0.999999999978712,6.52505465811253E-6,-1.22464679914084E-16));
#4879=DIRECTION('',(-0.999999999994678,3.26252732896306E-6,-1.22464679914735E-16));
#4880=DIRECTION('',(-3.26252733095899E-6,-0.999999999994678,-2.30889801052355E-31));
#4881=DIRECTION('center_axis',(1.22464679914084E-16,-3.99544365068078E-22,
-1.));
#4882=DIRECTION('ref_axis',(-6.52505465811253E-6,-0.999999999978712,-3.99544365068078E-22));
#4883=DIRECTION('',(6.52505465674065E-6,0.999999999978712,3.99544364900071E-22));
#4884=DIRECTION('',(-0.806175918999632,0.591675914352696,-9.87283122755096E-17));
#4885=DIRECTION('center_axis',(-1.22464679914084E-16,3.99544365068078E-22,
1.));
#4886=DIRECTION('ref_axis',(-0.999999999978712,6.52505465811253E-6,-1.22464679914084E-16));
#4887=DIRECTION('',(-6.52505465811253E-6,-0.999999999978712,-3.99544365068078E-22));
#4888=DIRECTION('',(-0.999999999978712,6.52505465811253E-6,-1.22464679914084E-16));
#4889=DIRECTION('center_axis',(0.707106781182785,-2.30695519952755E-6,-0.707106781186547));
#4890=DIRECTION('ref_axis',(-0.707106781173376,4.61391039637651E-6,-0.707106781184666));
#4891=DIRECTION('',(-0.707106781182784,2.30695519937229E-6,-0.707106781186548));
#4892=DIRECTION('',(-3.26252733095899E-6,-0.999999999994678,-2.30889801052355E-31));
#4893=DIRECTION('center_axis',(0.999999999994678,-3.26252733095899E-6,6.12323399573677E-17));
#4894=DIRECTION('ref_axis',(3.26252733095899E-6,0.999999999994678,1.15444879571329E-31));
#4895=DIRECTION('',(-6.12323399570418E-17,1.99772182534039E-22,1.));
#4896=DIRECTION('',(2.2808903816632E-6,0.699117631920159,0.715006669013057));
#4897=DIRECTION('center_axis',(-0.999999999994678,3.26252733095899E-6,-6.12323399573677E-17));
#4898=DIRECTION('ref_axis',(-2.33272879954114E-6,-0.71500666900925,0.699117631923881));
#4899=DIRECTION('',(6.12323399570418E-17,-1.99772182534039E-22,-1.));
#4900=DIRECTION('',(2.31477198738786E-6,0.709502711896151,-0.704702704554657));
#4901=DIRECTION('center_axis',(-0.999999999994678,3.26252733073942E-6,-6.12317153899707E-17));
#4902=DIRECTION('ref_axis',(-2.33272879954114E-6,-0.71500666900925,0.699117631923881));
#4903=DIRECTION('',(-0.999999999994678,3.26252733073942E-6,-6.12317153899707E-17));
#4904=DIRECTION('center_axis',(0.999999999994678,-3.26252733073942E-6,6.12323399573677E-17));
#4905=DIRECTION('ref_axis',(-2.33272879954114E-6,-0.71500666900925,0.699117631923881));
#4906=DIRECTION('',(0.999999999994678,-3.26252733073942E-6,6.12317153899707E-17));
#4907=DIRECTION('center_axis',(-0.999999999994678,3.26252733073942E-6,-6.12323399573677E-17));
#4908=DIRECTION('ref_axis',(-6.12323399576935E-17,-9.4039548065783E-38,
1.));
#4909=DIRECTION('',(2.2808903816632E-6,0.699117631920159,0.715006669013057));
#4910=DIRECTION('',(-6.12323399570418E-17,1.99772182534039E-22,1.));
#4911=DIRECTION('',(6.12323399576935E-17,9.4039548065783E-38,-1.));
#4912=DIRECTION('',(-3.26252733073942E-6,-0.999999999994678,-2.04000320757521E-31));
#4913=DIRECTION('',(-6.12323399576935E-17,-9.4039548065783E-38,1.));
#4914=DIRECTION('',(3.26252733073942E-6,0.999999999994678,2.04000320757521E-31));
#4915=DIRECTION('',(-6.12323399576935E-17,-9.4039548065783E-38,1.));
#4916=DIRECTION('',(3.26252733073942E-6,0.999999999994678,2.04000320757521E-31));
#4917=DIRECTION('',(2.31477198738786E-6,0.709502711896151,-0.704702704554657));
#4918=DIRECTION('',(6.12323399570418E-17,-1.99772182534039E-22,-1.));
#4919=DIRECTION('center_axis',(-3.26252733073942E-6,-0.999999999994678,
-1.02000136868874E-31));
#4920=DIRECTION('ref_axis',(6.12323399570418E-17,-1.99772182534039E-22,
-1.));
#4921=DIRECTION('',(0.999999999994678,-3.26252733073942E-6,6.12323399573677E-17));
#4922=DIRECTION('center_axis',(-6.52505465811253E-6,-0.999999999978712,
-3.99544365068078E-22));
#4923=DIRECTION('ref_axis',(0.999999999978712,-6.52505465811253E-6,1.22464679914084E-16));
#4924=DIRECTION('',(0.999999999978712,-6.52505465811253E-6,1.22464679914084E-16));
#4925=DIRECTION('',(0.,0.,1.));
#4926=DIRECTION('',(-0.999999999978712,6.52505465811253E-6,-1.22464679914084E-16));
#4927=DIRECTION('center_axis',(-6.52505465811253E-6,-0.999999999978712,
-3.99544365068078E-22));
#4928=DIRECTION('ref_axis',(0.999999999978712,-6.52505465811253E-6,1.22464679914084E-16));
#4929=DIRECTION('',(-1.22464679914084E-16,3.99544365068078E-22,1.));
#4930=DIRECTION('',(-0.999999999978712,6.52505465811253E-6,-1.22464679914084E-16));
#4931=DIRECTION('center_axis',(6.52505465811253E-6,0.999999999978712,3.99544365068078E-22));
#4932=DIRECTION('ref_axis',(-0.999999999978712,6.52505465811253E-6,-1.22464679914084E-16));
#4933=DIRECTION('',(0.,0.,1.));
#4934=DIRECTION('',(-0.999999999978712,6.52505465811253E-6,-1.22464679914084E-16));
#4935=DIRECTION('center_axis',(-0.999999999994678,3.26252732096943E-6,-1.22464679914735E-16));
#4936=DIRECTION('ref_axis',(3.26252732902337E-6,0.999999999994678,-9.84196949172759E-33));
#4937=DIRECTION('',(0.707109088137982,0.707104474227586,1.73191211247098E-16));
#4938=DIRECTION('center_axis',(-0.999999999994678,3.26252732907363E-6,-6.13291437227682E-17));
#4939=DIRECTION('ref_axis',(3.26252732896306E-6,0.999999999994678,-1.3540636976557E-32));
#4940=DIRECTION('center_axis',(0.999999999994678,-3.26252732896306E-6,1.22464679914735E-16));
#4941=DIRECTION('ref_axis',(3.26252732896306E-6,0.999999999994678,-1.3540636976557E-32));
#4942=DIRECTION('',(0.999999999994678,-3.26252732896306E-6,1.22464679914735E-16));
#4943=DIRECTION('center_axis',(-0.999999999994678,3.26252732907363E-6,-6.12323399573677E-17));
#4944=DIRECTION('ref_axis',(3.26252732907363E-6,0.999999999994678,-5.87747175411143E-38));
#4945=DIRECTION('center_axis',(0.999999999994678,-3.26252732896306E-6,1.22464679914735E-16));
#4946=DIRECTION('ref_axis',(2.30695519813442E-6,0.707106781182801,0.707106781186531));
#4947=DIRECTION('',(-0.999999999994678,3.26252732896306E-6,-1.22464679914735E-16));
#4948=DIRECTION('center_axis',(0.999999999994678,-3.26252732907363E-6,6.13291437227682E-17));
#4949=DIRECTION('ref_axis',(2.30695519813442E-6,0.707106781182801,0.707106781186531));
#4950=DIRECTION('',(0.999999999994678,-3.26252732896306E-6,1.22464679914735E-16));
#4951=DIRECTION('center_axis',(-3.26252732896306E-6,-0.999999999994678,
1.26882631385732E-14));
#4952=DIRECTION('ref_axis',(-6.12877479171937E-17,1.26882633385937E-14,
1.));
#4953=DIRECTION('',(-6.12877479171937E-17,1.26882633385937E-14,1.));
#4954=DIRECTION('',(6.11909441517698E-17,-1.26882633382779E-14,-1.));
#4955=DIRECTION('center_axis',(1.22392237254902E-16,-2.22044608919302E-14,
-1.));
#4956=DIRECTION('ref_axis',(-3.26252732907363E-6,-0.999999999994678,2.2204460492504E-14));
#4957=DIRECTION('',(-3.26252732907363E-6,-0.999999999994678,2.2204460492504E-14));
#4958=DIRECTION('center_axis',(0.999999999994678,-3.26252732907363E-6,6.13291437227682E-17));
#4959=DIRECTION('ref_axis',(3.26252732907363E-6,0.999999999994678,3.28768458877955E-39));
#4960=DIRECTION('',(2.31477198738786E-6,0.709502711896151,-0.704702704554657));
#4961=DIRECTION('center_axis',(0.999999999994678,-3.26252733095899E-6,6.12323399573677E-17));
#4962=DIRECTION('ref_axis',(3.26252733095899E-6,0.999999999994678,1.15444879571329E-31));
#4963=DIRECTION('',(2.31477198738786E-6,0.709502711896151,-0.704702704554657));
#4964=DIRECTION('',(-3.26252733095899E-6,-0.999999999994678,-2.30889801052355E-31));
#4965=DIRECTION('',(1.22464679914084E-16,-3.99544365068078E-22,-1.));
#4966=DIRECTION('center_axis',(3.26252733073942E-6,0.999999999994678,1.02000136868874E-31));
#4967=DIRECTION('ref_axis',(-6.12323399570418E-17,1.99772182534039E-22,
1.));
#4968=DIRECTION('',(0.999999999994678,-3.26252733073942E-6,6.12323399573677E-17));
#4969=DIRECTION('center_axis',(-2.29911183361211E-6,-0.704702704550907,
-0.709502711899927));
#4970=DIRECTION('ref_axis',(2.31477198738786E-6,0.709502711896151,-0.704702704554657));
#4971=DIRECTION('',(-0.999999999994678,3.26252733073942E-6,-1.22464679914735E-16));
#4972=DIRECTION('center_axis',(2.33272879935886E-6,0.715006669009252,-0.699117631923879));
#4973=DIRECTION('ref_axis',(2.2808903816632E-6,0.699117631920159,0.715006669013057));
#4974=DIRECTION('center_axis',(1.22464679914084E-16,-3.99544365068078E-22,
-1.));
#4975=DIRECTION('ref_axis',(-6.52505465811253E-6,-0.999999999978712,-3.99544365068078E-22));
#4976=DIRECTION('center_axis',(1.22464679914084E-16,-3.99544365068078E-22,
-1.));
#4977=DIRECTION('ref_axis',(-6.52505465811253E-6,-0.999999999978712,-3.99544365068078E-22));
#4978=DIRECTION('',(-1.22464679914084E-16,3.99544365068078E-22,1.));
#4979=DIRECTION('center_axis',(6.52505465811253E-6,0.999999999978712,3.99544365068078E-22));
#4980=DIRECTION('ref_axis',(-0.999999999978712,6.52505465811253E-6,-1.22464679914084E-16));
#4981=DIRECTION('',(-0.999999999978712,6.52505465811253E-6,-1.22464679914084E-16));
#4982=DIRECTION('',(-1.22464679914084E-16,3.99544365068078E-22,1.));
#4983=DIRECTION('',(-0.999999999978712,6.52505465811253E-6,-1.22464679914084E-16));
#4984=DIRECTION('center_axis',(0.999999999978712,-6.52505465674065E-6,1.22464679914084E-16));
#4985=DIRECTION('ref_axis',(6.52505465674065E-6,0.999999999978712,3.99544364900071E-22));
#4986=DIRECTION('',(6.52505465674065E-6,0.999999999978712,3.99544364900071E-22));
#4987=DIRECTION('',(-1.22464679914084E-16,3.99544365068078E-22,1.));
#4988=DIRECTION('center_axis',(0.591675914352696,0.806175918999632,7.24590793610299E-17));
#4989=DIRECTION('ref_axis',(-0.806175918999632,0.591675914352696,-9.87283122755096E-17));
#4990=DIRECTION('',(-0.806175918999632,0.591675914352696,-9.87283122755096E-17));
#4991=DIRECTION('',(-1.22464679914084E-16,3.99544365068078E-22,1.));
#4992=DIRECTION('center_axis',(1.22464679914084E-16,-3.99544365068078E-22,
-1.));
#4993=DIRECTION('ref_axis',(-0.999999999978712,6.52505465811253E-6,-1.22464679914084E-16));
#4994=DIRECTION('center_axis',(-1.22464679914084E-16,3.99544365068078E-22,
1.));
#4995=DIRECTION('ref_axis',(-0.999999999978712,6.52505465811253E-6,-1.22464679914084E-16));
#4996=DIRECTION('',(-1.22464679914084E-16,3.99544365068078E-22,1.));
#4997=DIRECTION('center_axis',(-6.52505465811253E-6,-0.999999999978712,
-3.99544365068078E-22));
#4998=DIRECTION('ref_axis',(0.999999999978712,-6.52505465811253E-6,1.22464679914084E-16));
#4999=DIRECTION('',(-1.22464679914084E-16,3.99544365068078E-22,1.));
#5000=DIRECTION('',(0.999999999978712,-6.52505465811253E-6,1.22464679914084E-16));
#5001=DIRECTION('',(0.,0.,1.));
#5002=DIRECTION('center_axis',(1.22464679914084E-16,-3.99544365068078E-22,
-1.));
#5003=DIRECTION('ref_axis',(-6.52505465811253E-6,-0.999999999978712,-3.99544365068078E-22));
#5004=DIRECTION('',(-1.22464679914084E-16,3.99544365068078E-22,1.));
#5005=DIRECTION('center_axis',(-1.22464679914084E-16,3.99544365068078E-22,
1.));
#5006=DIRECTION('ref_axis',(-6.52505465811253E-6,-0.999999999978712,-3.99544365068078E-22));
#5007=DIRECTION('center_axis',(-0.999999999978712,6.5250546580065E-6,-1.22464679914084E-16));
#5008=DIRECTION('ref_axis',(-6.5250546580065E-6,-0.999999999978712,-3.99544365055093E-22));
#5009=DIRECTION('',(-1.22464679914084E-16,3.99544365068078E-22,1.));
#5010=DIRECTION('',(-6.5250546580065E-6,-0.999999999978712,-3.99544365055093E-22));
#5011=DIRECTION('center_axis',(1.22464679914084E-16,-3.99544365068078E-22,
-1.));
#5012=DIRECTION('ref_axis',(0.591675914353247,0.806175918999227,7.24590793610975E-17));
#5013=DIRECTION('',(-1.22464679914084E-16,3.99544365068078E-22,1.));
#5014=DIRECTION('center_axis',(1.22464679914084E-16,-3.99544365068078E-22,
-1.));
#5015=DIRECTION('ref_axis',(0.591675914353247,0.806175918999227,7.24590793610975E-17));
#5016=DIRECTION('center_axis',(-0.591675914353247,-0.806175918999228,-7.24590793610973E-17));
#5017=DIRECTION('ref_axis',(0.806175918999228,-0.591675914353246,9.87283122754601E-17));
#5018=DIRECTION('',(-1.22464679914084E-16,3.99544365068078E-22,1.));
#5019=DIRECTION('',(0.806175918999228,-0.591675914353246,9.87283122754601E-17));
#5020=DIRECTION('center_axis',(1.22464679914084E-16,-3.99544365068078E-22,
-1.));
#5021=DIRECTION('ref_axis',(-0.999999999978712,6.52505465811253E-6,-1.22464679914084E-16));
#5022=DIRECTION('center_axis',(1.22464679914084E-16,-3.99544365068078E-22,
-1.));
#5023=DIRECTION('ref_axis',(-0.999999999978712,6.52505465811253E-6,-1.22464679914084E-16));
#5024=DIRECTION('center_axis',(-0.999999999978712,6.52505465811253E-6,-1.22464679914084E-16));
#5025=DIRECTION('ref_axis',(-6.52505465811253E-6,-0.999999999978712,-3.99544365068078E-22));
#5026=DIRECTION('',(-6.52505465811253E-6,-0.999999999978712,-3.99544365068078E-22));
#5027=DIRECTION('center_axis',(0.707104474227587,-0.707109088137981,-7.61568980052367E-15));
#5028=DIRECTION('ref_axis',(-1.07702469410093E-14,0.,-1.));
#5029=DIRECTION('',(-6.11708737583457E-17,-1.0831347139405E-14,1.));
#5030=DIRECTION('',(-0.707109088137981,-0.707104474227587,1.57009245868384E-14));
#5031=DIRECTION('',(6.11708737583457E-17,1.0831347139405E-14,-1.));
#5032=DIRECTION('',(6.12676778395502E-17,1.08314439428546E-14,-1.));
#5033=DIRECTION('',(-0.577352152807582,-0.577348385565526,0.577350269189624));
#5034=DIRECTION('',(-1.07702469410093E-14,0.,-1.));
#5035=DIRECTION('',(-0.707109088137981,-0.707104474227587,0.));
#5036=DIRECTION('',(-6.12676778395502E-17,-1.08314439428546E-14,1.));
#5037=DIRECTION('',(-0.577352152807582,-0.577348385565527,0.577350269189623));
#5038=DIRECTION('center_axis',(-3.26252732918419E-6,-0.999999999994678,
-1.08314441426844E-14));
#5039=DIRECTION('ref_axis',(6.12676778395706E-17,1.08314439428546E-14,-1.));
#5040=DIRECTION('',(0.999999999994678,-3.26252732918419E-6,0.));
#5041=DIRECTION('',(0.707106781182784,-2.30695519061359E-6,-0.707106781186548));
#5042=DIRECTION('center_axis',(0.,0.,1.));
#5043=DIRECTION('ref_axis',(1.,0.,0.));
#5044=DIRECTION('',(1.,0.,0.));
#5045=DIRECTION('',(0.,1.,0.));
#5046=DIRECTION('',(-1.,0.,0.));
#5047=DIRECTION('',(-3.26252732907363E-6,-0.999999999994678,0.));
#5048=DIRECTION('center_axis',(0.,-1.,0.));
#5049=DIRECTION('ref_axis',(1.,0.,0.));
#5050=DIRECTION('',(0.707106781188429,0.,-0.707106781184666));
#5051=DIRECTION('',(0.,0.,-1.));
#5052=DIRECTION('',(-1.,0.,0.));
#5053=DIRECTION('',(0.,0.,1.));
#5054=DIRECTION('center_axis',(0.707106781182784,-2.3069551981944E-6,0.707106781186547));
#5055=DIRECTION('ref_axis',(0.707106781188429,0.,-0.707106781184666));
#5056=DIRECTION('',(-0.707106781188429,0.,0.707106781184666));
#5057=DIRECTION('',(3.26252732907363E-6,0.999999999994678,0.));
#5058=DIRECTION('',(-0.707106781182784,2.30695520724454E-6,0.707106781186548));
#5059=DIRECTION('',(-3.26252732907363E-6,-0.999999999994678,-2.58919067013269E-38));
#5060=DIRECTION('center_axis',(0.999999999994678,-3.26252732907363E-6,6.11355361919671E-17));
#5061=DIRECTION('ref_axis',(3.26252732907363E-6,0.999999999994678,-4.37320894441119E-38));
#5062=DIRECTION('',(-6.10941403863937E-17,1.26882633379621E-14,1.));
#5063=DIRECTION('center_axis',(-0.999999999994678,3.26252732907363E-6,-6.11355361919671E-17));
#5064=DIRECTION('ref_axis',(2.30695519816789E-6,0.707106781182801,0.707106781186531));
#5065=DIRECTION('',(3.26252732907363E-6,0.999999999994678,-2.2204460492504E-14));
#5066=DIRECTION('center_axis',(0.999999999994678,-3.26252732907363E-6,6.11355361919671E-17));
#5067=DIRECTION('ref_axis',(3.26252732907363E-6,0.999999999994678,-6.7596486298405E-33));
#5068=DIRECTION('center_axis',(0.,0.,1.));
#5069=DIRECTION('ref_axis',(1.,0.,0.));
#5070=DIRECTION('',(0.999999999994678,-3.26252732918419E-6,0.));
#5071=DIRECTION('',(1.,0.,0.));
#5072=DIRECTION('',(0.,-1.,0.));
#5073=DIRECTION('center_axis',(0.,0.,-1.));
#5074=DIRECTION('ref_axis',(1.,0.,0.));
#5075=DIRECTION('',(0.806179779700151,0.591670653998165,0.));
#5076=DIRECTION('',(1.37188193019497E-15,1.,0.));
#5077=DIRECTION('center_axis',(0.,0.,1.));
#5078=DIRECTION('ref_axis',(0.,-1.,0.));
#5079=DIRECTION('',(-3.26252732718827E-6,-0.999999999994678,0.));
#5080=DIRECTION('center_axis',(0.707106781182784,-2.30695519686125E-6,0.707106781186547));
#5081=DIRECTION('ref_axis',(0.707106781188429,0.,-0.707106781184666));
#5082=DIRECTION('',(-3.26252732718827E-6,-0.999999999994678,0.));
#5083=DIRECTION('',(0.707106781182784,-2.30695519701651E-6,-0.707106781186548));
#5084=DIRECTION('center_axis',(0.999999999994678,-3.26252732718827E-6,6.12323399573677E-17));
#5085=DIRECTION('ref_axis',(3.26252732718827E-6,0.999999999994678,-1.15444921481026E-31));
#5086=DIRECTION('',(2.31477198794917E-6,0.709502711896151,-0.704702704554657));
#5087=DIRECTION('',(6.12323399570418E-17,-1.99772182534039E-22,-1.));
#5088=DIRECTION('center_axis',(-0.999999999994678,3.26252732718827E-6,-6.12323399573677E-17));
#5089=DIRECTION('ref_axis',(-2.33272879679446E-6,-0.71500666900925,0.699117631923881));
#5090=DIRECTION('',(2.28089037902702E-6,0.699117631920159,0.715006669013057));
#5091=DIRECTION('',(-6.12323399570418E-17,1.99772182534039E-22,1.));
#5092=DIRECTION('center_axis',(-0.999999999994678,3.26252732740784E-6,-6.12329645247646E-17));
#5093=DIRECTION('ref_axis',(-2.33272879679446E-6,-0.71500666900925,0.699117631923881));
#5094=DIRECTION('',(-0.999999999994678,3.26252732740784E-6,-6.12329645247646E-17));
#5095=DIRECTION('center_axis',(0.999999999994678,-3.26252732740784E-6,6.12323399573677E-17));
#5096=DIRECTION('ref_axis',(-2.33272879679446E-6,-0.71500666900925,0.699117631923881));
#5097=DIRECTION('',(0.999999999994678,-3.26252732740784E-6,6.12329645247646E-17));
#5098=DIRECTION('center_axis',(-0.999999999994678,3.26252732740784E-6,-6.12323399573677E-17));
#5099=DIRECTION('ref_axis',(-6.12323399576935E-17,0.,1.));
#5100=DIRECTION('',(6.12323399570418E-17,-1.99772182534039E-22,-1.));
#5101=DIRECTION('',(2.31477198794917E-6,0.709502711896151,-0.704702704554657));
#5102=DIRECTION('',(3.26252732740784E-6,0.999999999994678,0.));
#5103=DIRECTION('',(-6.12323399576935E-17,0.,1.));
#5104=DIRECTION('',(3.26252732740784E-6,0.999999999994678,0.));
#5105=DIRECTION('',(-6.12323399576935E-17,0.,1.));
#5106=DIRECTION('',(-3.26252732740784E-6,-0.999999999994678,0.));
#5107=DIRECTION('',(6.12323399576935E-17,0.,-1.));
#5108=DIRECTION('',(-6.12323399570418E-17,1.99772182534039E-22,1.));
#5109=DIRECTION('',(2.28089037902702E-6,0.699117631920159,0.715006669013057));
#5110=DIRECTION('center_axis',(3.26252732740784E-6,0.999999999994678,-1.02000183888648E-31));
#5111=DIRECTION('ref_axis',(6.12323399570418E-17,-1.99772182534039E-22,
-1.));
#5112=DIRECTION('',(-0.999999999994678,3.26252732740784E-6,-6.12323399573677E-17));
#5113=DIRECTION('center_axis',(0.,1.,0.));
#5114=DIRECTION('ref_axis',(-1.,0.,0.));
#5115=DIRECTION('',(1.,0.,0.));
#5116=DIRECTION('',(-1.,0.,0.));
#5117=DIRECTION('center_axis',(0.,1.,0.));
#5118=DIRECTION('ref_axis',(-1.,0.,0.));
#5119=DIRECTION('',(0.,0.,1.));
#5120=DIRECTION('',(1.,0.,0.));
#5121=DIRECTION('',(0.,0.,1.));
#5122=DIRECTION('center_axis',(0.,0.,1.));
#5123=DIRECTION('ref_axis',(1.,0.,0.));
#5124=DIRECTION('',(1.,0.,0.));
#5125=DIRECTION('center_axis',(0.,-1.,0.));
#5126=DIRECTION('ref_axis',(1.,0.,0.));
#5127=DIRECTION('center_axis',(1.,0.,0.));
#5128=DIRECTION('ref_axis',(0.,1.,0.));
#5129=DIRECTION('',(0.,0.,1.));
#5130=DIRECTION('',(0.,1.,0.));
#5131=DIRECTION('',(0.,1.,0.));
#5132=DIRECTION('center_axis',(0.,0.,1.));
#5133=DIRECTION('ref_axis',(1.,0.,0.));
#5134=DIRECTION('',(0.,-1.,0.));
#5135=DIRECTION('',(-0.999999999994678,3.26252732915132E-6,0.));
#5136=DIRECTION('center_axis',(-1.,0.,0.));
#5137=DIRECTION('ref_axis',(0.,-1.,0.));
#5138=DIRECTION('center_axis',(0.,0.,1.));
#5139=DIRECTION('ref_axis',(1.,0.,0.));
#5140=DIRECTION('',(1.,0.,0.));
#5141=DIRECTION('',(0.999999999994678,-3.26252732950717E-6,0.));
#5142=DIRECTION('center_axis',(3.26252732915132E-6,0.999999999994678,0.));
#5143=DIRECTION('ref_axis',(-0.999999999994678,3.26252732915132E-6,0.));
#5144=DIRECTION('center_axis',(0.,0.,1.));
#5145=DIRECTION('ref_axis',(1.,0.,0.));
#5146=DIRECTION('center_axis',(0.999999999994678,-3.26252733717782E-6,0.));
#5147=DIRECTION('ref_axis',(3.26252732912388E-6,0.999999999994678,-3.68708107082209E-33));
#5148=DIRECTION('',(-0.707104474227586,0.707109088137982,8.65956056235486E-17));
#5149=DIRECTION('center_axis',(-0.999999999994678,3.26252732907363E-6,-6.11355361919671E-17));
#5150=DIRECTION('ref_axis',(3.2625273291842E-6,0.999999999994678,0.));
#5151=DIRECTION('center_axis',(0.999999999994678,-3.26252732918419E-6,0.));
#5152=DIRECTION('ref_axis',(3.2625273291842E-6,0.999999999994678,0.));
#5153=DIRECTION('',(-0.999999999994678,3.2625273291842E-6,0.));
#5154=DIRECTION('center_axis',(-0.999999999994678,3.26252732907363E-6,-6.12323399573677E-17));
#5155=DIRECTION('ref_axis',(3.26252732907363E-6,0.999999999994678,0.));
#5156=DIRECTION('center_axis',(0.999999999994678,-3.26252732918419E-6,-1.20370621524202E-35));
#5157=DIRECTION('ref_axis',(2.30695519816789E-6,0.707106781182801,0.707106781186531));
#5158=DIRECTION('',(-0.999999999994678,3.26252732918419E-6,1.20370621524202E-35));
#5159=DIRECTION('center_axis',(0.999999999994678,-3.26252732907363E-6,6.11355361919672E-17));
#5160=DIRECTION('ref_axis',(2.30695519816789E-6,0.707106781182801,0.707106781186531));
#5161=DIRECTION('',(0.999999999994678,-3.26252732918419E-6,-1.20370621524202E-35));
#5162=DIRECTION('center_axis',(3.26252732918419E-6,0.999999999994678,-1.26882631385732E-14));
#5163=DIRECTION('ref_axis',(-6.10941403863937E-17,1.2688263337962E-14,1.));
#5164=DIRECTION('',(6.11909441518176E-17,-1.26882633382779E-14,-1.));
#5165=DIRECTION('',(-6.10941403863937E-17,1.2688263337962E-14,1.));
#5166=DIRECTION('center_axis',(7.2442659186585E-20,2.22044604923858E-14,
1.));
#5167=DIRECTION('ref_axis',(-3.26252732907363E-6,-0.999999999994678,2.2204460492504E-14));
#5168=DIRECTION('',(-3.26252732907363E-6,-0.999999999994678,2.2204460492504E-14));
#5169=DIRECTION('center_axis',(0.999999999994678,-3.26252732907363E-6,6.11355361919672E-17));
#5170=DIRECTION('ref_axis',(3.26252732907363E-6,0.999999999994678,-4.37320894441119E-38));
#5171=DIRECTION('',(2.31477198794917E-6,0.709502711896151,-0.704702704554657));
#5172=DIRECTION('center_axis',(0.999999999994678,-3.26252732718827E-6,6.12323399573677E-17));
#5173=DIRECTION('ref_axis',(3.26252732718827E-6,0.999999999994678,-1.15444921481026E-31));
#5174=DIRECTION('',(0.,0.,-1.));
#5175=DIRECTION('',(-3.26252732718827E-6,-0.999999999994678,0.));
#5176=DIRECTION('',(2.31477198794917E-6,0.709502711896151,-0.704702704554657));
#5177=DIRECTION('center_axis',(-3.26252732740784E-6,-0.999999999994678,
1.02000183888648E-31));
#5178=DIRECTION('ref_axis',(-6.12323399570418E-17,1.99772182534039E-22,
1.));
#5179=DIRECTION('',(-0.999999999994678,3.26252732740784E-6,-6.12323399573677E-17));
#5180=DIRECTION('center_axis',(2.29911183126434E-6,0.704702704550907,0.709502711899927));
#5181=DIRECTION('ref_axis',(2.31477198794917E-6,0.709502711896151,-0.704702704554657));
#5182=DIRECTION('',(0.999999999994678,-3.26252732740784E-6,0.));
#5183=DIRECTION('center_axis',(-2.33272879697676E-6,-0.715006669009252,
0.699117631923879));
#5184=DIRECTION('ref_axis',(2.28089037902702E-6,0.699117631920159,0.715006669013057));
#5185=DIRECTION('center_axis',(0.,0.,1.));
#5186=DIRECTION('ref_axis',(1.,0.,0.));
#5187=DIRECTION('center_axis',(0.,0.,1.));
#5188=DIRECTION('ref_axis',(1.,0.,0.));
#5189=DIRECTION('',(-0.806179779699747,-0.591670653998715,0.));
#5190=DIRECTION('center_axis',(0.,0.,1.));
#5191=DIRECTION('ref_axis',(-0.591670653998716,0.806179779699747,0.));
#5192=DIRECTION('',(-1.06028469131166E-16,-1.,0.));
#5193=DIRECTION('center_axis',(0.,0.,-1.));
#5194=DIRECTION('ref_axis',(0.,-1.,0.));
#5195=DIRECTION('',(-1.,0.,0.));
#5196=DIRECTION('',(-0.999999999994678,3.26252732864009E-6,-1.22464679914735E-16));
#5197=DIRECTION('',(1.,0.,0.));
#5198=DIRECTION('center_axis',(0.,0.,1.));
#5199=DIRECTION('ref_axis',(0.,-1.,0.));
#5200=DIRECTION('',(1.37188193019497E-15,1.,0.));
#5201=DIRECTION('',(0.806179779700151,0.591670653998165,0.));
#5202=DIRECTION('center_axis',(0.,0.,-1.));
#5203=DIRECTION('ref_axis',(1.,0.,0.));
#5204=DIRECTION('',(0.,-1.,0.));
#5205=DIRECTION('center_axis',(0.,0.,1.));
#5206=DIRECTION('ref_axis',(0.,-1.,0.));
#5207=DIRECTION('',(0.,0.,1.));
#5208=DIRECTION('center_axis',(-3.26252732950717E-6,-0.999999999994678,
0.));
#5209=DIRECTION('ref_axis',(0.999999999994678,-3.26252732950717E-6,0.));
#5210=DIRECTION('',(0.,0.,1.));
#5211=DIRECTION('center_axis',(0.,-1.,0.));
#5212=DIRECTION('ref_axis',(1.,0.,0.));
#5213=DIRECTION('center_axis',(1.,-1.37188193019497E-15,0.));
#5214=DIRECTION('ref_axis',(1.37188193019497E-15,1.,0.));
#5215=DIRECTION('',(0.,0.,1.));
#5216=DIRECTION('center_axis',(0.591670653998165,-0.806179779700151,0.));
#5217=DIRECTION('ref_axis',(0.806179779700151,0.591670653998165,0.));
#5218=DIRECTION('',(0.,0.,1.));
#5219=DIRECTION('center_axis',(0.,0.,1.));
#5220=DIRECTION('ref_axis',(1.,0.,0.));
#5221=DIRECTION('',(0.,0.,1.));
#5222=DIRECTION('center_axis',(0.,1.,0.));
#5223=DIRECTION('ref_axis',(-1.,0.,0.));
#5224=DIRECTION('',(0.,0.,1.));
#5225=DIRECTION('center_axis',(0.,0.,1.));
#5226=DIRECTION('ref_axis',(0.,-1.,0.));
#5227=DIRECTION('',(0.,0.,1.));
#5228=DIRECTION('center_axis',(-1.,1.06028469131166E-16,0.));
#5229=DIRECTION('ref_axis',(-1.06028469131166E-16,-1.,0.));
#5230=DIRECTION('',(0.,0.,1.));
#5231=DIRECTION('center_axis',(0.,0.,1.));
#5232=DIRECTION('ref_axis',(-0.591670653998716,0.806179779699747,0.));
#5233=DIRECTION('',(0.,0.,1.));
#5234=DIRECTION('center_axis',(-0.591670653998715,0.806179779699747,0.));
#5235=DIRECTION('ref_axis',(-0.806179779699747,-0.591670653998715,0.));
#5236=DIRECTION('',(0.,0.,1.));
#5237=DIRECTION('center_axis',(0.,0.,1.));
#5238=DIRECTION('ref_axis',(1.,0.,0.));
#5239=DIRECTION('center_axis',(-1.,0.,0.));
#5240=DIRECTION('ref_axis',(0.,-1.,0.));
#5241=CARTESIAN_POINT('',(0.,0.,0.));
#5242=CARTESIAN_POINT('Ctrl Pts',(-64.8311503508514,5.16465344667821,1.5));
#5243=CARTESIAN_POINT('Ctrl Pts',(-64.8311503508514,5.16465344667821,0.8));
#5244=CARTESIAN_POINT('Ctrl Pts',(-64.8311438138343,7.16832005309227,1.5));
#5245=CARTESIAN_POINT('Ctrl Pts',(-64.8311438138343,7.16832005309227,0.8));
#5246=CARTESIAN_POINT('Ctrl Pts',(-64.4971772898363,9.15562679813545,1.5));
#5247=CARTESIAN_POINT('Ctrl Pts',(-64.4971772898363,9.15562679813545,0.8));
#5248=CARTESIAN_POINT('Ctrl Pts',(-63.0639675526871,12.878275532144,1.5));
#5249=CARTESIAN_POINT('Ctrl Pts',(-63.0639675526871,12.878275532144,0.8));
#5250=CARTESIAN_POINT('Ctrl Pts',(-61.9841549600145,14.5704841893162,1.5));
#5251=CARTESIAN_POINT('Ctrl Pts',(-61.9841549600145,14.5704841893162,0.8));
#5252=CARTESIAN_POINT('Ctrl Pts',(-60.6405437237222,16.0415972935599,1.5));
#5253=CARTESIAN_POINT('Ctrl Pts',(-60.6405437237222,16.0415972935599,0.8));
#5254=CARTESIAN_POINT('',(-60.6405437237222,16.0415972935599,1.49999999999999));
#5255=CARTESIAN_POINT('',(-64.8311503508514,5.16465344667823,1.5));
#5256=CARTESIAN_POINT('Ctrl Pts',(-60.6405437237222,16.0415972935599,1.5));
#5257=CARTESIAN_POINT('Ctrl Pts',(-61.9841549600145,14.5704841893162,1.5));
#5258=CARTESIAN_POINT('Ctrl Pts',(-63.0639675526871,12.878275532144,1.5));
#5259=CARTESIAN_POINT('Ctrl Pts',(-63.7790641259587,11.0208688426818,1.5));
#5260=CARTESIAN_POINT('Ctrl Pts',(-64.4971772898363,9.15562679813545,1.5));
#5261=CARTESIAN_POINT('Ctrl Pts',(-64.8311438138343,7.16832005309227,1.5));
#5262=CARTESIAN_POINT('Ctrl Pts',(-64.8311503508514,5.16465344667821,1.5));
#5263=CARTESIAN_POINT('',(-64.8311503508514,5.16465344667823,0.8));
#5264=CARTESIAN_POINT('',(-64.8311503508514,5.16465344667823,1.5));
#5265=CARTESIAN_POINT('',(-60.6405437237222,16.0415972935599,0.800000000000001));
#5266=CARTESIAN_POINT('Ctrl Pts',(-64.8311503508514,5.16465344667821,0.8));
#5267=CARTESIAN_POINT('Ctrl Pts',(-64.8311438138343,7.16832005309227,0.8));
#5268=CARTESIAN_POINT('Ctrl Pts',(-64.4971772898363,9.15562679813545,0.8));
#5269=CARTESIAN_POINT('Ctrl Pts',(-63.7790641259587,11.0208688426818,0.8));
#5270=CARTESIAN_POINT('Ctrl Pts',(-63.0639675526871,12.878275532144,0.8));
#5271=CARTESIAN_POINT('Ctrl Pts',(-61.9841549600145,14.5704841893162,0.8));
#5272=CARTESIAN_POINT('Ctrl Pts',(-60.6405437237222,16.0415972935599,0.8));
#5273=CARTESIAN_POINT('Ctrl Pts',(-60.6405437237222,16.0415972935599,0.799999999999995));
#5274=CARTESIAN_POINT('Ctrl Pts',(-60.6405437237222,16.0415972935599,0.916666666666661));
#5275=CARTESIAN_POINT('Ctrl Pts',(-60.6405437237222,16.0415972935599,1.03333333333333));
#5276=CARTESIAN_POINT('Ctrl Pts',(-60.6405437237222,16.0415972935599,1.26666666666666));
#5277=CARTESIAN_POINT('Ctrl Pts',(-60.6405437237222,16.0415972935599,1.38333333333333));
#5278=CARTESIAN_POINT('Ctrl Pts',(-60.6405437237222,16.0415972935599,1.49999999999999));
#5279=CARTESIAN_POINT('Ctrl Pts',(-60.1793824174502,-6.19859563746951,1.5));
#5280=CARTESIAN_POINT('Ctrl Pts',(-60.1793824174502,-6.19859563746951,0.8));
#5281=CARTESIAN_POINT('Ctrl Pts',(-60.2535475516107,-6.12325455633502,1.5));
#5282=CARTESIAN_POINT('Ctrl Pts',(-60.2535475516107,-6.12325455633502,0.8));
#5283=CARTESIAN_POINT('Ctrl Pts',(-60.3256230510762,-6.04873098471053,1.5));
#5284=CARTESIAN_POINT('Ctrl Pts',(-60.3256230510762,-6.04873098471053,0.800000000000001));
#5285=CARTESIAN_POINT('Ctrl Pts',(-62.191109004108,-4.08747559249875,1.5));
#5286=CARTESIAN_POINT('Ctrl Pts',(-62.191109004108,-4.08747559249875,0.800000000000001));
#5287=CARTESIAN_POINT('Ctrl Pts',(-63.1127623199345,-2.30668697100305,1.5));
#5288=CARTESIAN_POINT('Ctrl Pts',(-63.1127623199345,-2.30668697100305,0.800000000000001));
#5289=CARTESIAN_POINT('Ctrl Pts',(-64.6433752009315,1.37119155226357,1.5));
#5290=CARTESIAN_POINT('Ctrl Pts',(-64.6433752009315,1.37119155226357,0.800000000000001));
#5291=CARTESIAN_POINT('Ctrl Pts',(-64.8311553817493,3.62262867074309,1.5));
#5292=CARTESIAN_POINT('Ctrl Pts',(-64.8311553817493,3.62262867074309,0.8));
#5293=CARTESIAN_POINT('Ctrl Pts',(-64.8311503508514,5.16465344667824,1.5));
#5294=CARTESIAN_POINT('Ctrl Pts',(-64.8311503508514,5.16465344667824,0.8));
#5295=CARTESIAN_POINT('',(-60.1793824174502,-6.19859563746952,1.49999999999999));
#5296=CARTESIAN_POINT('Ctrl Pts',(-64.8311503508514,5.16465344667824,1.5));
#5297=CARTESIAN_POINT('Ctrl Pts',(-64.8311553817493,3.62262867074309,1.5));
#5298=CARTESIAN_POINT('Ctrl Pts',(-64.6433752009315,1.37119155226357,1.5));
#5299=CARTESIAN_POINT('Ctrl Pts',(-63.6301691151306,-1.0634207189875,1.5));
#5300=CARTESIAN_POINT('Ctrl Pts',(-63.1127623199345,-2.30668697100305,1.5));
#5301=CARTESIAN_POINT('Ctrl Pts',(-62.191109004108,-4.08747559249875,1.5));
#5302=CARTESIAN_POINT('Ctrl Pts',(-60.395685830218,-5.97507135561395,1.5));
#5303=CARTESIAN_POINT('Ctrl Pts',(-60.3256230510762,-6.04873098471053,1.5));
#5304=CARTESIAN_POINT('Ctrl Pts',(-60.2535475516107,-6.12325455633502,1.5));
#5305=CARTESIAN_POINT('Ctrl Pts',(-60.1793824174502,-6.19859563746951,1.5));
#5306=CARTESIAN_POINT('',(-60.1793824174502,-6.19859563746951,0.800000000000001));
#5307=CARTESIAN_POINT('Ctrl Pts',(-60.1793824174502,-6.19859563746952,1.49999999999999));
#5308=CARTESIAN_POINT('Ctrl Pts',(-60.1793824174502,-6.19859563746952,1.38333333333333));
#5309=CARTESIAN_POINT('Ctrl Pts',(-60.1793824174502,-6.19859563746952,1.26666666666666));
#5310=CARTESIAN_POINT('Ctrl Pts',(-60.1793824174502,-6.19859563746952,1.03333333333333));
#5311=CARTESIAN_POINT('Ctrl Pts',(-60.1793824174502,-6.19859563746952,0.916666666666661));
#5312=CARTESIAN_POINT('Ctrl Pts',(-60.1793824174502,-6.19859563746952,0.799999999999995));
#5313=CARTESIAN_POINT('Ctrl Pts',(-60.1793824174502,-6.19859563746951,0.8));
#5314=CARTESIAN_POINT('Ctrl Pts',(-60.2535475516107,-6.12325455633502,0.8));
#5315=CARTESIAN_POINT('Ctrl Pts',(-60.3256230510762,-6.04873098471053,0.800000000000001));
#5316=CARTESIAN_POINT('Ctrl Pts',(-60.395685830218,-5.97507135561395,0.800000000000001));
#5317=CARTESIAN_POINT('Ctrl Pts',(-62.191109004108,-4.08747559249875,0.800000000000001));
#5318=CARTESIAN_POINT('Ctrl Pts',(-63.1127623199345,-2.30668697100305,0.800000000000001));
#5319=CARTESIAN_POINT('Ctrl Pts',(-63.6301691151306,-1.0634207189875,0.800000000000001));
#5320=CARTESIAN_POINT('Ctrl Pts',(-64.6433752009315,1.37119155226357,0.800000000000001));
#5321=CARTESIAN_POINT('Ctrl Pts',(-64.8311553817493,3.62262867074309,0.8));
#5322=CARTESIAN_POINT('Ctrl Pts',(-64.8311503508514,5.16465344667824,0.8));
#5323=CARTESIAN_POINT('Ctrl Pts',(29.7783139942357,16.0413022995655,1.5));
#5324=CARTESIAN_POINT('Ctrl Pts',(29.7783139942357,16.0413022995655,0.8));
#5325=CARTESIAN_POINT('Ctrl Pts',(31.4130884165953,14.2513726500897,1.5));
#5326=CARTESIAN_POINT('Ctrl Pts',(31.4130884165953,14.2513726500897,0.8));
#5327=CARTESIAN_POINT('Ctrl Pts',(32.2745335830411,12.5778294913418,1.5));
#5328=CARTESIAN_POINT('Ctrl Pts',(32.2745335830411,12.5778294913418,0.800000000000001));
#5329=CARTESIAN_POINT('Ctrl Pts',(33.7810744987012,8.95779300339622,1.5));
#5330=CARTESIAN_POINT('Ctrl Pts',(33.7810744987012,8.95779300339622,0.800000000000001));
#5331=CARTESIAN_POINT('Ctrl Pts',(33.9688546795205,6.70635588491855,1.5));
#5332=CARTESIAN_POINT('Ctrl Pts',(33.9688546795205,6.70635588491855,0.8));
#5333=CARTESIAN_POINT('Ctrl Pts',(33.9688496486226,5.1643311089781,1.5));
#5334=CARTESIAN_POINT('Ctrl Pts',(33.9688496486226,5.1643311089781,0.8));
#5335=CARTESIAN_POINT('',(33.9688496486226,5.16433110897811,1.5));
#5336=CARTESIAN_POINT('',(29.7783139942357,16.0413022995655,1.5));
#5337=CARTESIAN_POINT('Ctrl Pts',(33.9688496486226,5.1643311089781,1.5));
#5338=CARTESIAN_POINT('Ctrl Pts',(33.9688546795205,6.70635588491855,1.5));
#5339=CARTESIAN_POINT('Ctrl Pts',(33.7810744987012,8.95779300339622,1.5));
#5340=CARTESIAN_POINT('Ctrl Pts',(32.7678684129018,11.3924052746438,1.5));
#5341=CARTESIAN_POINT('Ctrl Pts',(32.2745335830411,12.5778294913418,1.5));
#5342=CARTESIAN_POINT('Ctrl Pts',(31.4130884165953,14.2513726500897,1.5));
#5343=CARTESIAN_POINT('Ctrl Pts',(29.7783139942357,16.0413022995655,1.5));
#5344=CARTESIAN_POINT('',(29.7783139942357,16.0413022995655,0.8));
#5345=CARTESIAN_POINT('Ctrl Pts',(29.7783139942357,16.0413022995655,1.5));
#5346=CARTESIAN_POINT('Ctrl Pts',(29.7783139942357,16.0413022995655,1.38333333333333));
#5347=CARTESIAN_POINT('Ctrl Pts',(29.7783139942357,16.0413022995655,1.26666666666667));
#5348=CARTESIAN_POINT('Ctrl Pts',(29.7783139942357,16.0413022995655,1.03333333333333));
#5349=CARTESIAN_POINT('Ctrl Pts',(29.7783139942357,16.0413022995655,0.916666666666667));
#5350=CARTESIAN_POINT('Ctrl Pts',(29.7783139942357,16.0413022995655,0.8));
#5351=CARTESIAN_POINT('',(33.9688496486226,5.16433110897811,0.8));
#5352=CARTESIAN_POINT('Ctrl Pts',(29.7783139942357,16.0413022995655,0.8));
#5353=CARTESIAN_POINT('Ctrl Pts',(31.4130884165953,14.2513726500897,0.8));
#5354=CARTESIAN_POINT('Ctrl Pts',(32.2745335830411,12.5778294913418,0.800000000000001));
#5355=CARTESIAN_POINT('Ctrl Pts',(32.7678684129018,11.3924052746438,0.800000000000001));
#5356=CARTESIAN_POINT('Ctrl Pts',(33.7810744987012,8.95779300339622,0.800000000000001));
#5357=CARTESIAN_POINT('Ctrl Pts',(33.9688546795205,6.70635588491855,0.8));
#5358=CARTESIAN_POINT('Ctrl Pts',(33.9688496486226,5.1643311089781,0.8));
#5359=CARTESIAN_POINT('',(33.9688496486226,5.16433110897811,1.5));
#5360=CARTESIAN_POINT('Ctrl Pts',(33.9688496486226,5.16433110897812,1.5));
#5361=CARTESIAN_POINT('Ctrl Pts',(33.9688496486226,5.16433110897812,0.8));
#5362=CARTESIAN_POINT('Ctrl Pts',(33.9688431116055,3.16066450256419,1.5));
#5363=CARTESIAN_POINT('Ctrl Pts',(33.9688431116055,3.16066450256419,0.8));
#5364=CARTESIAN_POINT('Ctrl Pts',(33.6348765876076,1.17335775752094,1.5));
#5365=CARTESIAN_POINT('Ctrl Pts',(33.6348765876076,1.17335775752094,0.800000000000001));
#5366=CARTESIAN_POINT('Ctrl Pts',(32.2010197222507,-2.55097184073237,1.5));
#5367=CARTESIAN_POINT('Ctrl Pts',(32.2010197222507,-2.55097184073237,0.800000000000001));
#5368=CARTESIAN_POINT('Ctrl Pts',(31.1198996024884,-4.24456223505787,1.5));
#5369=CARTESIAN_POINT('Ctrl Pts',(31.1198996024884,-4.24456223505787,0.800000000000001));
#5370=CARTESIAN_POINT('Ctrl Pts',(29.6336380230648,-5.87084197843331,1.5));
#5371=CARTESIAN_POINT('Ctrl Pts',(29.6336380230648,-5.87084197843331,0.800000000000001));
#5372=CARTESIAN_POINT('Ctrl Pts',(29.4814456667719,-6.03184440849024,1.5));
#5373=CARTESIAN_POINT('Ctrl Pts',(29.4814456667719,-6.03184440849024,0.8));
#5374=CARTESIAN_POINT('Ctrl Pts',(29.3170075694991,-6.19888762188766,1.5));
#5375=CARTESIAN_POINT('Ctrl Pts',(29.3170075694991,-6.19888762188766,0.8));
#5376=CARTESIAN_POINT('',(29.3170075694991,-6.19888762188765,1.5));
#5377=CARTESIAN_POINT('Ctrl Pts',(29.3170075694991,-6.19888762188766,1.5));
#5378=CARTESIAN_POINT('Ctrl Pts',(29.4814456667719,-6.03184440849024,1.5));
#5379=CARTESIAN_POINT('Ctrl Pts',(29.6336380230648,-5.87084197843331,1.5));
#5380=CARTESIAN_POINT('Ctrl Pts',(29.774594661684,-5.71660605573015,1.5));
#5381=CARTESIAN_POINT('Ctrl Pts',(31.1198996024884,-4.24456223505787,1.5));
#5382=CARTESIAN_POINT('Ctrl Pts',(32.2010197222507,-2.55097184073237,1.5));
#5383=CARTESIAN_POINT('Ctrl Pts',(32.9167634237298,-0.691884287025508,1.5));
#5384=CARTESIAN_POINT('Ctrl Pts',(33.6348765876076,1.17335775752095,1.5));
#5385=CARTESIAN_POINT('Ctrl Pts',(33.9688431116055,3.16066450256419,1.5));
#5386=CARTESIAN_POINT('Ctrl Pts',(33.9688496486226,5.16433110897812,1.5));
#5387=CARTESIAN_POINT('',(29.317007569499,-6.19888762188768,0.8));
#5388=CARTESIAN_POINT('Ctrl Pts',(33.9688496486226,5.16433110897812,0.8));
#5389=CARTESIAN_POINT('Ctrl Pts',(33.9688431116055,3.16066450256419,0.8));
#5390=CARTESIAN_POINT('Ctrl Pts',(33.6348765876076,1.17335775752095,0.800000000000001));
#5391=CARTESIAN_POINT('Ctrl Pts',(32.9167634237298,-0.691884287025508,0.800000000000001));
#5392=CARTESIAN_POINT('Ctrl Pts',(32.2010197222507,-2.55097184073237,0.800000000000001));
#5393=CARTESIAN_POINT('Ctrl Pts',(31.1198996024884,-4.24456223505787,0.800000000000001));
#5394=CARTESIAN_POINT('Ctrl Pts',(29.774594661684,-5.71660605573015,0.800000000000001));
#5395=CARTESIAN_POINT('Ctrl Pts',(29.6336380230648,-5.87084197843331,0.800000000000001));
#5396=CARTESIAN_POINT('Ctrl Pts',(29.4814456667719,-6.03184440849024,0.8));
#5397=CARTESIAN_POINT('Ctrl Pts',(29.3170075694991,-6.19888762188766,0.8));
#5398=CARTESIAN_POINT('Ctrl Pts',(29.317007569499,-6.19888762188768,0.8));
#5399=CARTESIAN_POINT('Ctrl Pts',(29.317007569499,-6.19888762188768,0.916666666666667));
#5400=CARTESIAN_POINT('Ctrl Pts',(29.3170075694991,-6.19888762188765,1.03333333333333));
#5401=CARTESIAN_POINT('Ctrl Pts',(29.3170075694991,-6.19888762188765,1.26666666666667));
#5402=CARTESIAN_POINT('Ctrl Pts',(29.3170075694991,-6.19888762188765,1.38333333333333));
#5403=CARTESIAN_POINT('Ctrl Pts',(29.3170075694991,-6.19888762188765,1.5));
#5404=CARTESIAN_POINT('Ctrl Pts',(-62.2135419216452,17.7789802039961,1.77176261941643));
#5405=CARTESIAN_POINT('Ctrl Pts',(-62.2135419216452,17.7789802039961,1.18117507961096));
#5406=CARTESIAN_POINT('Ctrl Pts',(-62.2135419216451,17.7789802039962,0.590587539805475));
#5407=CARTESIAN_POINT('Ctrl Pts',(-62.2135419216451,17.7789802039962,-5.68989300120393E-15));
#5408=CARTESIAN_POINT('Ctrl Pts',(-64.7826771831003,14.0104024668581,1.77176261941643));
#5409=CARTESIAN_POINT('Ctrl Pts',(-64.7826771831003,14.0104024668581,1.18117507961096));
#5410=CARTESIAN_POINT('Ctrl Pts',(-64.7826771831003,14.0104024668581,0.590587539805474));
#5411=CARTESIAN_POINT('Ctrl Pts',(-64.7826771831003,14.0104024668581,-6.00451982294002E-15));
#5412=CARTESIAN_POINT('Ctrl Pts',(-66.166138640675,9.44588377058687,1.77176261941643));
#5413=CARTESIAN_POINT('Ctrl Pts',(-66.166138640675,9.44588377058687,1.18117507961095));
#5414=CARTESIAN_POINT('Ctrl Pts',(-66.166138640675,9.44588377058686,0.590587539805474));
#5415=CARTESIAN_POINT('Ctrl Pts',(-66.166138640675,9.44588377058686,-6.17311179444703E-15));
#5416=CARTESIAN_POINT('Ctrl Pts',(-66.1215488576651,4.88511125885645,1.77176261941643));
#5417=CARTESIAN_POINT('Ctrl Pts',(-66.1215488576651,4.88511125885645,1.18117507961095));
#5418=CARTESIAN_POINT('Ctrl Pts',(-66.1215488576651,4.88511125885638,0.590587539805474));
#5419=CARTESIAN_POINT('Ctrl Pts',(-66.1215488576651,4.88511125885638,-6.16613221292846E-15));
#5420=CARTESIAN_POINT('',(-62.2135419216451,17.7789802039962,-4.16333634234434E-15));
#5421=CARTESIAN_POINT('',(-66.1215488576652,4.88511125885638,-6.1916994453372E-15));
#5422=CARTESIAN_POINT('Ctrl Pts',(-62.2135419216451,17.7789802039962,-2.77555756156289E-16));
#5423=CARTESIAN_POINT('Ctrl Pts',(-64.7826771831003,14.0104024668581,-5.92182577892383E-16));
#5424=CARTESIAN_POINT('Ctrl Pts',(-66.166138640675,9.44588377058686,-7.60774549399388E-16));
#5425=CARTESIAN_POINT('Ctrl Pts',(-66.1215488576651,4.88511125885638,-7.5379496788082E-16));
#5426=CARTESIAN_POINT('',(-66.1215488576652,4.88511125885645,1.49999999999999));
#5427=CARTESIAN_POINT('Ctrl Pts',(-66.1215488576651,4.88511125885638,-6.16613221292846E-15));
#5428=CARTESIAN_POINT('Ctrl Pts',(-66.1215488576651,4.88511125885638,0.499999999999994));
#5429=CARTESIAN_POINT('Ctrl Pts',(-66.1215488576651,4.88511125885643,0.999999999999994));
#5430=CARTESIAN_POINT('Ctrl Pts',(-66.1215488576651,4.88511125885644,1.49999999999999));
#5431=CARTESIAN_POINT('',(-64.854048914534,12.5533404846137,1.5));
#5432=CARTESIAN_POINT('Ctrl Pts',(-66.1215488576651,4.88511125885644,1.49999999999999));
#5433=CARTESIAN_POINT('Ctrl Pts',(-66.1470046431389,7.48880293027613,1.49999999999999));
#5434=CARTESIAN_POINT('Ctrl Pts',(-65.7070393185088,10.093715533633,1.49999999999999));
#5435=CARTESIAN_POINT('Ctrl Pts',(-64.8467496726007,12.5510591372595,1.49999999999999));
#5436=CARTESIAN_POINT('',(-63.1004820146426,16.3684287984132,1.5));
#5437=CARTESIAN_POINT('Ctrl Pts',(-64.854048914534,12.5533404846137,1.5));
#5438=CARTESIAN_POINT('Ctrl Pts',(-64.7776485738966,12.7711212457235,1.59744156258107));
#5439=CARTESIAN_POINT('Ctrl Pts',(-64.6778661023822,13.0456510377107,1.67412347088363));
#5440=CARTESIAN_POINT('Ctrl Pts',(-64.4358081666936,13.6580665379695,1.75937479657313));
#5441=CARTESIAN_POINT('Ctrl Pts',(-64.3144996765635,13.947627225671,1.77176261941643));
#5442=CARTESIAN_POINT('Ctrl Pts',(-63.983937073425,14.6928327628793,1.76108932660306));
#5443=CARTESIAN_POINT('Ctrl Pts',(-63.7579886641468,15.1586167348134,1.7095493767022));
#5444=CARTESIAN_POINT('Ctrl Pts',(-63.3861880947497,15.8631319678687,1.59839856522585));
#5445=CARTESIAN_POINT('Ctrl Pts',(-63.2458503279748,16.1170414790354,1.55105750018372));
#5446=CARTESIAN_POINT('Ctrl Pts',(-63.1004820146426,16.3684287984132,1.5));
#5447=CARTESIAN_POINT('',(-62.2135419216451,17.7789802039962,1.5));
#5448=CARTESIAN_POINT('Ctrl Pts',(-63.0991085644377,16.3679424014918,1.5));
#5449=CARTESIAN_POINT('Ctrl Pts',(-62.8218019253555,16.8491332855827,1.5));
#5450=CARTESIAN_POINT('Ctrl Pts',(-62.5264670516549,17.3199609004823,1.5));
#5451=CARTESIAN_POINT('Ctrl Pts',(-62.2135419216452,17.7789802039961,1.5));
#5452=CARTESIAN_POINT('Ctrl Pts',(-62.2135419216452,17.7789802039962,1.5));
#5453=CARTESIAN_POINT('Ctrl Pts',(-62.2135419216451,17.7789802039962,0.999999999999998));
#5454=CARTESIAN_POINT('Ctrl Pts',(-62.2135419216451,17.7789802039962,0.499999999999996));
#5455=CARTESIAN_POINT('Ctrl Pts',(-62.2135419216451,17.7789802039962,-5.68989300120393E-15));
#5456=CARTESIAN_POINT('Origin',(9.92870999236002,32.7814603214425,0.));
#5457=CARTESIAN_POINT('',(-66.1361218883085,48.5743539351605,0.));
#5458=CARTESIAN_POINT('Ctrl Pts',(-62.2135419216451,17.7789802039962,0.));
#5459=CARTESIAN_POINT('Ctrl Pts',(-62.0382304594321,18.0361386664069,0.));
#5460=CARTESIAN_POINT('Ctrl Pts',(-61.8695556793551,18.2931967314043,0.));
#5461=CARTESIAN_POINT('Ctrl Pts',(-61.7075587479507,18.5500009081431,0.));
#5462=CARTESIAN_POINT('Ctrl Pts',(-61.5358745808387,18.8221616880547,0.));
#5463=CARTESIAN_POINT('Ctrl Pts',(-61.3716910080969,19.0940369971339,0.));
#5464=CARTESIAN_POINT('Ctrl Pts',(-61.2150702117105,19.3653857726628,0.));
#5465=CARTESIAN_POINT('Ctrl Pts',(-61.0460059644414,19.6582930847226,0.));
#5466=CARTESIAN_POINT('Ctrl Pts',(-60.8857543144037,19.9505864634971,0.));
#5467=CARTESIAN_POINT('Ctrl Pts',(-60.7344038764481,20.2419020198572,0.));
#5468=CARTESIAN_POINT('Ctrl Pts',(-60.5636407737407,20.5705825902138,0.));
#5469=CARTESIAN_POINT('Ctrl Pts',(-60.4042094890824,20.898017688141,0.));
#5470=CARTESIAN_POINT('Ctrl Pts',(-60.25624096374,21.2236184804214,0.));
#5471=CARTESIAN_POINT('Ctrl Pts',(-60.0857979633714,21.5986737553879,0.));
#5472=CARTESIAN_POINT('Ctrl Pts',(-59.9305665550326,21.9712923513952,0.));
#5473=CARTESIAN_POINT('Ctrl Pts',(-59.7907271195587,22.3405185998621,0.));
#5474=CARTESIAN_POINT('Ctrl Pts',(-59.6728607296687,22.6517281296484,0.));
#5475=CARTESIAN_POINT('Ctrl Pts',(-59.5659297135028,22.960524936837,0.));
#5476=CARTESIAN_POINT('Ctrl Pts',(-59.4700117697193,23.2663426065925,0.));
#5477=CARTESIAN_POINT('Ctrl Pts',(-59.3828771415113,23.544156203324,0.));
#5478=CARTESIAN_POINT('Ctrl Pts',(-59.3048312117124,23.8195101949855,0.));
#5479=CARTESIAN_POINT('Ctrl Pts',(-59.235900474482,24.0920080645646,0.));
#5480=CARTESIAN_POINT('Ctrl Pts',(-59.1721644721664,24.3439700418236,0.));
#5481=CARTESIAN_POINT('Ctrl Pts',(-59.1162216196022,24.5934897376856,0.));
#5482=CARTESIAN_POINT('Ctrl Pts',(-59.068062467101,24.8402885723035,0.));
#5483=CARTESIAN_POINT('Ctrl Pts',(-59.0225113388294,25.0737221937257,0.));
#5484=CARTESIAN_POINT('Ctrl Pts',(-58.983923762256,25.3047213733604,0.));
#5485=CARTESIAN_POINT('Ctrl Pts',(-58.952262480981,25.5330878231683,0.));
#5486=CARTESIAN_POINT('Ctrl Pts',(-58.9220412470505,25.7510675012991,0.));
#5487=CARTESIAN_POINT('Ctrl Pts',(-58.898130633183,25.9666482787809,0.));
#5488=CARTESIAN_POINT('Ctrl Pts',(-58.8804699828456,26.1796963337875,0.));
#5489=CARTESIAN_POINT('Ctrl Pts',(-58.8637097749546,26.381881962542,0.));
#5490=CARTESIAN_POINT('Ctrl Pts',(-58.8525785611216,26.5817862991917,0.));
#5491=CARTESIAN_POINT('Ctrl Pts',(-58.8469973776222,26.7793338013269,0.));
#5492=CARTESIAN_POINT('Ctrl Pts',(-58.8416487917217,26.9686484484271,0.));
#5493=CARTESIAN_POINT('Ctrl Pts',(-58.8413973649332,27.155798410307,0.));
#5494=CARTESIAN_POINT('Ctrl Pts',(-58.846146605422,27.3407571241716,0.));
#5495=CARTESIAN_POINT('Ctrl Pts',(-58.850732646681,27.5193600597365,0.));
#5496=CARTESIAN_POINT('Ctrl Pts',(-58.8599816576728,27.6959195909732,0.));
#5497=CARTESIAN_POINT('Ctrl Pts',(-58.8737798374134,27.8704524963235,0.));
#5498=CARTESIAN_POINT('Ctrl Pts',(-58.8874207328605,28.0429959157257,0.));
#5499=CARTESIAN_POINT('Ctrl Pts',(-58.9055077526828,28.2135585133869,0.));
#5500=CARTESIAN_POINT('Ctrl Pts',(-58.9279026259023,28.3821999188443,0.));
#5501=CARTESIAN_POINT('Ctrl Pts',(-58.9506246046478,28.5533045459109,0.));
#5502=CARTESIAN_POINT('Ctrl Pts',(-58.9777811739674,28.7224315302598,0.));
#5503=CARTESIAN_POINT('Ctrl Pts',(-59.0091984828062,28.889687974444,0.));
#5504=CARTESIAN_POINT('Ctrl Pts',(-59.0411170980968,29.0596132256545,0.));
#5505=CARTESIAN_POINT('Ctrl Pts',(-59.0774334836091,29.2276078554312,0.));
#5506=CARTESIAN_POINT('Ctrl Pts',(-59.1179355561078,29.393828808611,0.));
#5507=CARTESIAN_POINT('Ctrl Pts',(-59.1591395810969,29.5629305825704,0.));
#5508=CARTESIAN_POINT('Ctrl Pts',(-59.2046756094997,29.7301967648351,0.));
#5509=CARTESIAN_POINT('Ctrl Pts',(-59.2542901621826,29.8958370189989,0.));
#5510=CARTESIAN_POINT('Ctrl Pts',(-59.3071219326823,30.0722180890742,0.));
#5511=CARTESIAN_POINT('Ctrl Pts',(-59.3645784068572,30.2467555336461,0.));
#5512=CARTESIAN_POINT('Ctrl Pts',(-59.4263183675426,30.4197528877265,0.));
#5513=CARTESIAN_POINT('Ctrl Pts',(-59.4923318378463,30.6047247531025,0.));
#5514=CARTESIAN_POINT('Ctrl Pts',(-59.5632422273012,30.7879363459055,0.));
#5515=CARTESIAN_POINT('Ctrl Pts',(-59.6385935128343,30.9698109735,0.));
#5516=CARTESIAN_POINT('Ctrl Pts',(-59.7215973038055,31.1701563752411,0.));
#5517=CARTESIAN_POINT('Ctrl Pts',(-59.8099897236218,31.3688801449091,0.));
#5518=CARTESIAN_POINT('Ctrl Pts',(-59.9031164163088,31.5666013126976,0.));
#5519=CARTESIAN_POINT('Ctrl Pts',(-60.0096871884982,31.7928661667523,0.));
#5520=CARTESIAN_POINT('Ctrl Pts',(-60.1224576673053,32.0178195570037,0.));
#5521=CARTESIAN_POINT('Ctrl Pts',(-60.2403928848762,32.2424376801578,0.));
#5522=CARTESIAN_POINT('Ctrl Pts',(-60.3766837294308,32.50201572934,0.));
#5523=CARTESIAN_POINT('Ctrl Pts',(-60.5198714614529,32.7611498583313,0.));
#5524=CARTESIAN_POINT('Ctrl Pts',(-60.6682959686232,33.021364777377,0.));
#5525=CARTESIAN_POINT('Ctrl Pts',(-60.7950611681327,33.2436070253526,0.));
#5526=CARTESIAN_POINT('Ctrl Pts',(-60.925644254583,33.4666398387751,0.));
#5527=CARTESIAN_POINT('Ctrl Pts',(-61.0589923725631,33.691382791181,0.));
#5528=CARTESIAN_POINT('Ctrl Pts',(-61.1734529811128,33.8842930136071,0.));
#5529=CARTESIAN_POINT('Ctrl Pts',(-61.2899500351474,34.0784638946236,0.));
#5530=CARTESIAN_POINT('Ctrl Pts',(-61.4078187131403,34.2744371064791,0.));
#5531=CARTESIAN_POINT('Ctrl Pts',(-61.5157564334294,34.4538987080312,0.));
#5532=CARTESIAN_POINT('Ctrl Pts',(-61.6248440305058,34.6348721102217,0.));
#5533=CARTESIAN_POINT('Ctrl Pts',(-61.7345789224522,34.8177302588412,0.));
#5534=CARTESIAN_POINT('Ctrl Pts',(-61.8380508571224,34.9901520480486,0.));
#5535=CARTESIAN_POINT('Ctrl Pts',(-61.9420980845895,35.1642498751336,0.));
#5536=CARTESIAN_POINT('Ctrl Pts',(-62.0463105787952,35.3402916519978,0.));
#5537=CARTESIAN_POINT('Ctrl Pts',(-62.1470217887659,35.5104188568835,0.));
#5538=CARTESIAN_POINT('Ctrl Pts',(-62.2478872100882,35.6823617444556,0.));
#5539=CARTESIAN_POINT('Ctrl Pts',(-62.3485503231753,35.8563154658209,0.));
#5540=CARTESIAN_POINT('Ctrl Pts',(-62.4465108156979,36.0255988477718,0.));
#5541=CARTESIAN_POINT('Ctrl Pts',(-62.5442796116027,36.1967866612861,0.));
#5542=CARTESIAN_POINT('Ctrl Pts',(-62.6415429120818,36.3700118392427,0.));
#5543=CARTESIAN_POINT('Ctrl Pts',(-62.7365023247526,36.5391338110198,0.));
#5544=CARTESIAN_POINT('Ctrl Pts',(-62.830979816017,36.7101978802905,0.));
#5545=CARTESIAN_POINT('Ctrl Pts',(-62.9246990606165,36.8832807112715,0.));
#5546=CARTESIAN_POINT('Ctrl Pts',(-63.0174231964189,37.0545257527091,0.));
#5547=CARTESIAN_POINT('Ctrl Pts',(-63.1094050057817,37.2277470516116,0.));
#5548=CARTESIAN_POINT('Ctrl Pts',(-63.2003939053731,37.4029700786535,0.));
#5549=CARTESIAN_POINT('Ctrl Pts',(-63.2938186668518,37.582883997609,0.));
#5550=CARTESIAN_POINT('Ctrl Pts',(-63.3861966213131,37.7649080702233,0.));
#5551=CARTESIAN_POINT('Ctrl Pts',(-63.4772756110209,37.949018164365,0.));
#5552=CARTESIAN_POINT('Ctrl Pts',(-63.5758652055513,38.14831044449,0.));
#5553=CARTESIAN_POINT('Ctrl Pts',(-63.6729325567546,38.3500471308916,0.));
#5554=CARTESIAN_POINT('Ctrl Pts',(-63.7681820080516,38.5541374668831,0.));
#5555=CARTESIAN_POINT('Ctrl Pts',(-63.8650107601453,38.7616117596935,0.));
#5556=CARTESIAN_POINT('Ctrl Pts',(-63.9599608715347,38.9715178350815,0.));
#5557=CARTESIAN_POINT('Ctrl Pts',(-64.0527467136619,39.1837046521238,0.));
#5558=CARTESIAN_POINT('Ctrl Pts',(-64.1492792103472,39.4044594865168,0.));
#5559=CARTESIAN_POINT('Ctrl Pts',(-64.2434690429126,39.6276825714844,0.));
#5560=CARTESIAN_POINT('Ctrl Pts',(-64.3350216897922,39.8531515760586,0.));
#5561=CARTESIAN_POINT('Ctrl Pts',(-64.4305018346578,40.0882929286376,0.));
#5562=CARTESIAN_POINT('Ctrl Pts',(-64.5231135270165,40.3258766136933,0.));
#5563=CARTESIAN_POINT('Ctrl Pts',(-64.6125535632504,40.56560074732,0.));
#5564=CARTESIAN_POINT('Ctrl Pts',(-64.706475511526,40.8173376497965,0.));
#5565=CARTESIAN_POINT('Ctrl Pts',(-64.7968997613699,41.0714343047139,0.));
#5566=CARTESIAN_POINT('Ctrl Pts',(-64.8835114370613,41.3274952616997,0.));
#5567=CARTESIAN_POINT('Ctrl Pts',(-64.9751217206395,41.5983342299507,0.));
#5568=CARTESIAN_POINT('Ctrl Pts',(-65.0624663673473,41.8713698322361,0.));
#5569=CARTESIAN_POINT('Ctrl Pts',(-65.1452164212448,42.1460958769076,0.));
#5570=CARTESIAN_POINT('Ctrl Pts',(-65.2326336105373,42.4363165779162,0.));
#5571=CARTESIAN_POINT('Ctrl Pts',(-65.3149229837889,42.7284221554796,0.));
#5572=CARTESIAN_POINT('Ctrl Pts',(-65.3917491208107,43.0217948017677,0.));
#5573=CARTESIAN_POINT('Ctrl Pts',(-65.4663224584335,43.306564780437,0.));
#5574=CARTESIAN_POINT('Ctrl Pts',(-65.5357486267839,43.5925268672364,4.82079059828224E-19));
#5575=CARTESIAN_POINT('Ctrl Pts',(-65.5997674787189,43.8791224690816,-3.24569626224493E-20));
#5576=CARTESIAN_POINT('Ctrl Pts',(-65.6602496933641,44.149885473779,-5.18568119133006E-19));
#5577=CARTESIAN_POINT('Ctrl Pts',(-65.7159059430796,44.4212128255262,-1.91315802136624E-17));
#5578=CARTESIAN_POINT('Ctrl Pts',(-65.7665532014537,44.6926592297095,-9.17545835948517E-17));
#5579=CARTESIAN_POINT('Ctrl Pts',(-65.8145303588806,44.9497951001302,-1.60548934520848E-16));
#5580=CARTESIAN_POINT('Ctrl Pts',(-65.8580130342052,45.2070371244498,-2.74115962093092E-16));
#5581=CARTESIAN_POINT('Ctrl Pts',(-65.8968744594819,45.4640427469011,-3.80295197837554E-16));
#5582=CARTESIAN_POINT('Ctrl Pts',(-65.9339852712167,45.7094708855154,-4.81691314932951E-16));
#5583=CARTESIAN_POINT('Ctrl Pts',(-65.9668820089579,45.9546829766758,-5.73788371526416E-16));
#5584=CARTESIAN_POINT('Ctrl Pts',(-65.9954778992357,46.1994224025798,-5.77218286064054E-16));
#5585=CARTESIAN_POINT('Ctrl Pts',(-66.0224649189607,46.4303922255233,-5.80455225721582E-16));
#5586=CARTESIAN_POINT('Ctrl Pts',(-66.0456216176715,46.6609408731574,-7.16456466586312E-18));
#5587=CARTESIAN_POINT('Ctrl Pts',(-66.0648937680858,46.8908950300711,-4.4709763966294E-17));
#5588=CARTESIAN_POINT('Ctrl Pts',(-66.0836266131294,47.1144142272552,-8.12043110463721E-17));
#5589=CARTESIAN_POINT('Ctrl Pts',(-66.0986893492856,47.3373714246788,-1.41491887599558E-16));
#5590=CARTESIAN_POINT('Ctrl Pts',(-66.1100486701145,47.5596527002392,-1.94422173365156E-16));
#5591=CARTESIAN_POINT('Ctrl Pts',(-66.1209952785335,47.7738579435902,-2.45429370055324E-16));
#5592=CARTESIAN_POINT('Ctrl Pts',(-66.1285027770489,47.9874353285771,-2.85741831318094E-16));
#5593=CARTESIAN_POINT('Ctrl Pts',(-66.1325557170724,48.2003288073586,-3.01015813588414E-16));
#5594=CARTESIAN_POINT('Ctrl Pts',(-66.1349336923163,48.3252394695451,-3.0997749362921E-16));
#5595=CARTESIAN_POINT('Ctrl Pts',(-66.1361227002756,48.4499155776477,-3.10862446895045E-16));
#5596=CARTESIAN_POINT('Ctrl Pts',(-66.1361218883085,48.5743539351605,-3.10862446895045E-16));
#5597=CARTESIAN_POINT('',(-66.1358560910199,89.3092293449307,-6.20956917813087E-15));
#5598=CARTESIAN_POINT('',(-66.1358560910199,89.3092293449307,-6.20956917813087E-15));
#5599=CARTESIAN_POINT('',(-50.5122846608363,97.2224263705998,-4.2962366654919E-15));
#5600=CARTESIAN_POINT('Origin',(-56.3200567256018,89.3091652963033,-5.00748045071848E-15));
#5601=CARTESIAN_POINT('',(-42.052145567396,91.013284648928,-3.26016595855752E-15));
#5602=CARTESIAN_POINT('',(-42.052145567396,91.013284648928,-3.26016595855752E-15));
#5603=CARTESIAN_POINT('',(-40.4188492248942,87.7885548727124,-3.06014355634558E-15));
#5604=CARTESIAN_POINT('Origin',(-44.418849224809,87.7885809729311,-3.55000227600191E-15));
#5605=CARTESIAN_POINT('',(-40.4189175486753,77.3175650178265,-3.06014773997057E-15));
#5606=CARTESIAN_POINT('',(-40.4189175486753,77.3175650178265,-3.06014773997057E-15));
#5607=CARTESIAN_POINT('',(-35.418950174055,72.3175323926596,-2.44782633812198E-15));
#5608=CARTESIAN_POINT('Origin',(-35.4189175487817,77.3175323925532,-2.44782434040015E-15));
#5609=CARTESIAN_POINT('',(-15.4309312629113,72.3174019697437,0.));
#5610=CARTESIAN_POINT('',(-15.4309312629113,72.3174019697437,2.46519032881566E-31));
#5611=CARTESIAN_POINT('',(4.55708764865795,72.3174019697437,0.));
#5612=CARTESIAN_POINT('',(-15.4309312629113,72.3174019697437,0.));
#5613=CARTESIAN_POINT('',(9.55708764865795,77.3174019697437,0.));
#5614=CARTESIAN_POINT('Origin',(4.55708764865795,77.3174019697437,0.));
#5615=CARTESIAN_POINT('',(9.55708764865795,87.7883918248526,0.));
#5616=CARTESIAN_POINT('',(9.55708764865795,77.3174019697437,0.));
#5617=CARTESIAN_POINT('',(11.1904050326631,91.0131109436516,0.));
#5618=CARTESIAN_POINT('Origin',(13.557087648658,87.7883918248526,0.));
#5619=CARTESIAN_POINT('',(19.6505846409124,97.2221974623212,0.));
#5620=CARTESIAN_POINT('',(11.1904050326631,91.0131109436516,0.));
#5621=CARTESIAN_POINT('',(35.2741044367203,89.308898492163,0.));
#5622=CARTESIAN_POINT('Origin',(25.4583050710932,89.308898492163,0.));
#5623=CARTESIAN_POINT('',(35.2741044367203,48.5740230815256,0.));
#5624=CARTESIAN_POINT('',(35.2741044367203,89.308898492163,0.));
#5625=CARTESIAN_POINT('',(31.3513235286437,17.7786749460656,4.37491292967042E-16));
#5626=CARTESIAN_POINT('Ctrl Pts',(35.2741044367203,48.5740230815256,0.));
#5627=CARTESIAN_POINT('Ctrl Pts',(35.2741044367203,48.361723205984,0.));
#5628=CARTESIAN_POINT('Ctrl Pts',(35.2706404971838,48.1487284802464,0.));
#5629=CARTESIAN_POINT('Ctrl Pts',(35.2637197955616,47.9350656198966,0.));
#5630=CARTESIAN_POINT('Ctrl Pts',(35.2565825657498,47.7147178835249,0.));
#5631=CARTESIAN_POINT('Ctrl Pts',(35.2457688115422,47.4936597496139,1.87628964668771E-18));
#5632=CARTESIAN_POINT('Ctrl Pts',(35.2313022107562,47.2719750908075,0.));
#5633=CARTESIAN_POINT('Ctrl Pts',(35.2163080128187,47.042205589113,-1.94471795872199E-18));
#5634=CARTESIAN_POINT('Ctrl Pts',(35.1973895707824,46.8117632756007,0.));
#5635=CARTESIAN_POINT('Ctrl Pts',(35.1745913551814,46.5807958892137,0.));
#5636=CARTESIAN_POINT('Ctrl Pts',(35.1508238742354,46.3400089324098,0.));
#5637=CARTESIAN_POINT('Ctrl Pts',(35.1228395719775,46.0986516281621,0.));
#5638=CARTESIAN_POINT('Ctrl Pts',(35.0907100574693,45.8569450512068,0.));
#5639=CARTESIAN_POINT('Ctrl Pts',(35.0570253313931,45.6035387996597,0.));
#5640=CARTESIAN_POINT('Ctrl Pts',(35.0187841754131,45.3497490598949,0.));
#5641=CARTESIAN_POINT('Ctrl Pts',(34.976094733059,45.0958826591642,0.));
#5642=CARTESIAN_POINT('Ctrl Pts',(34.930955066193,44.8274452159569,0.));
#5643=CARTESIAN_POINT('Ctrl Pts',(34.8808415139739,44.5589226790384,0.));
#5644=CARTESIAN_POINT('Ctrl Pts',(34.8259141433464,44.2907266416014,0.));
#5645=CARTESIAN_POINT('Ctrl Pts',(34.7675310532389,44.0056572264579,0.));
#5646=CARTESIAN_POINT('Ctrl Pts',(34.7037089333717,43.720957717114,0.));
#5647=CARTESIAN_POINT('Ctrl Pts',(34.634681456399,43.4371630782472,0.));
#5648=CARTESIAN_POINT('Ctrl Pts',(34.5608334170172,43.1335495233777,0.));
#5649=CARTESIAN_POINT('Ctrl Pts',(34.4810268499531,42.8309734596545,0.));
#5650=CARTESIAN_POINT('Ctrl Pts',(34.3956034190464,42.5301125862567,0.));
#5651=CARTESIAN_POINT('Ctrl Pts',(34.3128494703556,42.2386536151526,0.));
#5652=CARTESIAN_POINT('Ctrl Pts',(34.2248243649125,41.9488063152438,0.));
#5653=CARTESIAN_POINT('Ctrl Pts',(34.1318922563276,41.6611778891351,0.));
#5654=CARTESIAN_POINT('Ctrl Pts',(34.0473983749411,41.3996660985485,0.));
#5655=CARTESIAN_POINT('Ctrl Pts',(33.958848696091,41.1399894619397,0.));
#5656=CARTESIAN_POINT('Ctrl Pts',(33.8665562171964,40.8825774428567,0.));
#5657=CARTESIAN_POINT('Ctrl Pts',(33.7792776319871,40.6391496239216,0.));
#5658=CARTESIAN_POINT('Ctrl Pts',(33.6886520949834,40.3977476223133,0.));
#5659=CARTESIAN_POINT('Ctrl Pts',(33.5949762411834,40.1586992855311,0.));
#5660=CARTESIAN_POINT('Ctrl Pts',(33.5056028716525,39.9306303171435,0.));
#5661=CARTESIAN_POINT('Ctrl Pts',(33.413453109527,39.7047041635269,0.));
#5662=CARTESIAN_POINT('Ctrl Pts',(33.3188117793533,39.4811657011938,0.));
#5663=CARTESIAN_POINT('Ctrl Pts',(33.2280987271242,39.2669056504145,0.));
#5664=CARTESIAN_POINT('Ctrl Pts',(33.1350967663701,39.0548394774343,0.));
#5665=CARTESIAN_POINT('Ctrl Pts',(33.0400803500091,38.8451406369395,0.));
#5666=CARTESIAN_POINT('Ctrl Pts',(32.9492718985302,38.6447286690758,0.));
#5667=CARTESIAN_POINT('Ctrl Pts',(32.8566235331417,38.4464792794122,0.));
#5668=CARTESIAN_POINT('Ctrl Pts',(32.7623956454535,38.2505003901309,0.));
#5669=CARTESIAN_POINT('Ctrl Pts',(32.6716516009645,38.0617673357862,0.));
#5670=CARTESIAN_POINT('Ctrl Pts',(32.5794427151215,37.8751402183573,0.));
#5671=CARTESIAN_POINT('Ctrl Pts',(32.4860205729218,37.6906704666759,0.));
#5672=CARTESIAN_POINT('Ctrl Pts',(32.3955225383223,37.5119746074594,0.));
#5673=CARTESIAN_POINT('Ctrl Pts',(32.3038860366433,37.3353033625484,0.));
#5674=CARTESIAN_POINT('Ctrl Pts',(32.2113574692809,37.1606574946536,0.));
#5675=CARTESIAN_POINT('Ctrl Pts',(32.1191920076984,36.9866969818428,0.));
#5676=CARTESIAN_POINT('Ctrl Pts',(32.0261414974579,36.8147460870767,0.));
#5677=CARTESIAN_POINT('Ctrl Pts',(31.9324672551788,36.644755891503,0.));
#5678=CARTESIAN_POINT('Ctrl Pts',(31.8366261130895,36.4708334332971,0.));
#5679=CARTESIAN_POINT('Ctrl Pts',(31.740132136707,36.2989633269421,0.));
#5680=CARTESIAN_POINT('Ctrl Pts',(31.6432827779107,36.1290418207262,0.));
#5681=CARTESIAN_POINT('Ctrl Pts',(31.5414583710188,35.9503916282661,0.));
#5682=CARTESIAN_POINT('Ctrl Pts',(31.439241174232,35.7738954598418,0.));
#5683=CARTESIAN_POINT('Ctrl Pts',(31.3369951842951,35.5993764362726,0.));
#5684=CARTESIAN_POINT('Ctrl Pts',(31.2319247964959,35.4200365766256,0.));
#5685=CARTESIAN_POINT('Ctrl Pts',(31.1268241515993,35.2427844160567,0.));
#5686=CARTESIAN_POINT('Ctrl Pts',(31.0221055336065,35.067371077892,0.));
#5687=CARTESIAN_POINT('Ctrl Pts',(30.9111968709312,34.8815888442818,0.));
#5688=CARTESIAN_POINT('Ctrl Pts',(30.8007169500873,34.6978690156366,0.));
#5689=CARTESIAN_POINT('Ctrl Pts',(30.6911721530641,34.5158552335555,0.));
#5690=CARTESIAN_POINT('Ctrl Pts',(30.5722462016736,34.3182542265849,0.));
#5691=CARTESIAN_POINT('Ctrl Pts',(30.4544227811418,34.1226635741238,0.));
#5692=CARTESIAN_POINT('Ctrl Pts',(30.3383640608047,33.9285626359786,0.));
#5693=CARTESIAN_POINT('Ctrl Pts',(30.2065089052276,33.7080431496146,0.));
#5694=CARTESIAN_POINT('Ctrl Pts',(30.0769323788912,33.4894456946591,0.));
#5695=CARTESIAN_POINT('Ctrl Pts',(29.9506132673431,33.2719352599479,0.));
#5696=CARTESIAN_POINT('Ctrl Pts',(29.7955834087278,33.0049874360804,0.));
#5697=CARTESIAN_POINT('Ctrl Pts',(29.645462818862,32.7396746605845,0.));
#5698=CARTESIAN_POINT('Ctrl Pts',(29.5020409128271,32.4743763309531,0.));
#5699=CARTESIAN_POINT('Ctrl Pts',(29.3776290003376,32.2442422218605,0.));
#5700=CARTESIAN_POINT('Ctrl Pts',(29.2582584880648,32.0141153385984,0.));
#5701=CARTESIAN_POINT('Ctrl Pts',(29.1450601569295,31.782935181822,0.));
#5702=CARTESIAN_POINT('Ctrl Pts',(29.0485605033549,31.5858580268988,0.));
#5703=CARTESIAN_POINT('Ctrl Pts',(28.9565462990303,31.388014330243,0.));
#5704=CARTESIAN_POINT('Ctrl Pts',(28.8696858942879,31.1887708384259,0.));
#5705=CARTESIAN_POINT('Ctrl Pts',(28.7915028096881,31.0094316927832,0.));
#5706=CARTESIAN_POINT('Ctrl Pts',(28.7174953140926,30.8289578540197,0.));
#5707=CARTESIAN_POINT('Ctrl Pts',(28.6481216626382,30.6469195715406,0.));
#5708=CARTESIAN_POINT('Ctrl Pts',(28.5833374919591,30.4769242070902,0.));
#5709=CARTESIAN_POINT('Ctrl Pts',(28.5225944172141,30.305564168796,0.));
#5710=CARTESIAN_POINT('Ctrl Pts',(28.4662375897165,30.1325255957033,0.));
#5711=CARTESIAN_POINT('Ctrl Pts',(28.4123854786583,29.9671775292967,0.));
#5712=CARTESIAN_POINT('Ctrl Pts',(28.3625384884764,29.800296516376,0.));
#5713=CARTESIAN_POINT('Ctrl Pts',(28.3169698717015,29.6316477510667,0.));
#5714=CARTESIAN_POINT('Ctrl Pts',(28.2722772821786,29.4662411494412,0.));
#5715=CARTESIAN_POINT('Ctrl Pts',(28.2317001784018,29.2991340043893,0.));
#5716=CARTESIAN_POINT('Ctrl Pts',(28.1954678940032,29.1301462681867,0.));
#5717=CARTESIAN_POINT('Ctrl Pts',(28.1598185333237,28.9638772940305,0.));
#5718=CARTESIAN_POINT('Ctrl Pts',(28.1283753395705,28.7957876637068,0.));
#5719=CARTESIAN_POINT('Ctrl Pts',(28.1013285444142,28.6257478143964,0.));
#5720=CARTESIAN_POINT('Ctrl Pts',(28.0746845897659,28.4582405734376,0.));
#5721=CARTESIAN_POINT('Ctrl Pts',(28.0523070723358,28.2888406921419,0.));
#5722=CARTESIAN_POINT('Ctrl Pts',(28.034349865071,28.1174666176286,0.));
#5723=CARTESIAN_POINT('Ctrl Pts',(28.0164282996906,27.9464326903817,0.));
#5724=CARTESIAN_POINT('Ctrl Pts',(28.0029095422576,27.7734323306312,0.));
#5725=CARTESIAN_POINT('Ctrl Pts',(27.9939177803203,27.598428558603,0.));
#5726=CARTESIAN_POINT('Ctrl Pts',(27.9844750061773,27.4146468810029,0.));
#5727=CARTESIAN_POINT('Ctrl Pts',(27.9800247551767,27.2286558188287,0.));
#5728=CARTESIAN_POINT('Ctrl Pts',(27.980678766211,27.0404614542735,0.));
#5729=CARTESIAN_POINT('Ctrl Pts',(27.9813591594363,26.8446755057627,0.));
#5730=CARTESIAN_POINT('Ctrl Pts',(27.9875638239304,26.6465051323427,0.));
#5731=CARTESIAN_POINT('Ctrl Pts',(27.9993854816842,26.4460066649269,0.));
#5732=CARTESIAN_POINT('Ctrl Pts',(28.011773921005,26.2358954310199,0.));
#5733=CARTESIAN_POINT('Ctrl Pts',(28.0303307385708,26.0232278140871,0.));
#5734=CARTESIAN_POINT('Ctrl Pts',(28.0551287537885,25.8081179400695,0.));
#5735=CARTESIAN_POINT('Ctrl Pts',(28.0810232976401,25.5834962509244,0.));
#5736=CARTESIAN_POINT('Ctrl Pts',(28.113723075584,25.3562118575381,0.));
#5737=CARTESIAN_POINT('Ctrl Pts',(28.1532772704705,25.1264417973594,0.));
#5738=CARTESIAN_POINT('Ctrl Pts',(28.1947654513525,24.8854372251431,0.));
#5739=CARTESIAN_POINT('Ctrl Pts',(28.2437946332171,24.6416982971909,0.));
#5740=CARTESIAN_POINT('Ctrl Pts',(28.3003866221927,24.395475401136,0.));
#5741=CARTESIAN_POINT('Ctrl Pts',(28.3633715502967,24.12143782645,0.));
#5742=CARTESIAN_POINT('Ctrl Pts',(28.4357246353907,23.8443235642984,0.));
#5743=CARTESIAN_POINT('Ctrl Pts',(28.5174324783754,23.5645302061434,0.));
#5744=CARTESIAN_POINT('Ctrl Pts',(28.609082987396,23.2506900317032,0.));
#5745=CARTESIAN_POINT('Ctrl Pts',(28.7125033684149,22.9334801930356,0.));
#5746=CARTESIAN_POINT('Ctrl Pts',(28.8276214202327,22.6135151155233,0.));
#5747=CARTESIAN_POINT('Ctrl Pts',(28.9687725277692,22.2211924141684,0.));
#5748=CARTESIAN_POINT('Ctrl Pts',(29.1275098838329,21.8247317506755,3.55390260216663E-18));
#5749=CARTESIAN_POINT('Ctrl Pts',(29.3036250276393,21.4252998303201,0.));
#5750=CARTESIAN_POINT('Ctrl Pts',(29.4411498677258,21.1133913266838,-2.77517240416036E-18));
#5751=CARTESIAN_POINT('Ctrl Pts',(29.5892690469026,20.799672941335,0.));
#5752=CARTESIAN_POINT('Ctrl Pts',(29.7478675756135,20.4846761115885,0.));
#5753=CARTESIAN_POINT('Ctrl Pts',(29.8929665274598,20.196491156768,0.));
#5754=CARTESIAN_POINT('Ctrl Pts',(30.0468361899241,19.9072369512085,0.));
#5755=CARTESIAN_POINT('Ctrl Pts',(30.2093886972541,19.6172819325821,0.));
#5756=CARTESIAN_POINT('Ctrl Pts',(30.3621725318116,19.3447519032238,0.));
#5757=CARTESIAN_POINT('Ctrl Pts',(30.5226266144438,19.0716032807815,0.));
#5758=CARTESIAN_POINT('Ctrl Pts',(30.6906845662122,18.7980972731246,0.));
#5759=CARTESIAN_POINT('Ctrl Pts',(30.8478697068874,18.5422862279661,0.));
#5760=CARTESIAN_POINT('Ctrl Pts',(31.0117064620213,18.2861627694283,0.));
#5761=CARTESIAN_POINT('Ctrl Pts',(31.1821501353256,18.02989543086,0.));
#5762=CARTESIAN_POINT('Ctrl Pts',(31.2378363639325,17.9461694624896,0.));
#5763=CARTESIAN_POINT('Ctrl Pts',(31.2942279175147,17.8624277436895,0.));
#5764=CARTESIAN_POINT('Ctrl Pts',(31.3513235286437,17.7786749460656,0.));
#5765=CARTESIAN_POINT('',(35.2592463313809,4.88478050124145,0.));
#5766=CARTESIAN_POINT('Ctrl Pts',(35.2592463313809,4.88478050124145,0.));
#5767=CARTESIAN_POINT('Ctrl Pts',(35.3038658736797,9.44555272192402,0.));
#5768=CARTESIAN_POINT('Ctrl Pts',(33.9204341998684,14.0100804452597,0.));
#5769=CARTESIAN_POINT('Ctrl Pts',(31.3513235286437,17.7786749460656,0.));
#5770=CARTESIAN_POINT('',(35.1685478912748,0.0115585777775828,2.42861286636753E-16));
#5771=CARTESIAN_POINT('Ctrl Pts',(35.2592463313809,4.88478050124145,0.));
#5772=CARTESIAN_POINT('Ctrl Pts',(35.2572746176946,4.68324241851242,0.));
#5773=CARTESIAN_POINT('Ctrl Pts',(35.2467623857618,3.68090481342855,0.));
#5774=CARTESIAN_POINT('Ctrl Pts',(35.2327091294498,2.69231768686959,0.));
#5775=CARTESIAN_POINT('Ctrl Pts',(35.2143538729916,1.71927079658082,0.));
#5776=CARTESIAN_POINT('Ctrl Pts',(35.1909164201846,0.763594717947715,0.));
#5777=CARTESIAN_POINT('Ctrl Pts',(35.1685478912748,0.011558577777583,0.));
#5778=CARTESIAN_POINT('',(34.6634624114231,-2.22564269224252,8.31933075966987E-16));
#5779=CARTESIAN_POINT('Ctrl Pts',(34.6634624114231,-2.22564269224252,-2.77555756156289E-16));
#5780=CARTESIAN_POINT('Ctrl Pts',(34.9731548211137,-1.52150223476346,-2.77555756156287E-16));
#5781=CARTESIAN_POINT('Ctrl Pts',(35.1456779013057,-0.757336822155076,-2.39461155230179E-16));
#5782=CARTESIAN_POINT('Ctrl Pts',(35.1685478912748,0.0115585777775823,-1.66028476634567E-16));
#5783=CARTESIAN_POINT('',(23.668550479235,-12.7815569513106,0.));
#5784=CARTESIAN_POINT('Ctrl Pts',(34.6634624114231,-2.22564269224252,-1.08741266504055E-17));
#5785=CARTESIAN_POINT('Ctrl Pts',(33.7693907816147,-4.25847264458577,-1.08741266504055E-17));
#5786=CARTESIAN_POINT('Ctrl Pts',(32.6411307626753,-5.77572603728052,0.));
#5787=CARTESIAN_POINT('Ctrl Pts',(30.6701644243084,-8.05346279774418,0.));
#5788=CARTESIAN_POINT('Ctrl Pts',(29.4301189323207,-9.16107356190376,0.));
#5789=CARTESIAN_POINT('Ctrl Pts',(26.4001647087219,-11.381396299262,0.));
#5790=CARTESIAN_POINT('Ctrl Pts',(24.7589635765685,-12.2481370302519,0.));
#5791=CARTESIAN_POINT('Ctrl Pts',(23.668550479235,-12.7815569513106,0.));
#5792=CARTESIAN_POINT('',(21.9782536854189,-13.5532381350662,0.));
#5793=CARTESIAN_POINT('',(25.7451029827212,-11.8335361659174,1.38777878078145E-16));
#5794=CARTESIAN_POINT('',(-2.27739846940327,-18.5030738097636,0.));
#5795=CARTESIAN_POINT('Ctrl Pts',(21.9782536854189,-13.5532381350662,0.));
#5796=CARTESIAN_POINT('Ctrl Pts',(21.9743492025014,-13.5549018823053,0.));
#5797=CARTESIAN_POINT('Ctrl Pts',(21.970444719584,-13.5565656295443,0.));
#5798=CARTESIAN_POINT('Ctrl Pts',(21.9665402366666,-13.5582293767834,0.));
#5799=CARTESIAN_POINT('Ctrl Pts',(21.9618548571646,-13.5602258734707,0.));
#5800=CARTESIAN_POINT('Ctrl Pts',(21.9571694776623,-13.5622223701582,0.));
#5801=CARTESIAN_POINT('Ctrl Pts',(21.9524840981597,-13.5642188668458,0.));
#5802=CARTESIAN_POINT('Ctrl Pts',(20.8449925005647,-14.0361343872236,0.));
#5803=CARTESIAN_POINT('Ctrl Pts',(19.6847545604181,-14.470439577953,0.));
#5804=CARTESIAN_POINT('Ctrl Pts',(18.472173323746,-14.87164970974,0.));
#5805=CARTESIAN_POINT('Ctrl Pts',(14.8334237479639,-16.075612918709,0.));
#5806=CARTESIAN_POINT('Ctrl Pts',(10.7139787221766,-16.9797363988183,0.));
#5807=CARTESIAN_POINT('Ctrl Pts',(6.08278031138471,-17.6333589589994,0.));
#5808=CARTESIAN_POINT('Ctrl Pts',(4.77217594026234,-17.8183306463366,0.));
#5809=CARTESIAN_POINT('Ctrl Pts',(3.42044429890299,-17.9830485652701,0.));
#5810=CARTESIAN_POINT('Ctrl Pts',(2.02710566497669,-18.1278892487634,0.));
#5811=CARTESIAN_POINT('Ctrl Pts',(0.634959830249824,-18.2726059380982,0.));
#5812=CARTESIAN_POINT('Ctrl Pts',(-0.820929383269039,-18.3990278228025,
-2.08289306470553E-16));
#5813=CARTESIAN_POINT('Ctrl Pts',(-2.27435668047256,-18.5028565130599,-2.22044604925031E-16));
#5814=CARTESIAN_POINT('Ctrl Pts',(-2.27537061011607,-18.5029289452944,-2.22054200798787E-16));
#5815=CARTESIAN_POINT('Ctrl Pts',(-2.27638453975957,-18.503001377529,0.));
#5816=CARTESIAN_POINT('Ctrl Pts',(-2.27739846940327,-18.5030738097636,0.));
#5817=CARTESIAN_POINT('',(-4.08680172366249,-18.6212451167428,0.));
#5818=CARTESIAN_POINT('',(4.56260520433527,-18.056356267963,1.38777878078145E-16));
#5819=CARTESIAN_POINT('',(-15.431228978023,-18.9355077220435,0.));
#5820=CARTESIAN_POINT('Ctrl Pts',(-4.08680172366249,-18.6212451167428,0.));
#5821=CARTESIAN_POINT('Ctrl Pts',(-4.08779223451866,-18.6213038866316,0.));
#5822=CARTESIAN_POINT('Ctrl Pts',(-4.08878274537537,-18.6213626565204,0.));
#5823=CARTESIAN_POINT('Ctrl Pts',(-4.08977325623209,-18.6214214264093,0.));
#5824=CARTESIAN_POINT('Ctrl Pts',(-5.02623594671563,-18.6769844803966,0.));
#5825=CARTESIAN_POINT('Ctrl Pts',(-6.00586690740985,-18.7264956423784,0.));
#5826=CARTESIAN_POINT('Ctrl Pts',(-6.98909691282346,-18.7675989864614,0.));
#5827=CARTESIAN_POINT('Ctrl Pts',(-9.67684971544953,-18.8799588896867,0.));
#5828=CARTESIAN_POINT('Ctrl Pts',(-12.4901973771948,-18.9355173172395,0.));
#5829=CARTESIAN_POINT('Ctrl Pts',(-15.431228978023,-18.9355077220435,0.));
#5830=CARTESIAN_POINT('',(-26.7756541815614,-18.6211710937416,0.));
#5831=CARTESIAN_POINT('Ctrl Pts',(-15.431228978023,-18.9355077220435,0.));
#5832=CARTESIAN_POINT('Ctrl Pts',(-18.3722605788513,-18.9354981268475,-1.55431223447522E-16));
#5833=CARTESIAN_POINT('Ctrl Pts',(-21.1856078780149,-18.8799213420487,-8.88178419700125E-16));
#5834=CARTESIAN_POINT('Ctrl Pts',(-23.8733599474292,-18.7675439010918,-1.04360964314765E-15));
#5835=CARTESIAN_POINT('Ctrl Pts',(-24.8565896846203,-18.7264341413801,-1.11022302462516E-15));
#5836=CARTESIAN_POINT('Ctrl Pts',(-25.8362203222306,-18.6769165872539,-1.26565424807268E-15));
#5837=CARTESIAN_POINT('Ctrl Pts',(-26.7726826501423,-18.6213474227975,-1.26565424807268E-15));
#5838=CARTESIAN_POINT('Ctrl Pts',(-26.7736731606155,-18.6212886464455,-1.33226762955019E-15));
#5839=CARTESIAN_POINT('Ctrl Pts',(-26.7746636710887,-18.6212298700935,-1.33226762955019E-15));
#5840=CARTESIAN_POINT('Ctrl Pts',(-26.7756541815614,-18.6211710937416,-1.33226762955019E-15));
#5841=CARTESIAN_POINT('',(-28.5850566647078,-18.5029879803097,0.));
#5842=CARTESIAN_POINT('',(-10.1730118750348,-19.7055909380037,-1.38777878078145E-16));
#5843=CARTESIAN_POINT('',(-52.8406765210653,-13.5529940362617,0.));
#5844=CARTESIAN_POINT('Ctrl Pts',(-28.5850566647078,-18.5029879803097,0.));
#5845=CARTESIAN_POINT('Ctrl Pts',(-28.5860705938789,-18.5029155414592,0.));
#5846=CARTESIAN_POINT('Ctrl Pts',(-28.5870845230498,-18.5028431026087,0.));
#5847=CARTESIAN_POINT('Ctrl Pts',(-28.5880984522206,-18.5027706637582,0.));
#5848=CARTESIAN_POINT('Ctrl Pts',(-30.0415250719053,-18.3989324898105,-4.44089209850063E-16));
#5849=CARTESIAN_POINT('Ctrl Pts',(-31.4974134604835,-18.2725011053522,-4.44089209850063E-16));
#5850=CARTESIAN_POINT('Ctrl Pts',(-32.8895583508964,-18.1277753321928,-5.99520433297585E-16));
#5851=CARTESIAN_POINT('Ctrl Pts',(-34.2828960396997,-17.9829255570918,-8.21565038222616E-16));
#5852=CARTESIAN_POINT('Ctrl Pts',(-35.6346266062368,-17.818198818039,-8.21565038222616E-16));
#5853=CARTESIAN_POINT('Ctrl Pts',(-36.9452297703809,-17.6332185789406,-1.3988810110277E-15));
#5854=CARTESIAN_POINT('Ctrl Pts',(-41.5764239161513,-16.9795657999507,-1.77635683940025E-15));
#5855=CARTESIAN_POINT('Ctrl Pts',(-45.6958630423958,-16.0754154402566,-2.22044604925031E-15));
#5856=CARTESIAN_POINT('Ctrl Pts',(-49.3346047621747,-14.8714284882734,-2.79776202205539E-15));
#5857=CARTESIAN_POINT('Ctrl Pts',(-50.547183380903,-14.4702104443361,-2.8199664825479E-15));
#5858=CARTESIAN_POINT('Ctrl Pts',(-51.7074184871597,-14.0358976829999,-2.8199664825479E-15));
#5859=CARTESIAN_POINT('Ctrl Pts',(-52.8149070054566,-13.563974936189,-2.97539770599542E-15));
#5860=CARTESIAN_POINT('Ctrl Pts',(-52.8195923719318,-13.5619784089291,-3.10862446895044E-15));
#5861=CARTESIAN_POINT('Ctrl Pts',(-52.8242777384067,-13.5599818816693,-3.10862446895044E-15));
#5862=CARTESIAN_POINT('Ctrl Pts',(-52.8289631048814,-13.5579853544097,-3.10862446895044E-15));
#5863=CARTESIAN_POINT('Ctrl Pts',(-52.8328675769427,-13.5563215816937,-3.10862446895044E-15));
#5864=CARTESIAN_POINT('Ctrl Pts',(-52.836772049004,-13.5546578089777,-3.10862446895044E-15));
#5865=CARTESIAN_POINT('Ctrl Pts',(-52.8406765210653,-13.5529940362617,-3.10862446895044E-15));
#5866=CARTESIAN_POINT('',(-54.5309682795835,-12.7813018232435,0.));
#5867=CARTESIAN_POINT('',(-35.6218049677483,-21.414162989901,0.));
#5868=CARTESIAN_POINT('',(-65.5258113336201,-2.22531582199885,3.74206663437552E-17));
#5869=CARTESIAN_POINT('Ctrl Pts',(-54.5309682795835,-12.7813018232435,0.));
#5870=CARTESIAN_POINT('Ctrl Pts',(-54.5349638827172,-12.7793471791317,0.));
#5871=CARTESIAN_POINT('Ctrl Pts',(-54.538959485851,-12.7773925350197,0.));
#5872=CARTESIAN_POINT('Ctrl Pts',(-54.5429550889847,-12.7754378909078,0.));
#5873=CARTESIAN_POINT('Ctrl Pts',(-54.5477498127445,-12.7730923179739,0.));
#5874=CARTESIAN_POINT('Ctrl Pts',(-54.5525445365045,-12.7707467450399,0.));
#5875=CARTESIAN_POINT('Ctrl Pts',(-54.5573392602647,-12.7684011721057,0.));
#5876=CARTESIAN_POINT('Ctrl Pts',(-57.1219000280688,-11.5138212159374,-7.21644966006351E-16));
#5877=CARTESIAN_POINT('Ctrl Pts',(-59.374066170377,-10.0164058849424,-9.15933995315754E-16));
#5878=CARTESIAN_POINT('Ctrl Pts',(-61.2652882605659,-8.21580529777878,-9.15933995315754E-16));
#5879=CARTESIAN_POINT('Ctrl Pts',(-61.6004479277736,-7.89670544340506,-1.02695629777827E-15));
#5880=CARTESIAN_POINT('Ctrl Pts',(-61.9240782850678,-7.56768128502103,-1.02695629777827E-15));
#5881=CARTESIAN_POINT('Ctrl Pts',(-62.2352589531755,-7.22850975785048,-1.02695629777827E-15));
#5882=CARTESIAN_POINT('Ctrl Pts',(-63.6032463678633,-5.73747118077182,-1.42538070830384E-15));
#5883=CARTESIAN_POINT('Ctrl Pts',(-64.7221424159042,-4.05263157598324,-1.46526628378399E-15));
#5884=CARTESIAN_POINT('Ctrl Pts',(-65.5258113336663,-2.22531582189393,-1.47031410337961E-15));
#5885=CARTESIAN_POINT('',(-66.0308822156004,0.0118887436840118,-6.11675780211416E-15));
#5886=CARTESIAN_POINT('Ctrl Pts',(-66.0308822156004,0.0118887436840118,
4.92538689483835E-15));
#5887=CARTESIAN_POINT('Ctrl Pts',(-66.0080172427164,-0.75700680546022,5.15801505257537E-15));
#5888=CARTESIAN_POINT('Ctrl Pts',(-65.8354991487492,-1.52117334377487,5.40888719467878E-15));
#5889=CARTESIAN_POINT('Ctrl Pts',(-65.5258113336201,-2.22531582199885,5.65985022655438E-15));
#5890=CARTESIAN_POINT('Ctrl Pts',(-66.1215488576652,4.88511125885638,-6.20778331619697E-15));
#5891=CARTESIAN_POINT('Ctrl Pts',(-66.119578459026,4.68357316326611,-6.20754193143491E-15));
#5892=CARTESIAN_POINT('Ctrl Pts',(-66.1090727674011,3.68123548961069,-6.20625495479441E-15));
#5893=CARTESIAN_POINT('Ctrl Pts',(-66.0950259616744,2.69264827137452,-6.20453432224283E-15));
#5894=CARTESIAN_POINT('Ctrl Pts',(-66.0766770544007,1.71960126133742,-6.20228684041133E-15));
#5895=CARTESIAN_POINT('Ctrl Pts',(-66.0532458374329,0.763925029794005,-6.19941696209032E-15));
#5896=CARTESIAN_POINT('Ctrl Pts',(-66.0308822156004,0.0118887436840116,
-6.19667790782903E-15));
#5897=CARTESIAN_POINT('',(26.4688496486626,5.16435557793308,0.));
#5898=CARTESIAN_POINT('',(-15.4311033707208,19.5644922777515,0.));
#5899=CARTESIAN_POINT('Ctrl Pts',(26.4688496486626,5.16435557793308,-4.16333634234434E-16));
#5900=CARTESIAN_POINT('Ctrl Pts',(26.4688535899753,6.37241066391508,-4.16333634234434E-16));
#5901=CARTESIAN_POINT('Ctrl Pts',(26.2813010979061,7.37064423677125,-4.16333634234434E-16));
#5902=CARTESIAN_POINT('Ctrl Pts',(25.9274472803142,8.30017413878265,-4.16333634234434E-16));
#5903=CARTESIAN_POINT('Ctrl Pts',(25.5643748537472,9.25392017828154,-4.16333634234434E-16));
#5904=CARTESIAN_POINT('Ctrl Pts',(25.0367768916479,10.1155112958657,-4.16333634234434E-16));
#5905=CARTESIAN_POINT('Ctrl Pts',(24.2254340164987,10.9998348745015,-4.16333634234434E-16));
#5906=CARTESIAN_POINT('Ctrl Pts',(22.6019449962939,12.7693575562152,-4.16333634234434E-16));
#5907=CARTESIAN_POINT('Ctrl Pts',(19.7310935770699,14.566707327243,-4.16333634234434E-16));
#5908=CARTESIAN_POINT('Ctrl Pts',(15.4252354437272,15.991429774966,-4.16333634234434E-16));
#5909=CARTESIAN_POINT('Ctrl Pts',(12.4931207180468,16.9616079693259,-4.16333634234434E-16));
#5910=CARTESIAN_POINT('Ctrl Pts',(8.91493503641134,17.7663503484965,-4.16333634234434E-16));
#5911=CARTESIAN_POINT('Ctrl Pts',(4.72729454623307,18.3573993863166,-4.16333634234434E-16));
#5912=CARTESIAN_POINT('Ctrl Pts',(-0.902801951785305,19.1520385454786,-4.16333634234434E-16));
#5913=CARTESIAN_POINT('Ctrl Pts',(-7.63838142261543,19.5644668537832,-4.16333634234434E-16));
#5914=CARTESIAN_POINT('Ctrl Pts',(-15.4311033707208,19.5644922777515,-4.16333634234434E-16));
#5915=CARTESIAN_POINT('',(-57.3311503508913,5.16462897772325,0.));
#5916=CARTESIAN_POINT('Ctrl Pts',(-15.4311033707209,19.5644922777515,0.));
#5917=CARTESIAN_POINT('Ctrl Pts',(-23.2238253188262,19.5645177017198,0.));
#5918=CARTESIAN_POINT('Ctrl Pts',(-29.9594074806302,19.1521333434482,0.));
#5919=CARTESIAN_POINT('Ctrl Pts',(-35.5895091635927,18.3575309209905,0.));
#5920=CARTESIAN_POINT('Ctrl Pts',(-39.7771535103091,17.7665092077661,0.));
#5921=CARTESIAN_POINT('Ctrl Pts',(-43.3553444428564,16.9617901764698,0.));
#5922=CARTESIAN_POINT('Ctrl Pts',(-46.2874654989402,15.9916311143394,0.));
#5923=CARTESIAN_POINT('Ctrl Pts',(-50.593332928583,14.5669367626064,0.));
#5924=CARTESIAN_POINT('Ctrl Pts',(-53.4641960755514,12.7696057240793,0.));
#5925=CARTESIAN_POINT('Ctrl Pts',(-55.0876966419538,11.0000936357578,0.));
#5926=CARTESIAN_POINT('Ctrl Pts',(-55.8990452873455,10.1157753511974,0.));
#5927=CARTESIAN_POINT('Ctrl Pts',(-56.4266488713627,9.25418767623719,0.));
#5928=CARTESIAN_POINT('Ctrl Pts',(-56.7897275211669,8.30044400582603,0.));
#5929=CARTESIAN_POINT('Ctrl Pts',(-57.1435874039847,7.37091641274991,0.));
#5930=CARTESIAN_POINT('Ctrl Pts',(-57.3311464095786,6.37268406370526,0.));
#5931=CARTESIAN_POINT('Ctrl Pts',(-57.3311503508913,5.16462897772325,0.));
#5932=CARTESIAN_POINT('',(-15.4311973315079,-9.23550772209517,0.));
#5933=CARTESIAN_POINT('Ctrl Pts',(-57.3311503508913,5.16462897772326,-5.55111512312578E-16));
#5934=CARTESIAN_POINT('Ctrl Pts',(-57.3311542922041,3.95657389174126,-5.55111512312578E-16));
#5935=CARTESIAN_POINT('Ctrl Pts',(-57.1436018001348,2.95834031888509,-5.55111512312578E-16));
#5936=CARTESIAN_POINT('Ctrl Pts',(-56.7897479825429,2.02881041687369,-5.55111512312578E-16));
#5937=CARTESIAN_POINT('Ctrl Pts',(-56.426675555976,1.0750643773748,-5.55111512312578E-16));
#5938=CARTESIAN_POINT('Ctrl Pts',(-55.8990775938767,0.213473259790665,-5.55111512312578E-16));
#5939=CARTESIAN_POINT('Ctrl Pts',(-55.0877347187274,-0.670850318845125,
-5.55111512312578E-16));
#5940=CARTESIAN_POINT('Ctrl Pts',(-53.4642456985226,-2.4403730005589,-5.55111512312578E-16));
#5941=CARTESIAN_POINT('Ctrl Pts',(-50.5933942792986,-4.23772277158664,-5.55111512312578E-16));
#5942=CARTESIAN_POINT('Ctrl Pts',(-46.287536145956,-5.66244521930968,-5.55111512312578E-16));
#5943=CARTESIAN_POINT('Ctrl Pts',(-43.3554214202755,-6.63262341366959,-5.55111512312578E-16));
#5944=CARTESIAN_POINT('Ctrl Pts',(-39.7772357386401,-7.43736579284014,-5.55111512312578E-16));
#5945=CARTESIAN_POINT('Ctrl Pts',(-35.5895952484618,-8.02841483066025,-5.55111512312578E-16));
#5946=CARTESIAN_POINT('Ctrl Pts',(-29.9594987504434,-8.82305398982227,-5.55111512312578E-16));
#5947=CARTESIAN_POINT('Ctrl Pts',(-23.2239192796133,-9.23548229812685,-5.55111512312578E-16));
#5948=CARTESIAN_POINT('Ctrl Pts',(-15.4311973315079,-9.23550772209517,-5.55111512312578E-16));
#5949=CARTESIAN_POINT('Ctrl Pts',(-15.4311973315079,-9.23550772209517,-1.38777878078145E-16));
#5950=CARTESIAN_POINT('Ctrl Pts',(-7.6384753834025,-9.2355331460635,-1.38777878078145E-16));
#5951=CARTESIAN_POINT('Ctrl Pts',(-0.902893221598514,-8.8231487877919,-1.38777878078145E-16));
#5952=CARTESIAN_POINT('Ctrl Pts',(4.72720846136395,-8.02854636533417,-1.38777878078145E-16));
#5953=CARTESIAN_POINT('Ctrl Pts',(8.91485280808035,-7.43752465210973,-1.38777878078145E-16));
#5954=CARTESIAN_POINT('Ctrl Pts',(12.4930437406276,-6.63280562081346,-1.38777878078145E-16));
#5955=CARTESIAN_POINT('Ctrl Pts',(15.4251647967114,-5.66264655868306,-1.38777878078145E-16));
#5956=CARTESIAN_POINT('Ctrl Pts',(19.7310322263542,-4.23795220695002,-1.38777878078145E-16));
#5957=CARTESIAN_POINT('Ctrl Pts',(22.6018953733226,-2.44062116842297,-1.38777878078145E-16));
#5958=CARTESIAN_POINT('Ctrl Pts',(24.2253959397251,-0.671109080101451,-1.38777878078145E-16));
#5959=CARTESIAN_POINT('Ctrl Pts',(25.0367445851167,0.213209204458904,-1.38777878078145E-16));
#5960=CARTESIAN_POINT('Ctrl Pts',(25.5643481691339,1.07479687941915,-1.38777878078145E-16));
#5961=CARTESIAN_POINT('Ctrl Pts',(25.9274268189382,2.02854054983031,-1.38777878078145E-16));
#5962=CARTESIAN_POINT('Ctrl Pts',(26.2812867017559,2.95806814290643,-1.38777878078145E-16));
#5963=CARTESIAN_POINT('Ctrl Pts',(26.4688457073499,3.95630049195108,-1.38777878078145E-16));
#5964=CARTESIAN_POINT('Ctrl Pts',(26.4688496486626,5.16435557793309,-1.38777878078145E-16));
#5965=CARTESIAN_POINT('Ctrl Pts',(-63.2532902623384,16.3528520264458,6.49999999999999));
#5966=CARTESIAN_POINT('Ctrl Pts',(-63.2532902623384,16.3528520264458,-3.50000000000001));
#5967=CARTESIAN_POINT('Ctrl Pts',(-62.8703026904175,16.8460545180755,6.49999999999999));
#5968=CARTESIAN_POINT('Ctrl Pts',(-62.8703026904175,16.8460545180755,-3.50000000000001));
#5969=CARTESIAN_POINT('Ctrl Pts',(-62.1447852562387,17.8325629164318,6.49999999999999));
#5970=CARTESIAN_POINT('Ctrl Pts',(-62.1447852562387,17.8325629164318,-3.50000000000001));
#5971=CARTESIAN_POINT('Ctrl Pts',(-61.1778795698652,19.3126382713181,6.49999999999999));
#5972=CARTESIAN_POINT('Ctrl Pts',(-61.1778795698652,19.3126382713181,-3.50000000000001));
#5973=CARTESIAN_POINT('Ctrl Pts',(-60.134205229527,21.2769489925681,6.49999999999999));
#5974=CARTESIAN_POINT('Ctrl Pts',(-60.134205229527,21.2769489925681,-3.50000000000001));
#5975=CARTESIAN_POINT('Ctrl Pts',(-59.2517062567235,23.6651925252771,6.49999999999999));
#5976=CARTESIAN_POINT('Ctrl Pts',(-59.2517062567235,23.6651925252771,-3.50000000000001));
#5977=CARTESIAN_POINT('Ctrl Pts',(-58.8016326249897,25.9265409991429,6.49999999999999));
#5978=CARTESIAN_POINT('Ctrl Pts',(-58.8016326249897,25.9265409991429,-3.50000000000001));
#5979=CARTESIAN_POINT('Ctrl Pts',(-58.7812856928036,28.0148338049386,6.49999999999999));
#5980=CARTESIAN_POINT('Ctrl Pts',(-58.7812856928036,28.0148338049386,-3.50000000000001));
#5981=CARTESIAN_POINT('Ctrl Pts',(-59.1652205409905,29.915829876369,6.49999999999999));
#5982=CARTESIAN_POINT('Ctrl Pts',(-59.1652205409905,29.915829876369,-3.50000000000001));
#5983=CARTESIAN_POINT('Ctrl Pts',(-59.8887219486397,31.6757823431476,6.49999999999999));
#5984=CARTESIAN_POINT('Ctrl Pts',(-59.8887219486397,31.6757823431476,-3.50000000000001));
#5985=CARTESIAN_POINT('Ctrl Pts',(-60.8549786677774,33.3872331952534,6.49999999999999));
#5986=CARTESIAN_POINT('Ctrl Pts',(-60.8549786677774,33.3872331952534,-3.50000000000001));
#5987=CARTESIAN_POINT('Ctrl Pts',(-61.9528429742065,35.1546145925657,6.49999999999999));
#5988=CARTESIAN_POINT('Ctrl Pts',(-61.9528429742065,35.1546145925657,-3.50000000000001));
#5989=CARTESIAN_POINT('Ctrl Pts',(-63.0693912692248,37.0685253596527,6.49999999999999));
#5990=CARTESIAN_POINT('Ctrl Pts',(-63.0693912692248,37.0685253596527,-3.50000000000001));
#5991=CARTESIAN_POINT('Ctrl Pts',(-64.1049264226315,39.1727848089094,6.49999999999999));
#5992=CARTESIAN_POINT('Ctrl Pts',(-64.1049264226315,39.1727848089094,-3.50000000000001));
#5993=CARTESIAN_POINT('Ctrl Pts',(-64.9839573064679,41.4430352342381,6.49999999999999));
#5994=CARTESIAN_POINT('Ctrl Pts',(-64.9839573064679,41.4430352342381,-3.50000000000001));
#5995=CARTESIAN_POINT('Ctrl Pts',(-65.6503630686351,43.8179440873111,6.49999999999999));
#5996=CARTESIAN_POINT('Ctrl Pts',(-65.6503630686351,43.8179440873111,-3.50000000000001));
#5997=CARTESIAN_POINT('Ctrl Pts',(-65.9824886042946,45.7411491007645,6.49999999999999));
#5998=CARTESIAN_POINT('Ctrl Pts',(-65.9824886042946,45.7411491007645,-3.50000000000001));
#5999=CARTESIAN_POINT('Ctrl Pts',(-66.1081940619757,47.1675007046156,6.49999999999999));
#6000=CARTESIAN_POINT('Ctrl Pts',(-66.1081940619757,47.1675007046156,-3.50000000000001));
#6001=CARTESIAN_POINT('Ctrl Pts',(-66.1361249361238,48.1072597186753,6.49999999999999));
#6002=CARTESIAN_POINT('Ctrl Pts',(-66.1361249361238,48.1072597186753,-3.50000000000001));
#6003=CARTESIAN_POINT('Ctrl Pts',(-66.1361218883085,48.5743539351605,6.49999999999999));
#6004=CARTESIAN_POINT('Ctrl Pts',(-66.1361218883085,48.5743539351605,-3.50000000000001));
#6005=CARTESIAN_POINT('',(-60.6363055118143,20.4330382624416,1.49999999999999));
#6006=CARTESIAN_POINT('Ctrl Pts',(-60.6363055118143,20.4330382624416,1.5));
#6007=CARTESIAN_POINT('Ctrl Pts',(-61.0265594751638,19.6632017142383,1.5));
#6008=CARTESIAN_POINT('Ctrl Pts',(-61.535872745995,18.7730302280705,1.5));
#6009=CARTESIAN_POINT('Ctrl Pts',(-62.2135419216451,17.7789802039962,1.5));
#6010=CARTESIAN_POINT('',(-58.897888684732,25.9889243985569,1.49999999999999));
#6011=CARTESIAN_POINT('Ctrl Pts',(-60.6363055118143,20.4330382624416,1.49999999999999));
#6012=CARTESIAN_POINT('Ctrl Pts',(-60.5521234031924,20.5991005449762,1.49999999999999));
#6013=CARTESIAN_POINT('Ctrl Pts',(-60.2303695361996,21.2514812607582,1.49999999999999));
#6014=CARTESIAN_POINT('Ctrl Pts',(-59.7343607685123,22.3816974082578,1.49999999999999));
#6015=CARTESIAN_POINT('Ctrl Pts',(-59.3467153800882,23.5129346073348,1.49999999999999));
#6016=CARTESIAN_POINT('Ctrl Pts',(-59.0824975065289,24.6079520471284,1.49999999999999));
#6017=CARTESIAN_POINT('Ctrl Pts',(-58.9463053454123,25.5135972088269,1.49999999999999));
#6018=CARTESIAN_POINT('Ctrl Pts',(-58.8999853924056,25.9678879842057,1.49999999999999));
#6019=CARTESIAN_POINT('Ctrl Pts',(-58.897888684732,25.9889243985569,1.49999999999999));
#6020=CARTESIAN_POINT('',(-58.897888684732,25.9889243985569,1.79999999999999));
#6021=CARTESIAN_POINT('Ctrl Pts',(-58.897888684732,25.9889243985569,1.79999999999999));
#6022=CARTESIAN_POINT('Ctrl Pts',(-58.897888684732,25.9889243985569,1.69999999999999));
#6023=CARTESIAN_POINT('Ctrl Pts',(-58.897888684732,25.9889243985569,1.59999999999999));
#6024=CARTESIAN_POINT('Ctrl Pts',(-58.897888684732,25.9889243985569,1.49999999999999));
#6025=CARTESIAN_POINT('',(-58.8838711045542,27.9889243528348,1.79999999999999));
#6026=CARTESIAN_POINT('Ctrl Pts',(-58.8838711045543,27.9889243528348,1.8));
#6027=CARTESIAN_POINT('Ctrl Pts',(-58.822913011038,27.3213904988305,1.8));
#6028=CARTESIAN_POINT('Ctrl Pts',(-58.8316133880932,26.6538690729663,1.8));
#6029=CARTESIAN_POINT('Ctrl Pts',(-58.897888684732,25.9889243985569,1.8));
#6030=CARTESIAN_POINT('',(-58.8838711045543,27.9889243528348,1.49999999999999));
#6031=CARTESIAN_POINT('Ctrl Pts',(-58.8838711045542,27.9889243528348,1.49999999999999));
#6032=CARTESIAN_POINT('Ctrl Pts',(-58.8838711045542,27.9889243528348,1.59999999999999));
#6033=CARTESIAN_POINT('Ctrl Pts',(-58.8838711045542,27.9889243528348,1.69999999999999));
#6034=CARTESIAN_POINT('Ctrl Pts',(-58.8838711045542,27.9889243528348,1.79999999999999));
#6035=CARTESIAN_POINT('',(-60.6362237400265,32.9650080511091,1.49999999999999));
#6036=CARTESIAN_POINT('Ctrl Pts',(-58.8838711045542,27.9889243528348,1.49999999999999));
#6037=CARTESIAN_POINT('Ctrl Pts',(-58.9199192952339,28.3836773095995,1.49999999999999));
#6038=CARTESIAN_POINT('Ctrl Pts',(-59.0315080606385,29.1598295130776,1.49999999999999));
#6039=CARTESIAN_POINT('Ctrl Pts',(-59.2893207281205,30.181636919145,1.49999999999999));
#6040=CARTESIAN_POINT('Ctrl Pts',(-59.6744210094995,31.1506406370496,1.49999999999999));
#6041=CARTESIAN_POINT('Ctrl Pts',(-60.1536389347286,32.0985478816031,1.49999999999999));
#6042=CARTESIAN_POINT('Ctrl Pts',(-60.4883432423042,32.704552645961,1.49999999999999));
#6043=CARTESIAN_POINT('Ctrl Pts',(-60.6362237400265,32.9650080511091,1.49999999999999));
#6044=CARTESIAN_POINT('',(-66.1361218883085,48.5743539351605,1.49999999999999));
#6045=CARTESIAN_POINT('Ctrl Pts',(-66.1361218883085,48.5743539351605,1.49999999999999));
#6046=CARTESIAN_POINT('Ctrl Pts',(-66.1361232737625,48.3620255982332,1.49999999999999));
#6047=CARTESIAN_POINT('Ctrl Pts',(-66.1326597950684,48.1490022010295,1.49999999999999));
#6048=CARTESIAN_POINT('Ctrl Pts',(-66.1257386333431,47.9353104733862,1.49999999999999));
#6049=CARTESIAN_POINT('Ctrl Pts',(-66.1186044757758,47.7150424726743,1.49999999999999));
#6050=CARTESIAN_POINT('Ctrl Pts',(-66.1077964694353,47.4940645765741,1.49999999999999));
#6051=CARTESIAN_POINT('Ctrl Pts',(-66.0933382650014,47.2724605640782,1.49999999999999));
#6052=CARTESIAN_POINT('Ctrl Pts',(-66.0783627649547,47.0429278503403,1.49999999999999));
#6053=CARTESIAN_POINT('Ctrl Pts',(-66.0594710975759,46.8127236652473,1.49999999999999));
#6054=CARTESIAN_POINT('Ctrl Pts',(-66.0367075816607,46.5819952550218,1.49999999999999));
#6055=CARTESIAN_POINT('Ctrl Pts',(-66.0129952213963,46.3416494663097,1.49999999999999));
#6056=CARTESIAN_POINT('Ctrl Pts',(-65.9850813729815,46.1007351646674,1.49999999999999));
#6057=CARTESIAN_POINT('Ctrl Pts',(-65.9530372066866,45.8594721124315,1.49999999999999));
#6058=CARTESIAN_POINT('Ctrl Pts',(-65.9194794821871,45.6068133612461,1.49999999999999));
#6059=CARTESIAN_POINT('Ctrl Pts',(-65.8813918412227,45.3537725542667,1.49999999999999));
#6060=CARTESIAN_POINT('Ctrl Pts',(-65.8388813597021,45.1006536182167,1.49999999999999));
#6061=CARTESIAN_POINT('Ctrl Pts',(-65.7939947513965,44.8333865788702,1.49999999999999));
#6062=CARTESIAN_POINT('Ctrl Pts',(-65.7441767541424,44.5660330487024,1.49999999999999));
#6063=CARTESIAN_POINT('Ctrl Pts',(-65.6895850959305,44.2989989499147,1.49999999999999));
#6064=CARTESIAN_POINT('Ctrl Pts',(-65.6300857386055,44.0079589305758,1.49999999999999));
#6065=CARTESIAN_POINT('Ctrl Pts',(-65.5649152068147,43.7172992880582,1.49999999999999));
#6066=CARTESIAN_POINT('Ctrl Pts',(-65.4943221972677,43.4275892787402,1.49999999999999));
#6067=CARTESIAN_POINT('Ctrl Pts',(-65.4227921254825,43.1340336151357,1.49999999999999));
#6068=CARTESIAN_POINT('Ctrl Pts',(-65.3456944230603,42.8414548134416,1.49999999999999));
#6069=CARTESIAN_POINT('Ctrl Pts',(-65.2633376714056,42.5504655793248,1.49999999999999));
#6070=CARTESIAN_POINT('Ctrl Pts',(-65.1846114575797,42.2723040417965,1.49999999999999));
#6071=CARTESIAN_POINT('Ctrl Pts',(-65.101079866813,41.9955966197638,1.49999999999999));
#6072=CARTESIAN_POINT('Ctrl Pts',(-65.0130570627582,41.7208717176622,1.49999999999999));
#6073=CARTESIAN_POINT('Ctrl Pts',(-64.930152545704,41.4621213225109,1.49999999999999));
#6074=CARTESIAN_POINT('Ctrl Pts',(-64.8432642200531,41.2051305860704,1.49999999999999));
#6075=CARTESIAN_POINT('Ctrl Pts',(-64.7526913184812,40.9503169042564,1.49999999999999));
#6076=CARTESIAN_POINT('Ctrl Pts',(-64.6666830837585,40.7083452485439,1.49999999999999));
#6077=CARTESIAN_POINT('Ctrl Pts',(-64.5773525038726,40.4683373191207,1.49999999999999));
#6078=CARTESIAN_POINT('Ctrl Pts',(-64.4849866343297,40.2306174328053,1.49999999999999));
#6079=CARTESIAN_POINT('Ctrl Pts',(-64.396573647612,40.0030709889149,1.49999999999999));
#6080=CARTESIAN_POINT('Ctrl Pts',(-64.3053797496627,39.7776213484877,1.49999999999999));
#6081=CARTESIAN_POINT('Ctrl Pts',(-64.2116833227876,39.5545148732087,1.49999999999999));
#6082=CARTESIAN_POINT('Ctrl Pts',(-64.1217422490087,39.3403505061905,1.49999999999999));
#6083=CARTESIAN_POINT('Ctrl Pts',(-64.0294953417415,39.1283455264527,1.49999999999999));
#6084=CARTESIAN_POINT('Ctrl Pts',(-63.9352121128382,38.9186771122217,1.49999999999999));
#6085=CARTESIAN_POINT('Ctrl Pts',(-63.8448631170325,38.7177577027115,1.49999999999999));
#6086=CARTESIAN_POINT('Ctrl Pts',(-63.7526442536463,38.5189842316654,1.49999999999999));
#6087=CARTESIAN_POINT('Ctrl Pts',(-63.6588133018921,38.3224702485696,1.49999999999999));
#6088=CARTESIAN_POINT('Ctrl Pts',(-63.5682985992692,38.1329016210688,1.49999999999999));
#6089=CARTESIAN_POINT('Ctrl Pts',(-63.4762837820512,37.9454358358409,1.49999999999999));
#6090=CARTESIAN_POINT('Ctrl Pts',(-63.3830192342826,37.7601305492804,1.49999999999999));
#6091=CARTESIAN_POINT('Ctrl Pts',(-63.2925663331829,37.580411661884,1.49999999999999));
#6092=CARTESIAN_POINT('Ctrl Pts',(-63.2009379410437,37.4027251738629,1.49999999999999));
#6093=CARTESIAN_POINT('Ctrl Pts',(-63.108380243398,37.2270780241498,1.49999999999999));
#6094=CARTESIAN_POINT('Ctrl Pts',(-63.0166965286404,37.0530894356059,1.49999999999999));
#6095=CARTESIAN_POINT('Ctrl Pts',(-62.9241009921884,36.8811020108196,1.49999999999999));
#6096=CARTESIAN_POINT('Ctrl Pts',(-62.8308505884766,36.711073543498,1.49999999999999));
#6097=CARTESIAN_POINT('Ctrl Pts',(-62.7344578438255,36.5353154772423,1.49999999999999));
#6098=CARTESIAN_POINT('Ctrl Pts',(-62.6373654109162,36.361650601459,1.49999999999999));
#6099=CARTESIAN_POINT('Ctrl Pts',(-62.5398754271866,36.1899790599312,1.49999999999999));
#6100=CARTESIAN_POINT('Ctrl Pts',(-62.4400517058614,36.014198005659,1.49999999999999));
#6101=CARTESIAN_POINT('Ctrl Pts',(-62.3398112845456,35.8405067189317,1.49999999999999));
#6102=CARTESIAN_POINT('Ctrl Pts',(-62.2394960608217,35.6687444541607,1.49999999999999));
#6103=CARTESIAN_POINT('Ctrl Pts',(-62.1364011000916,35.4922226533399,1.49999999999999));
#6104=CARTESIAN_POINT('Ctrl Pts',(-62.033227265669,35.3177381023667,1.49999999999999));
#6105=CARTESIAN_POINT('Ctrl Pts',(-61.9303621141895,35.1450627126893,1.49999999999999));
#6106=CARTESIAN_POINT('Ctrl Pts',(-61.8182466506823,34.9568592145026,1.49999999999999));
#6107=CARTESIAN_POINT('Ctrl Pts',(-61.7064979974453,34.770805010099,1.49999999999999));
#6108=CARTESIAN_POINT('Ctrl Pts',(-61.5956357216589,34.5865408941601,1.49999999999999));
#6109=CARTESIAN_POINT('Ctrl Pts',(-61.4787277126419,34.3922281689803,1.49999999999999));
#6110=CARTESIAN_POINT('Ctrl Pts',(-61.3628058097807,34.199905449256,1.49999999999999));
#6111=CARTESIAN_POINT('Ctrl Pts',(-61.2484937778957,34.0090883361886,1.49999999999999));
#6112=CARTESIAN_POINT('Ctrl Pts',(-61.1155423275729,33.7871570879169,1.49999999999999));
#6113=CARTESIAN_POINT('Ctrl Pts',(-60.9847693287803,33.5672620556225,1.49999999999999));
#6114=CARTESIAN_POINT('Ctrl Pts',(-60.8571659386133,33.3485648134471,1.49999999999999));
#6115=CARTESIAN_POINT('Ctrl Pts',(-60.7823628968787,33.2203611747172,1.49999999999999));
#6116=CARTESIAN_POINT('Ctrl Pts',(-60.7086491948529,33.0925678136904,1.49999999999999));
#6117=CARTESIAN_POINT('Ctrl Pts',(-60.6362237400265,32.9650080511091,1.49999999999999));
#6118=CARTESIAN_POINT('',(-66.1361218883085,48.5743539351605,0.749999999999994));
#6119=CARTESIAN_POINT('Origin',(9.92870999236002,32.7814603214425,1.5));
#6120=CARTESIAN_POINT('',(-60.6365892603939,18.8533093306035,1.49999999999999));
#6121=CARTESIAN_POINT('Ctrl Pts',(-63.1004820146426,16.3684287984132,1.5));
#6122=CARTESIAN_POINT('Ctrl Pts',(-62.6809532750332,16.8412797855398,1.5));
#6123=CARTESIAN_POINT('Ctrl Pts',(-62.2264152497276,17.3167650366159,1.50000000000167));
#6124=CARTESIAN_POINT('Ctrl Pts',(-61.3959168716689,18.1462435522149,1.50000000000167));
#6125=CARTESIAN_POINT('Ctrl Pts',(-61.0236332162307,18.5066783143344,1.5));
#6126=CARTESIAN_POINT('Ctrl Pts',(-60.6365892603939,18.8533093306035,1.5));
#6127=CARTESIAN_POINT('',(-60.6364403711333,19.1209717852609,1.49999999999999));
#6128=CARTESIAN_POINT('Ctrl Pts',(-60.6364403711333,19.1209717852609,1.49999999999999));
#6129=CARTESIAN_POINT('Ctrl Pts',(-60.6364810787051,19.0317268225182,1.49999999999999));
#6130=CARTESIAN_POINT('Ctrl Pts',(-60.6365309160998,18.9425053703046,1.49999999999999));
#6131=CARTESIAN_POINT('Ctrl Pts',(-60.6365892603939,18.8533093306035,1.49999999999999));
#6132=CARTESIAN_POINT('',(-58.1594543009819,21.0289987631067,1.49999999999999));
#6133=CARTESIAN_POINT('Ctrl Pts',(-60.6364403711333,19.1209717852608,1.49999999999999));
#6134=CARTESIAN_POINT('Ctrl Pts',(-59.8644715596918,19.8013628266543,1.49999999999999));
#6135=CARTESIAN_POINT('Ctrl Pts',(-59.0378343399371,20.4361595748486,1.49999999999999));
#6136=CARTESIAN_POINT('Ctrl Pts',(-58.1594543009821,21.0289987631066,1.49999999999999));
#6137=CARTESIAN_POINT('',(-56.8915503760174,25.9889178528233,1.49999999999999));
#6138=CARTESIAN_POINT('Ctrl Pts',(-58.1594543009819,21.0289987631067,1.49999999999999));
#6139=CARTESIAN_POINT('Ctrl Pts',(-57.5968058930482,22.3812287833839,1.49999999999999));
#6140=CARTESIAN_POINT('Ctrl Pts',(-57.2076252837773,23.7219210722739,1.49999999999999));
#6141=CARTESIAN_POINT('Ctrl Pts',(-57.0049417253205,25.0287920636932,1.49999999999999));
#6142=CARTESIAN_POINT('Ctrl Pts',(-56.9549594157099,25.3510699584157,1.49999999999999));
#6143=CARTESIAN_POINT('Ctrl Pts',(-56.9173113491675,25.6713195459068,1.49999999999999));
#6144=CARTESIAN_POINT('Ctrl Pts',(-56.8915503760174,25.9889178528233,1.49999999999999));
#6145=CARTESIAN_POINT('',(-38.4213075611104,25.9888575931514,1.5));
#6146=CARTESIAN_POINT('Ctrl Pts',(31.3513235286437,17.7786749460656,0.));
#6147=CARTESIAN_POINT('Ctrl Pts',(31.3513235286437,17.7786749460656,0.595111448812109));
#6148=CARTESIAN_POINT('Ctrl Pts',(31.3513235286436,17.7786749460656,1.19022289762422));
#6149=CARTESIAN_POINT('Ctrl Pts',(31.3513235286436,17.7786749460656,1.78533434643633));
#6150=CARTESIAN_POINT('Ctrl Pts',(33.9204341998684,14.0100804452597,0.));
#6151=CARTESIAN_POINT('Ctrl Pts',(33.9204341998684,14.0100804452597,0.595111448812109));
#6152=CARTESIAN_POINT('Ctrl Pts',(33.9204341998684,14.0100804452597,1.19022289762422));
#6153=CARTESIAN_POINT('Ctrl Pts',(33.9204341998684,14.0100804452597,1.78533434643633));
#6154=CARTESIAN_POINT('Ctrl Pts',(35.3038658736797,9.44555272192403,0.));
#6155=CARTESIAN_POINT('Ctrl Pts',(35.3038658736797,9.44555272192403,0.595111448812109));
#6156=CARTESIAN_POINT('Ctrl Pts',(35.3038658736797,9.44555272192401,1.19022289762422));
#6157=CARTESIAN_POINT('Ctrl Pts',(35.3038658736797,9.44555272192401,1.78533434643633));
#6158=CARTESIAN_POINT('Ctrl Pts',(35.2592463313809,4.88478050124145,0.));
#6159=CARTESIAN_POINT('Ctrl Pts',(35.2592463313809,4.88478050124145,0.595111448812109));
#6160=CARTESIAN_POINT('Ctrl Pts',(35.2592463313809,4.88478050124141,1.19022289762422));
#6161=CARTESIAN_POINT('Ctrl Pts',(35.2592463313809,4.88478050124141,1.78533434643633));
#6162=CARTESIAN_POINT('',(33.9917964238913,12.5530179973427,1.5));
#6163=CARTESIAN_POINT('',(35.2592463313809,4.88478050124142,1.5));
#6164=CARTESIAN_POINT('Ctrl Pts',(33.9844971670722,12.5507366976166,1.5));
#6165=CARTESIAN_POINT('Ctrl Pts',(34.8447707786608,10.0933874806052,1.5));
#6166=CARTESIAN_POINT('Ctrl Pts',(35.2847191060846,7.4884720065056,1.5));
#6167=CARTESIAN_POINT('Ctrl Pts',(35.2592463313809,4.88478050124141,1.5));
#6168=CARTESIAN_POINT('Ctrl Pts',(35.2592463313809,4.88478050124142,1.5));
#6169=CARTESIAN_POINT('Ctrl Pts',(35.2592463313809,4.88478050124142,1.));
#6170=CARTESIAN_POINT('Ctrl Pts',(35.2592463313809,4.88478050124145,0.5));
#6171=CARTESIAN_POINT('Ctrl Pts',(35.2592463313809,4.88478050124145,0.));
#6172=CARTESIAN_POINT('',(31.3513235286436,17.7786749460656,1.5));
#6173=CARTESIAN_POINT('Ctrl Pts',(31.3513235286437,17.7786749460656,0.));
#6174=CARTESIAN_POINT('Ctrl Pts',(31.3513235286437,17.7786749460656,0.5));
#6175=CARTESIAN_POINT('Ctrl Pts',(31.3513235286436,17.7786749460656,0.999999999999999));
#6176=CARTESIAN_POINT('Ctrl Pts',(31.3513235286436,17.7786749460656,1.5));
#6177=CARTESIAN_POINT('',(32.2382544176972,16.3681177531802,1.5));
#6178=CARTESIAN_POINT('Ctrl Pts',(31.3513235286436,17.7786749460656,1.5));
#6179=CARTESIAN_POINT('Ctrl Pts',(31.6642456635207,17.319653600708,1.5));
#6180=CARTESIAN_POINT('Ctrl Pts',(31.9595774650391,16.8488240587422,1.5));
#6181=CARTESIAN_POINT('Ctrl Pts',(32.2368809643185,16.3676313652206,1.5));
#6182=CARTESIAN_POINT('Ctrl Pts',(32.2382544176972,16.3681177531802,1.5));
#6183=CARTESIAN_POINT('Ctrl Pts',(32.3358040512481,16.1994213600855,1.53426260180348));
#6184=CARTESIAN_POINT('Ctrl Pts',(32.431121619419,16.0295294587831,1.56685652976573));
#6185=CARTESIAN_POINT('Ctrl Pts',(32.9563542864894,15.0642016684824,1.73600901926364));
#6186=CARTESIAN_POINT('Ctrl Pts',(33.2526623623895,14.4140342477439,1.78533434643633));
#6187=CARTESIAN_POINT('Ctrl Pts',(33.6513731346423,13.471687700561,1.74715032558956));
#6188=CARTESIAN_POINT('Ctrl Pts',(33.7809268062395,13.1342673718699,1.69269347367375));
#6189=CARTESIAN_POINT('Ctrl Pts',(33.9197782560558,12.7559904671649,1.58118494011299));
#6190=CARTESIAN_POINT('Ctrl Pts',(33.9568641584115,12.6525952271911,1.54455369984903));
#6191=CARTESIAN_POINT('Ctrl Pts',(33.9917964238913,12.5530179973427,1.5));
#6192=CARTESIAN_POINT('Ctrl Pts',(5.21960778029205,-33.5617772149052,0.));
#6193=CARTESIAN_POINT('Ctrl Pts',(5.21960778029205,-33.5617772149052,1.5));
#6194=CARTESIAN_POINT('Ctrl Pts',(6.08509425967108,-33.5617772149052,0.));
#6195=CARTESIAN_POINT('Ctrl Pts',(6.08509425967108,-33.5617772149052,1.5));
#6196=CARTESIAN_POINT('Ctrl Pts',(7.79259989263702,-33.5142556895189,0.));
#6197=CARTESIAN_POINT('Ctrl Pts',(7.79259989263702,-33.5142556895189,1.5));
#6198=CARTESIAN_POINT('Ctrl Pts',(10.2834602877946,-33.3004088675214,0.));
#6199=CARTESIAN_POINT('Ctrl Pts',(10.2834602877946,-33.3004088675214,1.5));
#6200=CARTESIAN_POINT('Ctrl Pts',(13.4518579596769,-32.7420462939431,0.));
#6201=CARTESIAN_POINT('Ctrl Pts',(13.4518579596769,-32.7420462939431,1.5));
#6202=CARTESIAN_POINT('Ctrl Pts',(17.0928785468905,-31.6593649885686,0.));
#6203=CARTESIAN_POINT('Ctrl Pts',(17.0928785468905,-31.6593649885686,1.5));
#6204=CARTESIAN_POINT('Ctrl Pts',(20.337949660338,-30.2860612146605,0.));
#6205=CARTESIAN_POINT('Ctrl Pts',(20.337949660338,-30.2860612146605,1.5));
#6206=CARTESIAN_POINT('Ctrl Pts',(23.1246349856531,-28.7223399006752,0.));
#6207=CARTESIAN_POINT('Ctrl Pts',(23.1246349856531,-28.7223399006752,1.5));
#6208=CARTESIAN_POINT('Ctrl Pts',(25.4260097033214,-27.0584846206973,0.));
#6209=CARTESIAN_POINT('Ctrl Pts',(25.4260097033214,-27.0584846206973,1.5));
#6210=CARTESIAN_POINT('Ctrl Pts',(27.2842106140553,-25.3563688278148,0.));
#6211=CARTESIAN_POINT('Ctrl Pts',(27.2842106140553,-25.3563688278148,1.5));
#6212=CARTESIAN_POINT('Ctrl Pts',(28.8004657942227,-23.6403022792399,0.));
#6213=CARTESIAN_POINT('Ctrl Pts',(28.8004657942227,-23.6403022792399,1.5));
#6214=CARTESIAN_POINT('Ctrl Pts',(30.0886570006744,-21.894162522536,0.));
#6215=CARTESIAN_POINT('Ctrl Pts',(30.0886570006744,-21.894162522536,1.5));
#6216=CARTESIAN_POINT('Ctrl Pts',(31.2426219942232,-20.0576378826624,0.));
#6217=CARTESIAN_POINT('Ctrl Pts',(31.2426219942232,-20.0576378826624,1.5));
#6218=CARTESIAN_POINT('Ctrl Pts',(32.2915697760269,-18.0183782128333,0.));
#6219=CARTESIAN_POINT('Ctrl Pts',(32.2915697760269,-18.0183782128333,1.5));
#6220=CARTESIAN_POINT('Ctrl Pts',(33.2177625634921,-15.6397317378337,0.));
#6221=CARTESIAN_POINT('Ctrl Pts',(33.2177625634921,-15.6397317378337,1.5));
#6222=CARTESIAN_POINT('Ctrl Pts',(33.98474102526,-12.7959994419829,0.));
#6223=CARTESIAN_POINT('Ctrl Pts',(33.98474102526,-12.7959994419829,1.5));
#6224=CARTESIAN_POINT('Ctrl Pts',(34.5609021163019,-9.40417030549278,0.));
#6225=CARTESIAN_POINT('Ctrl Pts',(34.5609021163019,-9.40417030549278,1.5));
#6226=CARTESIAN_POINT('Ctrl Pts',(34.9471014399244,-5.46141479333486,0.));
#6227=CARTESIAN_POINT('Ctrl Pts',(34.9471014399244,-5.46141479333486,1.5));
#6228=CARTESIAN_POINT('Ctrl Pts',(35.1689659732618,-1.02511891937195,0.));
#6229=CARTESIAN_POINT('Ctrl Pts',(35.1689659732618,-1.02511891937195,1.5));
#6230=CARTESIAN_POINT('Ctrl Pts',(35.2671343218449,3.81038597316295,0.));
#6231=CARTESIAN_POINT('Ctrl Pts',(35.2671343218449,3.81038597316295,1.5));
#6232=CARTESIAN_POINT('Ctrl Pts',(35.288696681347,8.93466371979366,0.));
#6233=CARTESIAN_POINT('Ctrl Pts',(35.288696681347,8.93466371979366,1.5));
#6234=CARTESIAN_POINT('Ctrl Pts',(35.2804863253715,13.1806789589746,0.));
#6235=CARTESIAN_POINT('Ctrl Pts',(35.2804863253715,13.1806789589746,1.5));
#6236=CARTESIAN_POINT('Ctrl Pts',(35.2752648703673,16.411613357217,0.));
#6237=CARTESIAN_POINT('Ctrl Pts',(35.2752648703673,16.411613357217,1.5));
#6238=CARTESIAN_POINT('Ctrl Pts',(35.2741044367203,18.5816985708756,0.));
#6239=CARTESIAN_POINT('Ctrl Pts',(35.2741044367203,18.5816985708756,1.5));
#6240=CARTESIAN_POINT('Ctrl Pts',(35.2741044367203,19.6707732469986,0.));
#6241=CARTESIAN_POINT('Ctrl Pts',(35.2741044367203,19.6707732469986,1.5));
#6242=CARTESIAN_POINT('',(35.1685478912748,0.0115585777775831,1.5));
#6243=CARTESIAN_POINT('Ctrl Pts',(35.1685478912748,0.0115585777775835,1.5));
#6244=CARTESIAN_POINT('Ctrl Pts',(35.1909164201846,0.763594717947716,1.5));
#6245=CARTESIAN_POINT('Ctrl Pts',(35.2143538729916,1.71927079658082,1.5));
#6246=CARTESIAN_POINT('Ctrl Pts',(35.2327091294498,2.69231768686958,1.5));
#6247=CARTESIAN_POINT('Ctrl Pts',(35.2467623857618,3.68090481342854,1.5));
#6248=CARTESIAN_POINT('Ctrl Pts',(35.2572746176947,4.6832424185124,1.5));
#6249=CARTESIAN_POINT('Ctrl Pts',(35.2592463313809,4.88478050124142,1.5));
#6250=CARTESIAN_POINT('Ctrl Pts',(35.1685478912748,0.0115585777775824,-4.46814269705705E-15));
#6251=CARTESIAN_POINT('Ctrl Pts',(35.1685478912748,0.0115585777775824,0.499999999999998));
#6252=CARTESIAN_POINT('Ctrl Pts',(35.1685478912748,0.0115585777775824,1.));
#6253=CARTESIAN_POINT('Ctrl Pts',(35.1685478912748,0.0115585777775824,1.5));
#6254=CARTESIAN_POINT('Origin',(9.92870999236002,32.7814603214425,1.5));
#6255=CARTESIAN_POINT('',(33.7814938884045,12.0753155033576,1.50000000000001));
#6256=CARTESIAN_POINT('Ctrl Pts',(33.9917964238913,12.5530179973427,1.5));
#6257=CARTESIAN_POINT('Ctrl Pts',(33.9373022184028,12.3874187650214,1.5));
#6258=CARTESIAN_POINT('Ctrl Pts',(33.8638068496807,12.2275194913832,1.5));
#6259=CARTESIAN_POINT('Ctrl Pts',(33.7814938884045,12.0753155033576,1.5));
#6260=CARTESIAN_POINT('',(35.1688496486162,5.16432719394531,1.5));
#6261=CARTESIAN_POINT('Ctrl Pts',(33.7814938884044,12.0753155033577,1.5));
#6262=CARTESIAN_POINT('Ctrl Pts',(33.8788676739349,11.8508024419277,1.5));
#6263=CARTESIAN_POINT('Ctrl Pts',(33.9711546722884,11.6241278388094,1.5));
#6264=CARTESIAN_POINT('Ctrl Pts',(34.0582260163386,11.3954022637858,1.5));
#6265=CARTESIAN_POINT('Ctrl Pts',(34.8059878153974,9.43112516049721,1.5));
#6266=CARTESIAN_POINT('Ctrl Pts',(35.1688566845595,7.32092012292801,1.5));
#6267=CARTESIAN_POINT('Ctrl Pts',(35.1688496486162,5.16432719394531,1.5));
#6268=CARTESIAN_POINT('',(33.4670517552847,-2.42820366217603,1.50000000000001));
#6269=CARTESIAN_POINT('Ctrl Pts',(35.1688496486162,5.16432719394532,1.5));
#6270=CARTESIAN_POINT('Ctrl Pts',(35.1688442705923,3.51590457971849,1.5));
#6271=CARTESIAN_POINT('Ctrl Pts',(34.9670238183679,1.09734618032618,1.5));
#6272=CARTESIAN_POINT('Ctrl Pts',(33.760128971153,-1.80253488205143,1.5));
#6273=CARTESIAN_POINT('Ctrl Pts',(33.6252386751386,-2.10492356002229,1.5));
#6274=CARTESIAN_POINT('Ctrl Pts',(33.4670517552847,-2.42820366217603,1.5));
#6275=CARTESIAN_POINT('',(33.2572594857071,-4.81154427393965,1.5));
#6276=CARTESIAN_POINT('Ctrl Pts',(33.4670517552847,-2.42820366217602,1.5));
#6277=CARTESIAN_POINT('Ctrl Pts',(33.6011566787033,-2.70511127243757,1.5));
#6278=CARTESIAN_POINT('Ctrl Pts',(33.6831685157167,-2.95822963390614,1.50000000000002));
#6279=CARTESIAN_POINT('Ctrl Pts',(33.7464040948785,-3.44907261870226,1.50000000000002));
#6280=CARTESIAN_POINT('Ctrl Pts',(33.7279395612806,-3.68402976751878,1.50000000000001));
#6281=CARTESIAN_POINT('Ctrl Pts',(33.5966124230015,-4.18561832311566,1.50000000000001));
#6282=CARTESIAN_POINT('Ctrl Pts',(33.4676359371944,-4.4752927158337,1.5));
#6283=CARTESIAN_POINT('Ctrl Pts',(33.2572594857071,-4.81154427393966,1.5));
#6284=CARTESIAN_POINT('',(34.6634624114231,-2.22564269224252,1.5));
#6285=CARTESIAN_POINT('Ctrl Pts',(33.2572594857071,-4.81154427393965,1.5));
#6286=CARTESIAN_POINT('Ctrl Pts',(33.7969575013707,-3.98808741621208,1.5));
#6287=CARTESIAN_POINT('Ctrl Pts',(34.2683121241817,-3.12408674616418,1.5));
#6288=CARTESIAN_POINT('Ctrl Pts',(34.6634624114231,-2.22564269224252,1.5));
#6289=CARTESIAN_POINT('Ctrl Pts',(35.1685478912748,0.0115585777775823,1.5));
#6290=CARTESIAN_POINT('Ctrl Pts',(35.1456779013057,-0.757336822155076,1.5));
#6291=CARTESIAN_POINT('Ctrl Pts',(34.9731548211137,-1.52150223476346,1.5));
#6292=CARTESIAN_POINT('Ctrl Pts',(34.6634624114231,-2.22564269224252,1.5));
#6293=CARTESIAN_POINT('Ctrl Pts',(23.8823883600898,23.562357160861,0.8));
#6294=CARTESIAN_POINT('Ctrl Pts',(23.8883828314619,23.5594246728787,0.8));
#6295=CARTESIAN_POINT('Ctrl Pts',(23.8943773028324,23.5564921848973,0.8));
#6296=CARTESIAN_POINT('Ctrl Pts',(23.9051664979625,23.551214123982,0.8));
#6297=CARTESIAN_POINT('Ctrl Pts',(23.909961221725,23.5488685510468,0.8));
#6298=CARTESIAN_POINT('Ctrl Pts',(23.9147559454855,23.5465229781124,0.8));
#6299=CARTESIAN_POINT('Ctrl Pts',(24.6581352547256,23.1828627393257,0.8));
#6300=CARTESIAN_POINT('Ctrl Pts',(26.0946229430197,22.4146278860891,0.8));
#6301=CARTESIAN_POINT('Ctrl Pts',(28.0923497613198,21.1295793108417,0.8));
#6302=CARTESIAN_POINT('Ctrl Pts',(29.6199621595714,19.9401574608641,0.8));
#6303=CARTESIAN_POINT('Ctrl Pts',(30.4713965379486,19.1700323107653,0.8));
#6304=CARTESIAN_POINT('Ctrl Pts',(30.7477585812904,18.9069126802933,0.8));
#6305=CARTESIAN_POINT('Ctrl Pts',(30.7700191632465,18.885718756455,0.8));
#6306=CARTESIAN_POINT('Ctrl Pts',(30.7922312439908,18.8644809304221,0.8));
#6307=CARTESIAN_POINT('Ctrl Pts',(30.8143945576724,18.8431991285532,0.8));
#6308=CARTESIAN_POINT('Ctrl Pts',(31.1101630225108,18.559194400823,0.8));
#6309=CARTESIAN_POINT('Ctrl Pts',(31.4059314873491,18.2751896730928,0.8));
#6310=CARTESIAN_POINT('Ctrl Pts',(32.2400438609885,17.4742528399476,0.8));
#6311=CARTESIAN_POINT('Ctrl Pts',(33.0475597241901,16.6988546818251,0.8));
#6312=CARTESIAN_POINT('Ctrl Pts',(34.1242475417921,15.6649904709951,0.8));
#6313=CARTESIAN_POINT('Ctrl Pts',(34.7971774277934,15.0188253392264,0.8));
#6314=CARTESIAN_POINT('Ctrl Pts',(35.3355213365944,14.5018932338114,0.8));
#6315=CARTESIAN_POINT('Ctrl Pts',(35.6046932909949,14.2434271811039,0.8));
#6316=CARTESIAN_POINT('Ctrl Pts',(35.7392792681952,14.1141941547502,0.8));
#6317=CARTESIAN_POINT('Ctrl Pts',(23.6626709726399,23.1132199105107,1.3));
#6318=CARTESIAN_POINT('Ctrl Pts',(23.6686654440124,23.1102874225283,1.3));
#6319=CARTESIAN_POINT('Ctrl Pts',(23.674659915382,23.1073549345473,1.3));
#6320=CARTESIAN_POINT('Ctrl Pts',(23.6854491105134,23.1020768736314,1.3));
#6321=CARTESIAN_POINT('Ctrl Pts',(23.6902438342735,23.0997313006973,1.3));
#6322=CARTESIAN_POINT('Ctrl Pts',(23.6950385580358,23.0973857277621,1.3));
#6323=CARTESIAN_POINT('Ctrl Pts',(24.4277711057215,22.73893465865,1.3));
#6324=CARTESIAN_POINT('Ctrl Pts',(25.8419343859894,21.9825532210887,1.3));
#6325=CARTESIAN_POINT('Ctrl Pts',(27.8036690257146,20.720507504759,1.3));
#6326=CARTESIAN_POINT('Ctrl Pts',(29.3000720611514,19.5552522940132,1.3));
#6327=CARTESIAN_POINT('Ctrl Pts',(30.1328120977706,18.8020200827568,1.3));
#6328=CARTESIAN_POINT('Ctrl Pts',(30.4029875583371,18.5447898534351,1.3));
#6329=CARTESIAN_POINT('Ctrl Pts',(30.4247357211314,18.5240837952209,1.3));
#6330=CARTESIAN_POINT('Ctrl Pts',(30.4464353271898,18.5033359612195,1.3));
#6331=CARTESIAN_POINT('Ctrl Pts',(30.4680861293435,18.4825462865176,1.3));
#6332=CARTESIAN_POINT('Ctrl Pts',(30.7638473526242,18.1985340172778,1.29985740121822));
#6333=CARTESIAN_POINT('Ctrl Pts',(31.0567416746399,17.911536097085,1.30024361504212));
#6334=CARTESIAN_POINT('Ctrl Pts',(31.8738955801235,17.0929383604312,1.29891908113259));
#6335=CARTESIAN_POINT('Ctrl Pts',(32.6494422189838,16.2842467832834,1.29883372593112));
#6336=CARTESIAN_POINT('Ctrl Pts',(33.6488799038578,15.1699326681574,1.26759388236035));
#6337=CARTESIAN_POINT('Ctrl Pts',(34.2580021242758,14.4573168985935,1.22075910884187));
#6338=CARTESIAN_POINT('Ctrl Pts',(34.7351406122578,13.87664418752,1.14479484400636));
#6339=CARTESIAN_POINT('Ctrl Pts',(34.9701297803343,13.5825794660306,1.08126646244211));
#6340=CARTESIAN_POINT('Ctrl Pts',(35.0866841415983,13.4345679376193,1.03333333333333));
#6341=CARTESIAN_POINT('Ctrl Pts',(23.44295358519,22.6640826601605,1.8));
#6342=CARTESIAN_POINT('Ctrl Pts',(23.4489480565618,22.6611501721784,1.8));
#6343=CARTESIAN_POINT('Ctrl Pts',(23.4549425279348,22.6582176841957,1.8));
#6344=CARTESIAN_POINT('Ctrl Pts',(23.4657317230656,22.6529396232801,1.8));
#6345=CARTESIAN_POINT('Ctrl Pts',(23.4705264468279,22.6505940503449,1.8));
#6346=CARTESIAN_POINT('Ctrl Pts',(23.475321170586,22.6482484774118,1.8));
#6347=CARTESIAN_POINT('Ctrl Pts',(24.1974042574924,22.2950055371664,1.8));
#6348=CARTESIAN_POINT('Ctrl Pts',(25.5892445469245,21.5504798948861,1.8));
#6349=CARTESIAN_POINT('Ctrl Pts',(27.514988827322,20.3114334607606,1.8));
#6350=CARTESIAN_POINT('Ctrl Pts',(28.9801806644243,19.1703501636811,1.8));
#6351=CARTESIAN_POINT('Ctrl Pts',(29.7942302863541,18.4340031327105,1.8));
#6352=CARTESIAN_POINT('Ctrl Pts',(30.0582165353839,18.1826670265769,1.8));
#6353=CARTESIAN_POINT('Ctrl Pts',(30.0794522790002,18.1624488339995,1.8));
#6354=CARTESIAN_POINT('Ctrl Pts',(30.1006394103726,18.1421909920298,1.8));
#6355=CARTESIAN_POINT('Ctrl Pts',(30.1217777010145,18.1218934444821,1.8));
#6356=CARTESIAN_POINT('Ctrl Pts',(30.4175534074105,17.8378962582615,1.80014259878178));
#6357=CARTESIAN_POINT('Ctrl Pts',(30.7075220215636,17.5478514446947,1.79993067761871));
#6358=CARTESIAN_POINT('Ctrl Pts',(31.5078067575376,16.7116858020104,1.79897589301391));
#6359=CARTESIAN_POINT('Ctrl Pts',(32.251322591933,15.8696366750084,1.7984509528507));
#6360=CARTESIAN_POINT('Ctrl Pts',(33.1735134240212,14.6748760713867,1.73478291077566));
#6361=CARTESIAN_POINT('Ctrl Pts',(33.718834294377,13.8958162411437,1.64399323648717));
#6362=CARTESIAN_POINT('Ctrl Pts',(34.1347567384196,13.2513918612717,1.48912116232061));
#6363=CARTESIAN_POINT('Ctrl Pts',(34.3355717906276,12.9217375005942,1.36676889689848));
#6364=CARTESIAN_POINT('Ctrl Pts',(34.4340890150014,12.7549417204885,1.26666666666667));
#6365=CARTESIAN_POINT('Ctrl Pts',(23.2232361977401,22.2149454098102,2.3));
#6366=CARTESIAN_POINT('Ctrl Pts',(23.2292306691122,22.2120129218279,2.3));
#6367=CARTESIAN_POINT('Ctrl Pts',(23.2352251404844,22.2090804338457,2.3));
#6368=CARTESIAN_POINT('Ctrl Pts',(23.2460143356165,22.2038023729294,2.3));
#6369=CARTESIAN_POINT('Ctrl Pts',(23.2508090593764,22.2014567999954,2.3));
#6370=CARTESIAN_POINT('Ctrl Pts',(23.2556037831363,22.1991112270615,2.3));
#6371=CARTESIAN_POINT('Ctrl Pts',(23.9670401084883,21.8510774564907,2.3));
#6372=CARTESIAN_POINT('Ctrl Pts',(25.3365559898942,21.1184052298856,2.3));
#6373=CARTESIAN_POINT('Ctrl Pts',(27.2263080917168,19.9023616546779,2.3));
#6374=CARTESIAN_POINT('Ctrl Pts',(28.6602905660044,18.7854449968302,2.3));
#6375=CARTESIAN_POINT('Ctrl Pts',(29.4556458461761,18.065990904702,2.3));
#6376=CARTESIAN_POINT('Ctrl Pts',(29.7134455124306,17.8205441997187,2.3));
#6377=CARTESIAN_POINT('Ctrl Pts',(29.7341688368851,17.8008138727654,2.3));
#6378=CARTESIAN_POINT('Ctrl Pts',(29.7548434935716,17.7810460228272,2.3));
#6379=CARTESIAN_POINT('Ctrl Pts',(29.7754692726856,17.7612406024465,2.3));
#6380=CARTESIAN_POINT('Ctrl Pts',(30.0712377375239,17.4772358747163,2.3));
#6381=CARTESIAN_POINT('Ctrl Pts',(30.3583322088543,17.1841978686869,2.30017429266084));
#6382=CARTESIAN_POINT('Ctrl Pts',(31.1416584766726,16.330371322494,2.2978949741465));
#6383=CARTESIAN_POINT('Ctrl Pts',(31.8532050867267,15.4550287764666,2.29728467878182));
#6384=CARTESIAN_POINT('Ctrl Pts',(32.6981457860869,14.179818268549,2.20237679313601));
#6385=CARTESIAN_POINT('Ctrl Pts',(33.1796589908594,13.3343078005108,2.06475234532904));
#6386=CARTESIAN_POINT('Ctrl Pts',(33.5343760140831,12.6261428149803,1.83391600632697));
#6387=CARTESIAN_POINT('Ctrl Pts',(33.7010082799671,12.260889785521,1.64803535934059));
#6388=CARTESIAN_POINT('Ctrl Pts',(33.7814938884045,12.0753155033576,1.5));
#6389=CARTESIAN_POINT('',(29.7743778774823,18.8530143623524,1.5));
#6390=CARTESIAN_POINT('Ctrl Pts',(29.7743778774823,18.8530143623524,1.5));
#6391=CARTESIAN_POINT('Ctrl Pts',(30.102852634414,18.5588332182491,1.5));
#6392=CARTESIAN_POINT('Ctrl Pts',(30.4265454778169,18.24884574421,1.50000000000021));
#6393=CARTESIAN_POINT('Ctrl Pts',(31.2578188579389,17.4267811769159,1.50000000000021));
#6394=CARTESIAN_POINT('Ctrl Pts',(31.7687980901208,16.8972490965935,1.5));
#6395=CARTESIAN_POINT('Ctrl Pts',(32.2382544176972,16.3681177531802,1.5));
#6396=CARTESIAN_POINT('',(29.7742307347337,19.1206768179756,1.29999975293233));
#6397=CARTESIAN_POINT('Ctrl Pts',(29.7742295203188,19.1206786657296,1.29999975293233));
#6398=CARTESIAN_POINT('Ctrl Pts',(29.7742697495321,19.0315517359748,1.3668359749555));
#6399=CARTESIAN_POINT('Ctrl Pts',(29.7743191629591,18.9423237546414,1.43351095589402));
#6400=CARTESIAN_POINT('Ctrl Pts',(29.774377170659,18.8530153793007,1.5));
#6401=CARTESIAN_POINT('',(27.2972571146154,21.0287199582503,1.30000749788582));
#6402=CARTESIAN_POINT('Ctrl Pts',(29.7742307347337,19.1206768179756,1.29999975293233));
#6403=CARTESIAN_POINT('Ctrl Pts',(29.0722808450241,19.7393633399172,1.29999977235698));
#6404=CARTESIAN_POINT('Ctrl Pts',(28.2528931460074,20.38372982161,1.30000484752783));
#6405=CARTESIAN_POINT('Ctrl Pts',(27.2972571146157,21.0287199582501,1.3000074978858));
#6406=CARTESIAN_POINT('',(26.9825310965086,21.8332044333345,0.8));
#6407=CARTESIAN_POINT('Ctrl Pts',(27.2972574663837,21.0287209100325,1.30000749788582));
#6408=CARTESIAN_POINT('Ctrl Pts',(27.2084962145011,21.2420490928169,1.17284195803996));
#6409=CARTESIAN_POINT('Ctrl Pts',(27.124142981845,21.4548773801433,1.04151573697422));
#6410=CARTESIAN_POINT('Ctrl Pts',(27.0442602808837,21.667003114331,0.9065636310448));
#6411=CARTESIAN_POINT('Ctrl Pts',(27.0233788509655,21.7224530252504,0.871286995322944));
#6412=CARTESIAN_POINT('Ctrl Pts',(27.0028029613101,21.7778546575779,0.835762600852909));
#6413=CARTESIAN_POINT('Ctrl Pts',(26.9825338474353,21.8332038378132,0.8));
#6414=CARTESIAN_POINT('',(23.882388318303,23.5623570754421,0.8));
#6415=CARTESIAN_POINT('Ctrl Pts',(26.9825316221464,21.8332052573376,0.8));
#6416=CARTESIAN_POINT('Ctrl Pts',(26.6831648417399,22.0241729948859,0.8));
#6417=CARTESIAN_POINT('Ctrl Pts',(25.6980788736601,22.6266999960061,0.8));
#6418=CARTESIAN_POINT('Ctrl Pts',(24.6581352547256,23.1828627393257,0.8));
#6419=CARTESIAN_POINT('Ctrl Pts',(23.9147559454855,23.5465229781124,0.8));
#6420=CARTESIAN_POINT('Ctrl Pts',(23.909961221725,23.5488685510468,0.8));
#6421=CARTESIAN_POINT('Ctrl Pts',(23.9051664979625,23.551214123982,0.8));
#6422=CARTESIAN_POINT('Ctrl Pts',(23.8943773028324,23.5564921848973,0.8));
#6423=CARTESIAN_POINT('Ctrl Pts',(23.8883828314619,23.5594246728787,0.8));
#6424=CARTESIAN_POINT('Ctrl Pts',(23.8823883600898,23.562357160861,0.8));
#6425=CARTESIAN_POINT('',(23.2412196118566,22.2061479458634,2.3));
#6426=CARTESIAN_POINT('Ctrl Pts',(23.2412196118566,22.2061479458634,2.3));
#6427=CARTESIAN_POINT('Ctrl Pts',(23.3480816537983,22.4321826610819,2.04999988170015));
#6428=CARTESIAN_POINT('Ctrl Pts',(23.4549436957394,22.6582173763007,1.79999976340031));
#6429=CARTESIAN_POINT('Ctrl Pts',(23.6686676784887,23.1102865928188,1.29999976340031));
#6430=CARTESIAN_POINT('Ctrl Pts',(23.7755296091338,23.3363210726223,1.04999990547531));
#6431=CARTESIAN_POINT('Ctrl Pts',(23.8823915499414,23.5623555739219,0.800000023775156));
#6432=CARTESIAN_POINT('Ctrl Pts',(23.2412196118566,22.2061479458634,2.3));
#6433=CARTESIAN_POINT('Ctrl Pts',(23.2460143356165,22.2038023729294,2.3));
#6434=CARTESIAN_POINT('Ctrl Pts',(23.2508090593764,22.2014567999954,2.3));
#6435=CARTESIAN_POINT('Ctrl Pts',(23.2556037831363,22.1991112270615,2.3));
#6436=CARTESIAN_POINT('Ctrl Pts',(23.9670401084883,21.8510774564907,2.3));
#6437=CARTESIAN_POINT('Ctrl Pts',(25.3365559898942,21.1184052298856,2.3));
#6438=CARTESIAN_POINT('Ctrl Pts',(27.2263080917168,19.9023616546779,2.3));
#6439=CARTESIAN_POINT('Ctrl Pts',(28.6602905660044,18.7854449968302,2.3));
#6440=CARTESIAN_POINT('Ctrl Pts',(29.4556458461761,18.065990904702,2.3));
#6441=CARTESIAN_POINT('Ctrl Pts',(29.7134455124306,17.8205441997187,2.3));
#6442=CARTESIAN_POINT('Ctrl Pts',(29.7341688368851,17.8008138727654,2.3));
#6443=CARTESIAN_POINT('Ctrl Pts',(29.7548434935716,17.7810460228272,2.3));
#6444=CARTESIAN_POINT('Ctrl Pts',(29.7754692726856,17.7612406024465,2.3));
#6445=CARTESIAN_POINT('Ctrl Pts',(30.0712377375239,17.4772358747163,2.3));
#6446=CARTESIAN_POINT('Ctrl Pts',(30.3583322088543,17.1841978686869,2.30017429266084));
#6447=CARTESIAN_POINT('Ctrl Pts',(31.1416584766726,16.330371322494,2.2978949741465));
#6448=CARTESIAN_POINT('Ctrl Pts',(31.8532050867267,15.4550287764666,2.29728467878182));
#6449=CARTESIAN_POINT('Ctrl Pts',(32.6981457860869,14.179818268549,2.20237679313601));
#6450=CARTESIAN_POINT('Ctrl Pts',(33.1796589908594,13.3343078005108,2.06475234532904));
#6451=CARTESIAN_POINT('Ctrl Pts',(33.5343760140831,12.6261428149803,1.83391600632697));
#6452=CARTESIAN_POINT('Ctrl Pts',(33.7010082799671,12.260889785521,1.64803535934059));
#6453=CARTESIAN_POINT('Ctrl Pts',(33.7814938884045,12.0753155033576,1.5));
#6454=CARTESIAN_POINT('Ctrl Pts',(-65.5258113336201,-2.22531582199885,-4.85722573273506E-15));
#6455=CARTESIAN_POINT('Ctrl Pts',(-65.5258113336201,-2.22531582199885,0.499999999999996));
#6456=CARTESIAN_POINT('Ctrl Pts',(-65.5258113336201,-2.22531582199885,1.));
#6457=CARTESIAN_POINT('Ctrl Pts',(-65.5258113336201,-2.22531582199885,1.5));
#6458=CARTESIAN_POINT('Ctrl Pts',(-65.8354991487492,-1.52117334377487,-5.10818876461064E-15));
#6459=CARTESIAN_POINT('Ctrl Pts',(-65.8354991487492,-1.52117334377487,0.499999999999995));
#6460=CARTESIAN_POINT('Ctrl Pts',(-65.8354991487492,-1.52117334377487,1.));
#6461=CARTESIAN_POINT('Ctrl Pts',(-65.8354991487492,-1.52117334377487,1.5));
#6462=CARTESIAN_POINT('Ctrl Pts',(-66.0080172427164,-0.75700680546022,-5.35906090671409E-15));
#6463=CARTESIAN_POINT('Ctrl Pts',(-66.0080172427164,-0.75700680546022,0.499999999999997));
#6464=CARTESIAN_POINT('Ctrl Pts',(-66.0080172427164,-0.757006805460219,
1.));
#6465=CARTESIAN_POINT('Ctrl Pts',(-66.0080172427164,-0.757006805460219,
1.5));
#6466=CARTESIAN_POINT('Ctrl Pts',(-66.0308822156004,0.0118887436840118,
-5.59168906445109E-15));
#6467=CARTESIAN_POINT('Ctrl Pts',(-66.0308822156004,0.011888743684012,0.499999999999996));
#6468=CARTESIAN_POINT('Ctrl Pts',(-66.0308822156004,0.0118887436840148,
1.));
#6469=CARTESIAN_POINT('Ctrl Pts',(-66.0308822156004,0.011888743684015,1.5));
#6470=CARTESIAN_POINT('',(-65.5258113336201,-2.22531582199884,1.5));
#6471=CARTESIAN_POINT('',(-66.0308822156004,0.0118887436840142,1.49999999999999));
#6472=CARTESIAN_POINT('Ctrl Pts',(-65.5258113336201,-2.22531582199885,1.5));
#6473=CARTESIAN_POINT('Ctrl Pts',(-65.8354991487492,-1.52117334377487,1.5));
#6474=CARTESIAN_POINT('Ctrl Pts',(-66.0080172427164,-0.757006805460219,
1.5));
#6475=CARTESIAN_POINT('Ctrl Pts',(-66.0308822156004,0.0118887436840148,
1.5));
#6476=CARTESIAN_POINT('Ctrl Pts',(-66.0308822156004,0.011888743684015,1.5));
#6477=CARTESIAN_POINT('Ctrl Pts',(-66.0308822156004,0.0118887436840148,
1.));
#6478=CARTESIAN_POINT('Ctrl Pts',(-66.0308822156004,0.011888743684012,0.499999999999996));
#6479=CARTESIAN_POINT('Ctrl Pts',(-66.0308822156004,0.0118887436840118,
-5.59168906445109E-15));
#6480=CARTESIAN_POINT('Ctrl Pts',(-65.5258113336201,-2.22531582199885,-4.85722573273506E-15));
#6481=CARTESIAN_POINT('Ctrl Pts',(-65.5258113336201,-2.22531582199885,0.499999999999996));
#6482=CARTESIAN_POINT('Ctrl Pts',(-65.5258113336201,-2.22531582199885,1.));
#6483=CARTESIAN_POINT('Ctrl Pts',(-65.5258113336201,-2.22531582199885,1.5));
#6484=CARTESIAN_POINT('Ctrl Pts',(-54.5309682795835,-12.7813018232435,1.5));
#6485=CARTESIAN_POINT('Ctrl Pts',(-54.5309682795835,-12.7813018232435,-3.5));
#6486=CARTESIAN_POINT('Ctrl Pts',(-54.5349638827172,-12.7793471791317,1.5));
#6487=CARTESIAN_POINT('Ctrl Pts',(-54.5349638827172,-12.7793471791317,-3.5));
#6488=CARTESIAN_POINT('Ctrl Pts',(-54.538959485851,-12.7773925350197,1.5));
#6489=CARTESIAN_POINT('Ctrl Pts',(-54.538959485851,-12.7773925350197,-3.5));
#6490=CARTESIAN_POINT('Ctrl Pts',(-54.5429550889847,-12.7754378909078,1.5));
#6491=CARTESIAN_POINT('Ctrl Pts',(-54.5429550889847,-12.7754378909078,-3.5));
#6492=CARTESIAN_POINT('Ctrl Pts',(-54.5477498127445,-12.7730923179739,1.5));
#6493=CARTESIAN_POINT('Ctrl Pts',(-54.5477498127445,-12.7730923179739,-3.5));
#6494=CARTESIAN_POINT('Ctrl Pts',(-54.5525445365045,-12.7707467450399,1.5));
#6495=CARTESIAN_POINT('Ctrl Pts',(-54.5525445365045,-12.7707467450399,-3.5));
#6496=CARTESIAN_POINT('Ctrl Pts',(-54.5573392602647,-12.7684011721057,1.5));
#6497=CARTESIAN_POINT('Ctrl Pts',(-54.5573392602647,-12.7684011721057,-3.5));
#6498=CARTESIAN_POINT('Ctrl Pts',(-57.1219000280688,-11.5138212159374,1.49999999999999));
#6499=CARTESIAN_POINT('Ctrl Pts',(-57.1219000280688,-11.5138212159374,-3.50000000000001));
#6500=CARTESIAN_POINT('Ctrl Pts',(-59.374066170377,-10.0164058849424,1.49999999999999));
#6501=CARTESIAN_POINT('Ctrl Pts',(-59.374066170377,-10.0164058849424,-3.50000000000001));
#6502=CARTESIAN_POINT('Ctrl Pts',(-61.2652882605659,-8.21580529777878,1.49999999999999));
#6503=CARTESIAN_POINT('Ctrl Pts',(-61.2652882605659,-8.21580529777878,-3.50000000000001));
#6504=CARTESIAN_POINT('Ctrl Pts',(-61.6004479277736,-7.89670544340507,1.49999999999999));
#6505=CARTESIAN_POINT('Ctrl Pts',(-61.6004479277736,-7.89670544340507,-3.50000000000001));
#6506=CARTESIAN_POINT('Ctrl Pts',(-61.9240782850678,-7.56768128502103,1.49999999999999));
#6507=CARTESIAN_POINT('Ctrl Pts',(-61.9240782850678,-7.56768128502103,-3.50000000000001));
#6508=CARTESIAN_POINT('Ctrl Pts',(-62.2352589531755,-7.22850975785048,1.49999999999999));
#6509=CARTESIAN_POINT('Ctrl Pts',(-62.2352589531755,-7.22850975785048,-3.50000000000001));
#6510=CARTESIAN_POINT('Ctrl Pts',(-63.8014610204174,-5.52142701959951,1.49999999999999));
#6511=CARTESIAN_POINT('Ctrl Pts',(-63.8014610204174,-5.52142701959951,-3.50000000000001));
#6512=CARTESIAN_POINT('Ctrl Pts',(-65.0411579215662,-3.56031284865278,1.49999999999999));
#6513=CARTESIAN_POINT('Ctrl Pts',(-65.0411579215662,-3.56031284865278,-3.50000000000001));
#6514=CARTESIAN_POINT('Ctrl Pts',(-65.855098987076,-1.42219105583098,1.49999999999999));
#6515=CARTESIAN_POINT('Ctrl Pts',(-65.855098987076,-1.42219105583098,-3.50000000000001));
#6516=CARTESIAN_POINT('Ctrl Pts',(-65.9037564099016,-1.29437406694261,1.49999999999999));
#6517=CARTESIAN_POINT('Ctrl Pts',(-65.9037564099016,-1.29437406694261,-3.50000000000001));
#6518=CARTESIAN_POINT('Ctrl Pts',(-65.9508660558828,-1.16601101159073,1.49999999999999));
#6519=CARTESIAN_POINT('Ctrl Pts',(-65.9508660558828,-1.16601101159073,-3.50000000000001));
#6520=CARTESIAN_POINT('Ctrl Pts',(-65.9964349417585,-1.03712683998688,1.49999999999999));
#6521=CARTESIAN_POINT('Ctrl Pts',(-65.9964349417585,-1.03712683998688,-3.50000000000001));
#6522=CARTESIAN_POINT('',(-54.5309682795835,-12.7813018232435,1.5));
#6523=CARTESIAN_POINT('',(-54.5309682795835,-12.7813018232435,1.5));
#6524=CARTESIAN_POINT('',(-59.7859368266877,-9.505569254304,1.49999999999999));
#6525=CARTESIAN_POINT('Ctrl Pts',(-54.5309682795835,-12.7813018232435,1.5));
#6526=CARTESIAN_POINT('Ctrl Pts',(-54.5349638827172,-12.7793471791317,1.5));
#6527=CARTESIAN_POINT('Ctrl Pts',(-54.538959485851,-12.7773925350197,1.5));
#6528=CARTESIAN_POINT('Ctrl Pts',(-54.5429550889847,-12.7754378909078,1.5));
#6529=CARTESIAN_POINT('Ctrl Pts',(-54.5477498127445,-12.7730923179739,1.5));
#6530=CARTESIAN_POINT('Ctrl Pts',(-54.5525445365045,-12.7707467450399,1.5));
#6531=CARTESIAN_POINT('Ctrl Pts',(-54.5573392602647,-12.7684011721057,1.5));
#6532=CARTESIAN_POINT('Ctrl Pts',(-56.4832328858668,-11.8262563921005,1.5));
#6533=CARTESIAN_POINT('Ctrl Pts',(-58.2329523729203,-10.7471652324918,1.49999999999999));
#6534=CARTESIAN_POINT('Ctrl Pts',(-59.7859368266879,-9.5055692543038,1.49999999999999));
#6535=CARTESIAN_POINT('',(-63.9141782137525,-5.11792786125119,1.5));
#6536=CARTESIAN_POINT('Ctrl Pts',(-63.9141782137525,-5.11792786125119,1.5));
#6537=CARTESIAN_POINT('Ctrl Pts',(-63.4082226708897,-5.85710733855944,1.5));
#6538=CARTESIAN_POINT('Ctrl Pts',(-62.8466152486602,-6.5621616532404,1.49999999999999));
#6539=CARTESIAN_POINT('Ctrl Pts',(-62.2352589531755,-7.22850975785048,1.49999999999999));
#6540=CARTESIAN_POINT('Ctrl Pts',(-61.9240782850678,-7.56768128502103,1.49999999999999));
#6541=CARTESIAN_POINT('Ctrl Pts',(-61.6004479277736,-7.89670544340507,1.49999999999999));
#6542=CARTESIAN_POINT('Ctrl Pts',(-61.2652882605659,-8.21580529777878,1.49999999999999));
#6543=CARTESIAN_POINT('Ctrl Pts',(-60.7943064757809,-8.66421909467064,1.49999999999999));
#6544=CARTESIAN_POINT('Ctrl Pts',(-60.3009393843506,-9.09382971447827,1.49999999999999));
#6545=CARTESIAN_POINT('Ctrl Pts',(-59.7859368266877,-9.505569254304,1.49999999999999));
#6546=CARTESIAN_POINT('',(-64.1196252810839,-4.81122657919089,1.5));
#6547=CARTESIAN_POINT('Ctrl Pts',(-63.9141782137525,-5.11792786125118,1.49999999999999));
#6548=CARTESIAN_POINT('Ctrl Pts',(-63.9837169340978,-5.01633475552762,1.49999999999999));
#6549=CARTESIAN_POINT('Ctrl Pts',(-64.0522043983936,-4.914097030358,1.49999999999999));
#6550=CARTESIAN_POINT('Ctrl Pts',(-64.1196252810839,-4.81122657919089,1.49999999999999));
#6551=CARTESIAN_POINT('Ctrl Pts',(-65.5258113336201,-2.22531582199884,1.49999999999999));
#6552=CARTESIAN_POINT('Ctrl Pts',(-65.1306669087838,-3.12376245427824,1.5));
#6553=CARTESIAN_POINT('Ctrl Pts',(-64.6593179236347,-3.9877661999221,1.5));
#6554=CARTESIAN_POINT('Ctrl Pts',(-64.1196252810839,-4.81122657919089,1.5));
#6555=CARTESIAN_POINT('Ctrl Pts',(34.6634624114231,-2.22564269224252,1.5));
#6556=CARTESIAN_POINT('Ctrl Pts',(34.6634624114231,-2.22564269224252,1.));
#6557=CARTESIAN_POINT('Ctrl Pts',(34.6634624114231,-2.22564269224252,0.499999999999997));
#6558=CARTESIAN_POINT('Ctrl Pts',(34.6634624114231,-2.22564269224252,-4.57966997657877E-15));
#6559=CARTESIAN_POINT('Ctrl Pts',(34.9731548211137,-1.52150223476346,1.5));
#6560=CARTESIAN_POINT('Ctrl Pts',(34.9731548211137,-1.52150223476346,1.));
#6561=CARTESIAN_POINT('Ctrl Pts',(34.9731548211137,-1.52150223476346,0.499999999999998));
#6562=CARTESIAN_POINT('Ctrl Pts',(34.9731548211137,-1.52150223476346,-4.57966997657877E-15));
#6563=CARTESIAN_POINT('Ctrl Pts',(35.1456779013057,-0.757336822155076,1.5));
#6564=CARTESIAN_POINT('Ctrl Pts',(35.1456779013057,-0.757336822155076,1.));
#6565=CARTESIAN_POINT('Ctrl Pts',(35.1456779013057,-0.757336822155076,0.499999999999997));
#6566=CARTESIAN_POINT('Ctrl Pts',(35.1456779013057,-0.757336822155076,-4.54157537565266E-15));
#6567=CARTESIAN_POINT('Ctrl Pts',(35.1685478912748,0.0115585777775824,1.5));
#6568=CARTESIAN_POINT('Ctrl Pts',(35.1685478912748,0.0115585777775824,1.));
#6569=CARTESIAN_POINT('Ctrl Pts',(35.1685478912748,0.0115585777775824,0.499999999999998));
#6570=CARTESIAN_POINT('Ctrl Pts',(35.1685478912748,0.0115585777775824,-4.46814269705705E-15));
#6571=CARTESIAN_POINT('Ctrl Pts',(34.6634624114231,-2.22564269224252,1.5));
#6572=CARTESIAN_POINT('Ctrl Pts',(34.6634624114231,-2.22564269224252,1.));
#6573=CARTESIAN_POINT('Ctrl Pts',(34.6634624114231,-2.22564269224252,0.499999999999997));
#6574=CARTESIAN_POINT('Ctrl Pts',(34.6634624114231,-2.22564269224252,-4.57966997657877E-15));
#6575=CARTESIAN_POINT('Ctrl Pts',(-63.2532902623383,16.3528520264458,1.49999999999999));
#6576=CARTESIAN_POINT('Ctrl Pts',(-63.2532902623383,16.3528520264458,0.799999999999994));
#6577=CARTESIAN_POINT('Ctrl Pts',(-62.9316360857793,16.7670707973744,1.49999999999999));
#6578=CARTESIAN_POINT('Ctrl Pts',(-62.9316360857793,16.7670707973744,0.799999999999994));
#6579=CARTESIAN_POINT('Ctrl Pts',(-62.5918745574588,17.169023306176,1.49999999999999));
#6580=CARTESIAN_POINT('Ctrl Pts',(-62.5918745574588,17.169023306176,0.799999999999994));
#6581=CARTESIAN_POINT('Ctrl Pts',(-62.2351780871635,17.5577997126098,1.49999999999999));
#6582=CARTESIAN_POINT('Ctrl Pts',(-62.2351780871635,17.5577997126098,0.799999999999994));
#6583=CARTESIAN_POINT('Ctrl Pts',(-61.9239952059496,17.8969692093023,1.49999999999999));
#6584=CARTESIAN_POINT('Ctrl Pts',(-61.9239952059496,17.8969692093023,0.799999999999994));
#6585=CARTESIAN_POINT('Ctrl Pts',(-61.6003627017617,18.2259912559736,1.49999999999999));
#6586=CARTESIAN_POINT('Ctrl Pts',(-61.6003627017617,18.2259912559736,0.799999999999994));
#6587=CARTESIAN_POINT('Ctrl Pts',(-61.2652009524172,18.5450889234054,1.49999999999999));
#6588=CARTESIAN_POINT('Ctrl Pts',(-61.2652009524172,18.5450889234054,0.799999999999995));
#6589=CARTESIAN_POINT('Ctrl Pts',(-60.318385832751,19.4465238179466,1.49999999999999));
#6590=CARTESIAN_POINT('Ctrl Pts',(-60.318385832751,19.4465238179466,0.799999999999995));
#6591=CARTESIAN_POINT('Ctrl Pts',(-59.2811063732065,20.2719696020199,1.49999999999999));
#6592=CARTESIAN_POINT('Ctrl Pts',(-59.2811063732065,20.2719696020199,0.799999999999995));
#6593=CARTESIAN_POINT('Ctrl Pts',(-58.1594543009821,21.0289987631066,1.49999999999999));
#6594=CARTESIAN_POINT('Ctrl Pts',(-58.1594543009821,21.0289987631066,0.799999999999995));
#6595=CARTESIAN_POINT('',(-60.6364403711332,19.1209717852609,1.29999975293235));
#6596=CARTESIAN_POINT('Ctrl Pts',(-60.6364403711332,19.1209717852609,1.29999975293235));
#6597=CARTESIAN_POINT('Ctrl Pts',(-60.6364403711332,19.1209717852609,1.3666665019549));
#6598=CARTESIAN_POINT('Ctrl Pts',(-60.6364403711332,19.1209717852609,1.43333325097745));
#6599=CARTESIAN_POINT('Ctrl Pts',(-60.6364403711332,19.1209717852609,1.49999999999999));
#6600=CARTESIAN_POINT('',(-58.1594543009819,21.0289987631067,1.30000749788584));
#6601=CARTESIAN_POINT('Ctrl Pts',(-58.1594543009821,21.0289987631066,1.30000749788582));
#6602=CARTESIAN_POINT('Ctrl Pts',(-58.7488289196944,20.6312160778888,1.3000058633233));
#6603=CARTESIAN_POINT('Ctrl Pts',(-59.3216620919543,20.2099852342848,1.30000248044491));
#6604=CARTESIAN_POINT('Ctrl Pts',(-59.8749021637431,19.7632881462829,1.30000086616317));
#6605=CARTESIAN_POINT('Ctrl Pts',(-60.06363621613,19.6109005013759,1.30000031546204));
#6606=CARTESIAN_POINT('Ctrl Pts',(-60.2501654805679,19.4554829679693,1.30006970944899));
#6607=CARTESIAN_POINT('Ctrl Pts',(-60.4340718283695,19.297215648907,1.30005619456323));
#6608=CARTESIAN_POINT('Ctrl Pts',(-60.5018908348729,19.2388515278798,1.3000512106889));
#6609=CARTESIAN_POINT('Ctrl Pts',(-60.5693535410205,19.1801001820656,1.3000349519738));
#6610=CARTESIAN_POINT('Ctrl Pts',(-60.6364403710592,19.1209717853262,1.29999975293235));
#6611=CARTESIAN_POINT('',(-58.1594543009819,21.0289987631067,1.49999999999999));
#6612=CARTESIAN_POINT('Ctrl Pts',(-58.1594543009819,21.0289987631067,1.49999999999999));
#6613=CARTESIAN_POINT('Ctrl Pts',(-58.1594543009819,21.0289987631067,0.799999999999995));
#6614=CARTESIAN_POINT('Ctrl Pts',(-57.5968058930481,22.3812287833839,1.49999999999999));
#6615=CARTESIAN_POINT('Ctrl Pts',(-57.5968058930481,22.3812287833839,0.799999999999995));
#6616=CARTESIAN_POINT('Ctrl Pts',(-57.2076252837773,23.7219210722739,1.49999999999999));
#6617=CARTESIAN_POINT('Ctrl Pts',(-57.2076252837773,23.7219210722739,0.799999999999995));
#6618=CARTESIAN_POINT('Ctrl Pts',(-57.0049417253205,25.0287920636932,1.49999999999999));
#6619=CARTESIAN_POINT('Ctrl Pts',(-57.0049417253205,25.0287920636932,0.799999999999995));
#6620=CARTESIAN_POINT('Ctrl Pts',(-56.6868242360992,27.0799624777709,1.5));
#6621=CARTESIAN_POINT('Ctrl Pts',(-56.6868242360992,27.0799624777709,0.799999999999995));
#6622=CARTESIAN_POINT('Ctrl Pts',(-56.8683441634421,29.0489699103422,1.5));
#6623=CARTESIAN_POINT('Ctrl Pts',(-56.8683441634421,29.0489699103422,0.799999999999995));
#6624=CARTESIAN_POINT('Ctrl Pts',(-57.4342181548199,30.7752004565742,1.49999999999999));
#6625=CARTESIAN_POINT('Ctrl Pts',(-57.4342181548199,30.7752004565742,0.799999999999995));
#6626=CARTESIAN_POINT('Ctrl Pts',(-58.0833310179624,32.7553558787744,1.49999999999999));
#6627=CARTESIAN_POINT('Ctrl Pts',(-58.0833310179624,32.7553558787744,0.799999999999995));
#6628=CARTESIAN_POINT('Ctrl Pts',(-59.144068570086,34.3819544865128,1.49999999999999));
#6629=CARTESIAN_POINT('Ctrl Pts',(-59.144068570086,34.3819544865128,0.799999999999995));
#6630=CARTESIAN_POINT('Ctrl Pts',(-60.1311066374424,36.0328681793408,1.49999999999999));
#6631=CARTESIAN_POINT('Ctrl Pts',(-60.1311066374424,36.0328681793408,0.799999999999995));
#6632=CARTESIAN_POINT('Ctrl Pts',(-61.0867791990323,37.6313201235646,1.49999999999999));
#6633=CARTESIAN_POINT('Ctrl Pts',(-61.0867791990323,37.6313201235646,0.799999999999995));
#6634=CARTESIAN_POINT('Ctrl Pts',(-62.0028253901457,39.3150480463787,1.49999999999999));
#6635=CARTESIAN_POINT('Ctrl Pts',(-62.0028253901457,39.3150480463787,0.799999999999994));
#6636=CARTESIAN_POINT('Ctrl Pts',(-62.7051599625712,41.1752892679014,1.49999999999999));
#6637=CARTESIAN_POINT('Ctrl Pts',(-62.7051599625712,41.1752892679014,0.799999999999994));
#6638=CARTESIAN_POINT('Ctrl Pts',(-63.6111465130471,43.5749341003067,1.49999999999999));
#6639=CARTESIAN_POINT('Ctrl Pts',(-63.6111465130471,43.5749341003067,0.799999999999994));
#6640=CARTESIAN_POINT('Ctrl Pts',(-64.1361375556602,46.1732408255712,1.49999999999999));
#6641=CARTESIAN_POINT('Ctrl Pts',(-64.1361375556602,46.1732408255712,0.799999999999994));
#6642=CARTESIAN_POINT('Ctrl Pts',(-64.1361218883511,48.5743408850512,1.49999999999999));
#6643=CARTESIAN_POINT('Ctrl Pts',(-64.1361218883511,48.5743408850512,0.799999999999994));
#6644=CARTESIAN_POINT('',(-57.8447230335766,21.8334811845694,0.799999999999995));
#6645=CARTESIAN_POINT('Ctrl Pts',(-57.8447230335766,21.8334811845694,0.799999999999995));
#6646=CARTESIAN_POINT('Ctrl Pts',(-57.9425342907624,21.5663918826476,0.972573784795608));
#6647=CARTESIAN_POINT('Ctrl Pts',(-58.0474879666091,21.2980908576802,1.13960073964916));
#6648=CARTESIAN_POINT('Ctrl Pts',(-58.1594543009819,21.0289987631067,1.30000749788584));
#6649=CARTESIAN_POINT('',(-56.8915503760174,25.9889178528233,0.799999999999995));
#6650=CARTESIAN_POINT('Ctrl Pts',(-56.8915503760174,25.9889178528233,0.799999999999995));
#6651=CARTESIAN_POINT('Ctrl Pts',(-56.9173113491675,25.6713195459068,0.799999999999995));
#6652=CARTESIAN_POINT('Ctrl Pts',(-56.9549594157099,25.3510699584157,0.799999999999995));
#6653=CARTESIAN_POINT('Ctrl Pts',(-57.0049417253205,25.0287920636932,0.799999999999995));
#6654=CARTESIAN_POINT('Ctrl Pts',(-57.1673540919834,23.9815832409571,0.799999999999995));
#6655=CARTESIAN_POINT('Ctrl Pts',(-57.4495157955747,22.9126578391734,0.799999999999995));
#6656=CARTESIAN_POINT('Ctrl Pts',(-57.8447230335766,21.8334811845694,0.799999999999995));
#6657=CARTESIAN_POINT('Ctrl Pts',(-56.8915503760174,25.9889178528233,1.49999999999999));
#6658=CARTESIAN_POINT('Ctrl Pts',(-56.8915503760174,25.9889178528233,1.38333333333333));
#6659=CARTESIAN_POINT('Ctrl Pts',(-56.8915503760174,25.9889178528233,1.26666666666666));
#6660=CARTESIAN_POINT('Ctrl Pts',(-56.8915503760174,25.9889178528233,1.03333333333333));
#6661=CARTESIAN_POINT('Ctrl Pts',(-56.8915503760174,25.9889178528233,0.916666666666662));
#6662=CARTESIAN_POINT('Ctrl Pts',(-56.8915503760174,25.9889178528233,0.799999999999995));
#6663=CARTESIAN_POINT('Ctrl Pts',(-58.1594543009819,21.0289987631067,1.49999999999999));
#6664=CARTESIAN_POINT('Ctrl Pts',(-58.1594543009819,21.0289987631067,0.799999999999995));
#6665=CARTESIAN_POINT('Ctrl Pts',(-57.5968058930481,22.3812287833839,1.49999999999999));
#6666=CARTESIAN_POINT('Ctrl Pts',(-57.5968058930481,22.3812287833839,0.799999999999995));
#6667=CARTESIAN_POINT('Ctrl Pts',(-57.2076252837773,23.7219210722739,1.49999999999999));
#6668=CARTESIAN_POINT('Ctrl Pts',(-57.2076252837773,23.7219210722739,0.799999999999995));
#6669=CARTESIAN_POINT('Ctrl Pts',(-57.0049417253205,25.0287920636932,1.49999999999999));
#6670=CARTESIAN_POINT('Ctrl Pts',(-57.0049417253205,25.0287920636932,0.799999999999995));
#6671=CARTESIAN_POINT('Ctrl Pts',(-56.6868242360992,27.0799624777709,1.5));
#6672=CARTESIAN_POINT('Ctrl Pts',(-56.6868242360992,27.0799624777709,0.799999999999995));
#6673=CARTESIAN_POINT('Ctrl Pts',(-56.8683441634421,29.0489699103422,1.5));
#6674=CARTESIAN_POINT('Ctrl Pts',(-56.8683441634421,29.0489699103422,0.799999999999995));
#6675=CARTESIAN_POINT('Ctrl Pts',(-57.4342181548199,30.7752004565742,1.49999999999999));
#6676=CARTESIAN_POINT('Ctrl Pts',(-57.4342181548199,30.7752004565742,0.799999999999995));
#6677=CARTESIAN_POINT('Ctrl Pts',(-58.0833310179624,32.7553558787744,1.49999999999999));
#6678=CARTESIAN_POINT('Ctrl Pts',(-58.0833310179624,32.7553558787744,0.799999999999995));
#6679=CARTESIAN_POINT('Ctrl Pts',(-59.144068570086,34.3819544865128,1.49999999999999));
#6680=CARTESIAN_POINT('Ctrl Pts',(-59.144068570086,34.3819544865128,0.799999999999995));
#6681=CARTESIAN_POINT('Ctrl Pts',(-60.1311066374424,36.0328681793408,1.49999999999999));
#6682=CARTESIAN_POINT('Ctrl Pts',(-60.1311066374424,36.0328681793408,0.799999999999995));
#6683=CARTESIAN_POINT('Ctrl Pts',(-61.0867791990323,37.6313201235646,1.49999999999999));
#6684=CARTESIAN_POINT('Ctrl Pts',(-61.0867791990323,37.6313201235646,0.799999999999995));
#6685=CARTESIAN_POINT('Ctrl Pts',(-62.0028253901457,39.3150480463787,1.49999999999999));
#6686=CARTESIAN_POINT('Ctrl Pts',(-62.0028253901457,39.3150480463787,0.799999999999994));
#6687=CARTESIAN_POINT('Ctrl Pts',(-62.7051599625712,41.1752892679014,1.49999999999999));
#6688=CARTESIAN_POINT('Ctrl Pts',(-62.7051599625712,41.1752892679014,0.799999999999994));
#6689=CARTESIAN_POINT('Ctrl Pts',(-63.6111465130471,43.5749341003067,1.49999999999999));
#6690=CARTESIAN_POINT('Ctrl Pts',(-63.6111465130471,43.5749341003067,0.799999999999994));
#6691=CARTESIAN_POINT('Ctrl Pts',(-64.1361375556602,46.1732408255712,1.49999999999999));
#6692=CARTESIAN_POINT('Ctrl Pts',(-64.1361375556602,46.1732408255712,0.799999999999994));
#6693=CARTESIAN_POINT('Ctrl Pts',(-64.1361218883511,48.5743408850512,1.49999999999999));
#6694=CARTESIAN_POINT('Ctrl Pts',(-64.1361218883511,48.5743408850512,0.799999999999994));
#6695=CARTESIAN_POINT('',(-60.636198101777,36.8942087743422,1.49999999999999));
#6696=CARTESIAN_POINT('',(-60.636198101777,36.8942087743422,0.799999999999995));
#6697=CARTESIAN_POINT('Ctrl Pts',(-60.636198101777,36.8942087743423,1.49999999999999));
#6698=CARTESIAN_POINT('Ctrl Pts',(-60.636198101777,36.8942087743423,1.38333333333333));
#6699=CARTESIAN_POINT('Ctrl Pts',(-60.636198101777,36.8942087743423,1.26666666666666));
#6700=CARTESIAN_POINT('Ctrl Pts',(-60.636198101777,36.8942087743423,1.03333333333333));
#6701=CARTESIAN_POINT('Ctrl Pts',(-60.636198101777,36.8942087743423,0.916666666666661));
#6702=CARTESIAN_POINT('Ctrl Pts',(-60.636198101777,36.8942087743423,0.799999999999995));
#6703=CARTESIAN_POINT('',(-56.8853675042757,27.9889178326622,1.5));
#6704=CARTESIAN_POINT('Ctrl Pts',(-56.8853675042757,27.9889178326622,1.49999999999999));
#6705=CARTESIAN_POINT('Ctrl Pts',(-56.9599372764808,28.9659716651909,1.5));
#6706=CARTESIAN_POINT('Ctrl Pts',(-57.1478669633947,29.9016699866817,1.5));
#6707=CARTESIAN_POINT('Ctrl Pts',(-57.4342181548199,30.7752004565742,1.49999999999999));
#6708=CARTESIAN_POINT('Ctrl Pts',(-58.0833310179624,32.7553558787744,1.49999999999999));
#6709=CARTESIAN_POINT('Ctrl Pts',(-59.144068570086,34.3819544865128,1.49999999999999));
#6710=CARTESIAN_POINT('Ctrl Pts',(-60.1311066374424,36.0328681793408,1.49999999999999));
#6711=CARTESIAN_POINT('Ctrl Pts',(-60.3010498296166,36.3171140987659,1.49999999999999));
#6712=CARTESIAN_POINT('Ctrl Pts',(-60.4697399567764,36.6040566150296,1.49999999999999));
#6713=CARTESIAN_POINT('Ctrl Pts',(-60.636198101777,36.8942087743422,1.49999999999999));
#6714=CARTESIAN_POINT('',(-56.8853675042757,27.9889178326622,0.799999999999995));
#6715=CARTESIAN_POINT('Ctrl Pts',(-56.8853675042757,27.9889178326622,0.799999999999995));
#6716=CARTESIAN_POINT('Ctrl Pts',(-56.8853675042757,27.9889178326622,0.916666666666662));
#6717=CARTESIAN_POINT('Ctrl Pts',(-56.8853675042757,27.9889178326622,1.03333333333333));
#6718=CARTESIAN_POINT('Ctrl Pts',(-56.8853675042757,27.9889178326622,1.26666666666666));
#6719=CARTESIAN_POINT('Ctrl Pts',(-56.8853675042757,27.9889178326622,1.38333333333333));
#6720=CARTESIAN_POINT('Ctrl Pts',(-56.8853675042757,27.9889178326622,1.5));
#6721=CARTESIAN_POINT('Ctrl Pts',(-60.636198101777,36.8942087743422,0.799999999999995));
#6722=CARTESIAN_POINT('Ctrl Pts',(-60.4697399567764,36.6040566150296,0.799999999999995));
#6723=CARTESIAN_POINT('Ctrl Pts',(-60.3010498296166,36.3171140987659,0.799999999999995));
#6724=CARTESIAN_POINT('Ctrl Pts',(-60.1311066374424,36.0328681793408,0.799999999999995));
#6725=CARTESIAN_POINT('Ctrl Pts',(-59.144068570086,34.3819544865128,0.799999999999995));
#6726=CARTESIAN_POINT('Ctrl Pts',(-58.0833310179624,32.7553558787744,0.799999999999995));
#6727=CARTESIAN_POINT('Ctrl Pts',(-57.4342181548199,30.7752004565742,0.799999999999995));
#6728=CARTESIAN_POINT('Ctrl Pts',(-57.1478669633946,29.9016699866817,0.799999999999995));
#6729=CARTESIAN_POINT('Ctrl Pts',(-56.9599372764808,28.9659716651909,0.799999999999995));
#6730=CARTESIAN_POINT('Ctrl Pts',(-56.8853675042757,27.9889178326622,0.799999999999995));
#6731=CARTESIAN_POINT('Origin',(-40.790830491823,32.7816257953294,1.5));
#6732=CARTESIAN_POINT('',(-13.0687091108894,27.9887748796167,1.5));
#6733=CARTESIAN_POINT('',(-60.6361123336369,50.038641210428,1.49999999999999));
#6734=CARTESIAN_POINT('',(-60.635856091137,89.3091934571301,1.49999999999999));
#6735=CARTESIAN_POINT('',(-66.1361123335198,50.0386770982286,1.49999999999999));
#6736=CARTESIAN_POINT('',(-28.1108609193193,50.0384289813847,1.5));
#6737=CARTESIAN_POINT('',(-66.1358560910199,89.3092293449307,1.49999999999999));
#6738=CARTESIAN_POINT('Origin',(-60.635856091137,89.3091934571301,-5.53601343860341E-15));
#6739=CARTESIAN_POINT('',(-60.6361123336369,50.038641210428,0.799999999999995));
#6740=CARTESIAN_POINT('',(-60.6360405134489,61.0454743723715,0.799999999999995));
#6741=CARTESIAN_POINT('',(-60.6361123336369,50.038641210428,0.399999999999995));
#6742=CARTESIAN_POINT('Origin',(7.19409214844727,32.7814603214425,0.8));
#6743=CARTESIAN_POINT('',(-26.0737336051675,27.9888173088645,0.799999999999999));
#6744=CARTESIAN_POINT('',(-52.0962422468293,27.9889022080102,0.799999999999996));
#6745=CARTESIAN_POINT('',(-16.5350725356646,28.2622139614558,0.800000000000001));
#6746=CARTESIAN_POINT('Ctrl Pts',(-26.0737336051675,27.9888173088645,0.799999999999999));
#6747=CARTESIAN_POINT('Ctrl Pts',(-23.1866222719156,28.1484416774347,0.799999999999999));
#6748=CARTESIAN_POINT('Ctrl Pts',(-20.1434399730267,28.2381844700083,0.800000000000001));
#6749=CARTESIAN_POINT('Ctrl Pts',(-16.9417349953509,28.2595058414357,0.800000000000001));
#6750=CARTESIAN_POINT('Ctrl Pts',(-16.8075133264056,28.2603996745894,0.800000000000001));
#6751=CARTESIAN_POINT('Ctrl Pts',(-16.6732916574603,28.261293507743,0.800000000000001));
#6752=CARTESIAN_POINT('Ctrl Pts',(-16.5390699885147,28.2621873408966,0.800000000000001));
#6753=CARTESIAN_POINT('Ctrl Pts',(-16.5377375042312,28.2621962144164,0.800000000000001));
#6754=CARTESIAN_POINT('Ctrl Pts',(-16.5364050199478,28.2622050879361,0.800000000000001));
#6755=CARTESIAN_POINT('Ctrl Pts',(-16.5350725356658,28.2622139614558,0.800000000000001));
#6756=CARTESIAN_POINT('',(-14.3270774526941,28.2622067578116,0.800000000000001));
#6757=CARTESIAN_POINT('',(-3.56650002433292,28.2621716511338,0.8));
#6758=CARTESIAN_POINT('',(-4.78841816731967,27.9887478649412,0.8));
#6759=CARTESIAN_POINT('Ctrl Pts',(-14.3270774526941,28.2622067578116,0.800000000000001));
#6760=CARTESIAN_POINT('Ctrl Pts',(-14.3257449684685,28.2621978755973,0.800000000000001));
#6761=CARTESIAN_POINT('Ctrl Pts',(-14.3244124842416,28.262188993383,0.800000000000001));
#6762=CARTESIAN_POINT('Ctrl Pts',(-14.3230800000148,28.2621801111687,0.800000000000001));
#6763=CARTESIAN_POINT('Ctrl Pts',(-14.1888583369046,28.2612854022114,0.800000000000001));
#6764=CARTESIAN_POINT('Ctrl Pts',(-14.0546366737945,28.2603906932541,0.800000000000001));
#6765=CARTESIAN_POINT('Ctrl Pts',(-13.9204150106843,28.2594959842967,0.800000000000001));
#6766=CARTESIAN_POINT('Ctrl Pts',(-10.7187101721998,28.2381537215698,0.800000000000001));
#6767=CARTESIAN_POINT('Ctrl Pts',(-7.67552845895245,28.1483910720672,0.8));
#6768=CARTESIAN_POINT('Ctrl Pts',(-4.78841816731967,27.9887478649412,0.8));
#6769=CARTESIAN_POINT('',(26.0232157317887,27.9886473411436,0.8));
#6770=CARTESIAN_POINT('',(21.2340904743423,27.9886629657956,0.8));
#6771=CARTESIAN_POINT('',(29.7741044367203,36.8939138082594,0.8));
#6772=CARTESIAN_POINT('Ctrl Pts',(26.0232157317887,27.9886473411436,0.8));
#6773=CARTESIAN_POINT('Ctrl Pts',(26.0977918793219,28.9657006870796,0.8));
#6774=CARTESIAN_POINT('Ctrl Pts',(26.2857276717144,29.901397782299,0.8));
#6775=CARTESIAN_POINT('Ctrl Pts',(26.5720845629676,30.7749263837158,0.8));
#6776=CARTESIAN_POINT('Ctrl Pts',(27.2212103467187,32.7550775703769,0.8));
#6777=CARTESIAN_POINT('Ctrl Pts',(28.2819585124645,34.3816692567102,0.8));
#6778=CARTESIAN_POINT('Ctrl Pts',(29.269007352102,36.0325765090257,0.8));
#6779=CARTESIAN_POINT('Ctrl Pts',(29.4389523989928,36.3168213195562,0.8));
#6780=CARTESIAN_POINT('Ctrl Pts',(29.6076443984645,36.6037627351014,0.8));
#6781=CARTESIAN_POINT('Ctrl Pts',(29.7741044367203,36.8939138082594,0.8));
#6782=CARTESIAN_POINT('',(29.7741044367203,50.0383462446249,0.8));
#6783=CARTESIAN_POINT('',(29.7741044367203,61.0451794068027,0.8));
#6784=CARTESIAN_POINT('',(6.5689960511776,50.0383462446249,0.8));
#6785=CARTESIAN_POINT('',(-4.11845590024609,50.0383462446249,0.8));
#6786=CARTESIAN_POINT('',(6.56893222275644,30.4742430943183,0.8));
#6787=CARTESIAN_POINT('',(6.56897011499317,42.0886245026248,0.8));
#6788=CARTESIAN_POINT('',(2.06893222278039,30.4742577756913,0.8));
#6789=CARTESIAN_POINT('',(5.88150842192422,30.4742453370573,0.8));
#6790=CARTESIAN_POINT('',(2.06899605115366,50.0383462446249,0.8));
#6791=CARTESIAN_POINT('',(2.06897011501713,42.0886391839978,0.800000000000001));
#6792=CARTESIAN_POINT('',(-15.4310039489395,50.0383462446249,0.8));
#6793=CARTESIAN_POINT('',(-4.11845590024609,50.0383462446249,0.8));
#6794=CARTESIAN_POINT('',(-32.93100394866,50.0384604330814,0.799999999999998));
#6795=CARTESIAN_POINT('',(-26.743551997392,50.0384200596192,0.799999999999999));
#6796=CARTESIAN_POINT('',(-32.9310677770334,30.4743719641478,0.799999999999998));
#6797=CARTESIAN_POINT('',(-32.9310298847966,42.0887533724543,0.799999999999998));
#6798=CARTESIAN_POINT('',(-37.4310677770094,30.4743866455208,0.799999999999997));
#6799=CARTESIAN_POINT('',(-36.7436439761772,30.4743844027819,0.799999999999997));
#6800=CARTESIAN_POINT('',(-37.4310039485882,50.0384897958274,0.799999999999997));
#6801=CARTESIAN_POINT('',(-37.4310298847726,42.0887680538273,0.799999999999997));
#6802=CARTESIAN_POINT('',(-26.743551997392,50.0384200596192,0.799999999999999));
#6803=CARTESIAN_POINT('Origin',(35.2741044367203,27.9886171598664,0.8));
#6804=CARTESIAN_POINT('',(-26.0737336051672,27.9888173088646,1.8));
#6805=CARTESIAN_POINT('',(-66.1362562092073,27.9889480139394,1.79999999999999));
#6806=CARTESIAN_POINT('Ctrl Pts',(-26.0737336051672,27.9888173088646,1.8));
#6807=CARTESIAN_POINT('Ctrl Pts',(-26.0737336051673,27.9888173088646,1.46666666666667));
#6808=CARTESIAN_POINT('Ctrl Pts',(-26.0737336051673,27.9888173088646,1.13333333333333));
#6809=CARTESIAN_POINT('Ctrl Pts',(-26.0737336051673,27.9888173088646,0.8));
#6810=CARTESIAN_POINT('Origin',(-66.1363104835935,19.6711041012488,-6.20959700165141E-15));
#6811=CARTESIAN_POINT('',(-66.1361123335198,50.0386770982286,1.79999999999999));
#6812=CARTESIAN_POINT('',(-66.1361123335198,50.0386770982286,0.799999999999994));
#6813=CARTESIAN_POINT('',(-66.1360992834105,52.038677098186,1.79999999999999));
#6814=CARTESIAN_POINT('',(-66.1363104835935,19.6711041012488,1.79999999999999));
#6815=CARTESIAN_POINT('',(-66.1360992834105,52.038677098186,1.49999999999999));
#6816=CARTESIAN_POINT('',(-66.1360992834105,52.038677098186,0.799999999999994));
#6817=CARTESIAN_POINT('',(-66.1358560910199,89.3092293449307,1.49999999999999));
#6818=CARTESIAN_POINT('',(-66.1358560910199,89.3092293449307,1.49999999999999));
#6819=CARTESIAN_POINT('',(-66.1358560910199,89.3092293449307,-6.20956917813087E-15));
#6820=CARTESIAN_POINT('Origin',(9.92150748534229,26.9886983745528,1.8));
#6821=CARTESIAN_POINT('',(-44.7400268150003,25.9888782081456,1.8));
#6822=CARTESIAN_POINT('',(-66.1362627342619,25.9889480139501,1.79999999999999));
#6823=CARTESIAN_POINT('',(-39.1780038277018,27.1380972991616,1.8));
#6824=CARTESIAN_POINT('Ctrl Pts',(-44.7400268150003,25.9888782081456,1.8));
#6825=CARTESIAN_POINT('Ctrl Pts',(-43.633124600817,26.2581866874433,1.8));
#6826=CARTESIAN_POINT('Ctrl Pts',(-42.5827317557874,26.481551287447,1.80000000000017));
#6827=CARTESIAN_POINT('Ctrl Pts',(-40.8034609111619,26.8382984851703,1.80000000000017));
#6828=CARTESIAN_POINT('Ctrl Pts',(-39.9950054008705,26.9920628597708,1.8));
#6829=CARTESIAN_POINT('Ctrl Pts',(-39.1780038277018,27.1380972991616,1.8));
#6830=CARTESIAN_POINT('',(-26.7132987013514,27.9521615451626,1.8));
#6831=CARTESIAN_POINT('',(-8.50502171604493,29.141335867762,1.8));
#6832=CARTESIAN_POINT('Ctrl Pts',(-26.7132987013514,27.9521615451626,1.8));
#6833=CARTESIAN_POINT('Ctrl Pts',(-26.7121100883348,27.9522320690285,1.8));
#6834=CARTESIAN_POINT('Ctrl Pts',(-26.7109214753186,27.9523025928944,1.8));
#6835=CARTESIAN_POINT('Ctrl Pts',(-26.7097328623024,27.9523731167603,1.8));
#6836=CARTESIAN_POINT('Ctrl Pts',(-26.498580722728,27.9649013870803,1.8));
#6837=CARTESIAN_POINT('Ctrl Pts',(-26.2865812978144,27.9770492560884,1.8));
#6838=CARTESIAN_POINT('Ctrl Pts',(-26.0737336051673,27.9888173088646,1.8));
#6839=CARTESIAN_POINT('Origin',(-15.4310859386669,25.988782586925,0.8));
#6840=CARTESIAN_POINT('',(-48.5114216946719,25.9888905124237,0.8));
#6841=CARTESIAN_POINT('',(-26.7436568467177,25.9888194944968,0.799999999999999));
#6842=CARTESIAN_POINT('Ctrl Pts',(-48.5114216946666,25.9888905124245,0.800000000000003));
#6843=CARTESIAN_POINT('Ctrl Pts',(-47.6171993343912,25.9888875949996,1.06420359163448));
#6844=CARTESIAN_POINT('Ctrl Pts',(-46.7186185832888,25.9888846634387,1.30943837613802));
#6845=CARTESIAN_POINT('Ctrl Pts',(-45.4569978671606,25.9888805473666,1.6277192557524));
#6846=CARTESIAN_POINT('Ctrl Pts',(-45.0988058811157,25.9888793786721,1.71518242989225));
#6847=CARTESIAN_POINT('Ctrl Pts',(-44.7400268150003,25.9888782081456,1.79999999999999));
#6848=CARTESIAN_POINT('Origin',(-54.7603940839993,0.370635873841294,1.5));
#6849=CARTESIAN_POINT('Ctrl Pts',(-63.9141782137525,-5.1179278612512,1.5));
#6850=CARTESIAN_POINT('Ctrl Pts',(-63.9902656654812,-5.01093917202798,1.5));
#6851=CARTESIAN_POINT('Ctrl Pts',(-64.0585195069499,-4.90889535242431,1.5));
#6852=CARTESIAN_POINT('Ctrl Pts',(-64.1196252810839,-4.81122657919089,1.5));
#6853=CARTESIAN_POINT('Ctrl Pts',(-36.0821611731064,-33.5616424667553,-2.5290039574086E-15));
#6854=CARTESIAN_POINT('Ctrl Pts',(-36.0821611731064,-33.5616424667553,1.5));
#6855=CARTESIAN_POINT('Ctrl Pts',(-36.947647652467,-33.5616368194087,-2.63499548207572E-15));
#6856=CARTESIAN_POINT('Ctrl Pts',(-36.947647652467,-33.5616368194087,1.5));
#6857=CARTESIAN_POINT('Ctrl Pts',(-38.655152975316,-33.5141041524558,-2.84410459388144E-15));
#6858=CARTESIAN_POINT('Ctrl Pts',(-38.655152975316,-33.5141041524558,1.5));
#6859=CARTESIAN_POINT('Ctrl Pts',(-41.1460119750583,-33.3002410774627,-3.14914692944378E-15));
#6860=CARTESIAN_POINT('Ctrl Pts',(-41.1460119750583,-33.3002410774627,1.5));
#6861=CARTESIAN_POINT('Ctrl Pts',(-44.3144060035269,-32.7418578299282,-3.53716351308076E-15));
#6862=CARTESIAN_POINT('Ctrl Pts',(-44.3144060035269,-32.7418578299282,1.5));
#6863=CARTESIAN_POINT('Ctrl Pts',(-47.9554195261083,-31.6591527667184,-3.98305950127524E-15));
#6864=CARTESIAN_POINT('Ctrl Pts',(-47.9554195261083,-31.6591527667184,1.5));
#6865=CARTESIAN_POINT('Ctrl Pts',(-51.2004816786045,-30.2858278185731,-4.38046554778625E-15));
#6866=CARTESIAN_POINT('Ctrl Pts',(-51.2004816786045,-30.2858278185731,1.5));
#6867=CARTESIAN_POINT('Ctrl Pts',(-53.9871568004932,-28.7220883213471,-4.72173544939619E-15));
#6868=CARTESIAN_POINT('Ctrl Pts',(-53.9871568004932,-28.7220883213471,1.5));
#6869=CARTESIAN_POINT('Ctrl Pts',(-56.288520661366,-27.0582180248088,-5.00357190277381E-15));
#6870=CARTESIAN_POINT('Ctrl Pts',(-56.288520661366,-27.0582180248088,1.5));
#6871=CARTESIAN_POINT('Ctrl Pts',(-58.1467104656616,-25.3560901071,-5.23113520245211E-15));
#6872=CARTESIAN_POINT('Ctrl Pts',(-58.1467104656616,-25.3560901071,1.49999999999999));
#6873=CARTESIAN_POINT('Ctrl Pts',(-59.6629544483688,-23.6400136649138,-5.41682222211467E-15));
#6874=CARTESIAN_POINT('Ctrl Pts',(-59.6629544483688,-23.6400136649138,1.49999999999999));
#6875=CARTESIAN_POINT('Ctrl Pts',(-60.9511342611357,-21.893865502729,-5.57457944822061E-15));
#6876=CARTESIAN_POINT('Ctrl Pts',(-60.9511342611357,-21.893865502729,1.49999999999999));
#6877=CARTESIAN_POINT('Ctrl Pts',(-62.1050872712363,-20.0573333332098,-5.71589866801456E-15));
#6878=CARTESIAN_POINT('Ctrl Pts',(-62.1050872712363,-20.0573333332098,1.49999999999999));
#6879=CARTESIAN_POINT('Ctrl Pts',(-63.1540217467368,-18.0180668189825,-5.84435690758502E-15));
#6880=CARTESIAN_POINT('Ctrl Pts',(-63.1540217467368,-18.0180668189825,1.49999999999999));
#6881=CARTESIAN_POINT('Ctrl Pts',(-64.0801990133841,-15.639414300575,-5.95778186046588E-15));
#6882=CARTESIAN_POINT('Ctrl Pts',(-64.0801990133841,-15.639414300575,1.49999999999999));
#6883=CARTESIAN_POINT('Ctrl Pts',(-64.847158919627,-12.7956770002084,-6.05170849609007E-15));
#6884=CARTESIAN_POINT('Ctrl Pts',(-64.847158919627,-12.7956770002084,1.49999999999999));
#6885=CARTESIAN_POINT('Ctrl Pts',(-65.4232978787861,-9.40384410430782,-6.12226652449725E-15));
#6886=CARTESIAN_POINT('Ctrl Pts',(-65.4232978787861,-9.40384410430782,1.49999999999999));
#6887=CARTESIAN_POINT('Ctrl Pts',(-65.8094714757051,-5.46108607226213,-6.16956072574196E-15));
#6888=CARTESIAN_POINT('Ctrl Pts',(-65.8094714757051,-5.46108607226213,1.49999999999999));
#6889=CARTESIAN_POINT('Ctrl Pts',(-66.0313070619648,-1.02478875071546,-6.1967295223044E-15));
#6890=CARTESIAN_POINT('Ctrl Pts',(-66.0313070619648,-1.02478875071546,1.49999999999999));
#6891=CARTESIAN_POINT('Ctrl Pts',(-66.1294438586121,3.81071678227034,-6.2087497456926E-15));
#6892=CARTESIAN_POINT('Ctrl Pts',(-66.1294438586121,3.81071678227034,1.49999999999999));
#6893=CARTESIAN_POINT('Ctrl Pts',(-66.1509727819213,8.93499466948754,-6.21138832577091E-15));
#6894=CARTESIAN_POINT('Ctrl Pts',(-66.1509727819213,8.93499466948754,1.49999999999999));
#6895=CARTESIAN_POINT('Ctrl Pts',(-66.1427347204645,13.181009855005,-6.21038115068293E-15));
#6896=CARTESIAN_POINT('Ctrl Pts',(-66.1427347204645,13.181009855005,1.49999999999999));
#6897=CARTESIAN_POINT('Ctrl Pts',(-66.1374921834369,16.4119442191084,-6.20974041596552E-15));
#6898=CARTESIAN_POINT('Ctrl Pts',(-66.1374921834369,16.4119442191084,1.49999999999999));
#6899=CARTESIAN_POINT('Ctrl Pts',(-66.1363175898653,18.5820294251489,-6.20959743678506E-15));
#6900=CARTESIAN_POINT('Ctrl Pts',(-66.1363175898653,18.5820294251489,1.49999999999999));
#6901=CARTESIAN_POINT('Ctrl Pts',(-66.1363104835935,19.6711041012488,-6.20959700165141E-15));
#6902=CARTESIAN_POINT('Ctrl Pts',(-66.1363104835935,19.6711041012488,1.49999999999999));
#6903=CARTESIAN_POINT('Ctrl Pts',(-66.0308822156004,0.0118887436840137,
1.49999999999999));
#6904=CARTESIAN_POINT('Ctrl Pts',(-66.0532458374329,0.763925029794007,1.49999999999999));
#6905=CARTESIAN_POINT('Ctrl Pts',(-66.0766770544007,1.71960126133743,1.49999999999999));
#6906=CARTESIAN_POINT('Ctrl Pts',(-66.0950259616744,2.69264827137454,1.49999999999999));
#6907=CARTESIAN_POINT('Ctrl Pts',(-66.1090727674011,3.68123548961073,1.49999999999999));
#6908=CARTESIAN_POINT('Ctrl Pts',(-66.119578459026,4.68357316326616,1.49999999999999));
#6909=CARTESIAN_POINT('Ctrl Pts',(-66.1215488576652,4.88511125885645,1.49999999999999));
#6910=CARTESIAN_POINT('Origin',(9.92870999236002,32.7814603214425,1.5));
#6911=CARTESIAN_POINT('',(-64.3294019992285,-2.42788459857305,1.50000000000001));
#6912=CARTESIAN_POINT('Ctrl Pts',(-64.1196285092154,-4.81123023573778,1.50050128427999));
#6913=CARTESIAN_POINT('Ctrl Pts',(-64.166621724176,-4.73610468339906,1.50059644785247));
#6914=CARTESIAN_POINT('Ctrl Pts',(-64.2093869994075,-4.66357487069337,1.50066989989745));
#6915=CARTESIAN_POINT('Ctrl Pts',(-64.2482398156527,-4.59337538738539,1.50069823641964));
#6916=CARTESIAN_POINT('Ctrl Pts',(-64.294591417609,-4.50962705657458,1.50073204203077));
#6917=CARTESIAN_POINT('Ctrl Pts',(-64.3353748228637,-4.42919567861435,1.5007028658376));
#6918=CARTESIAN_POINT('Ctrl Pts',(-64.3711170867988,-4.35162083724595,1.50064335818874));
#6919=CARTESIAN_POINT('Ctrl Pts',(-64.3748978281229,-4.34341513407593,1.50063706359511));
#6920=CARTESIAN_POINT('Ctrl Pts',(-64.3786221553261,-4.33524138241416,1.50063047360305));
#6921=CARTESIAN_POINT('Ctrl Pts',(-64.3822906857163,-4.32709902999086,1.5006236538243));
#6922=CARTESIAN_POINT('Ctrl Pts',(-64.4220923940847,-4.23875860423038,1.50054966265724));
#6923=CARTESIAN_POINT('Ctrl Pts',(-64.4558610227126,-4.1529417389478,1.50044068205649));
#6924=CARTESIAN_POINT('Ctrl Pts',(-64.4839154258155,-4.06916136260538,1.50039324133603));
#6925=CARTESIAN_POINT('Ctrl Pts',(-64.5054596183372,-4.00482277907398,1.50035680954986));
#6926=CARTESIAN_POINT('Ctrl Pts',(-64.5236337931257,-3.94168504399069,1.50035361139377));
#6927=CARTESIAN_POINT('Ctrl Pts',(-64.5385802976973,-3.87952524055611,1.50034982210692));
#6928=CARTESIAN_POINT('Ctrl Pts',(-64.555115829932,-3.81075695908431,1.50034562996456));
#6929=CARTESIAN_POINT('Ctrl Pts',(-64.5677009658351,-3.74318565618989,1.50034168543656));
#6930=CARTESIAN_POINT('Ctrl Pts',(-64.5765267984715,-3.67650761837607,1.50035783260552));
#6931=CARTESIAN_POINT('Ctrl Pts',(-64.5837001185426,-3.62231410183664,1.50037095644505));
#6932=CARTESIAN_POINT('Ctrl Pts',(-64.5883900854003,-3.56871064973369,1.50039904594538));
#6933=CARTESIAN_POINT('Ctrl Pts',(-64.5906981386212,-3.51553288617808,1.50047209310554));
#6934=CARTESIAN_POINT('Ctrl Pts',(-64.5915220762023,-3.49654928672146,1.50049816975745));
#6935=CARTESIAN_POINT('Ctrl Pts',(-64.5920414918575,-3.47762612160354,1.50053044340216));
#6936=CARTESIAN_POINT('Ctrl Pts',(-64.5922619952729,-3.45875809336454,1.5005703140502));
#6937=CARTESIAN_POINT('Ctrl Pts',(-64.5928611081393,-3.40749322536903,1.50067864352072));
#6938=CARTESIAN_POINT('Ctrl Pts',(-64.5912535635626,-3.35663536333821,1.50083791789599));
#6939=CARTESIAN_POINT('Ctrl Pts',(-64.5875522255255,-3.30607864561455,1.50097044789759));
#6940=CARTESIAN_POINT('Ctrl Pts',(-64.5835212336137,-3.25101917301636,1.5011147814762));
#6941=CARTESIAN_POINT('Ctrl Pts',(-64.577006958805,-3.19631696602398,1.50122838716938));
#6942=CARTESIAN_POINT('Ctrl Pts',(-64.5681549998974,-3.14183507210904,1.50127706176899));
#6943=CARTESIAN_POINT('Ctrl Pts',(-64.5576686451132,-3.07729382481255,1.50133472348271));
#6944=CARTESIAN_POINT('Ctrl Pts',(-64.5439019200852,-3.01306204164821,1.50130233470165));
#6945=CARTESIAN_POINT('Ctrl Pts',(-64.5270939419314,-2.94890871500416,1.50119593175163));
#6946=CARTESIAN_POINT('Ctrl Pts',(-64.5250628720532,-2.94115645068412,1.50118307405842));
#6947=CARTESIAN_POINT('Ctrl Pts',(-64.5229873870897,-2.93340532515151,1.50116919533828));
#6948=CARTESIAN_POINT('Ctrl Pts',(-64.520867903485,-2.92565492457492,1.50115436655106));
#6949=CARTESIAN_POINT('Ctrl Pts',(-64.5025084436515,-2.85851915255879,1.501025916148));
#6950=CARTESIAN_POINT('Ctrl Pts',(-64.4810100867834,-2.7920892222113,1.50083182920519));
#6951=CARTESIAN_POINT('Ctrl Pts',(-64.4570136154918,-2.72653958007213,1.50063025829782));
#6952=CARTESIAN_POINT('Ctrl Pts',(-64.4264020076039,-2.64291978789664,1.50037312009184));
#6953=CARTESIAN_POINT('Ctrl Pts',(-64.3917268324423,-2.56073445481828,1.50011148544682));
#6954=CARTESIAN_POINT('Ctrl Pts',(-64.3543134563628,-2.48034021262181,1.50002807786988));
#6955=CARTESIAN_POINT('Ctrl Pts',(-64.3461359737224,-2.46276835493777,1.50000984738432));
#6956=CARTESIAN_POINT('Ctrl Pts',(-64.3378275974657,-2.44528197225931,1.49999999999996));
#6957=CARTESIAN_POINT('Ctrl Pts',(-64.3294019992286,-2.427884598573,1.49999999999996));
#6958=CARTESIAN_POINT('',(-66.031150350845,5.16465736171101,1.5));
#6959=CARTESIAN_POINT('Ctrl Pts',(-64.3294019992259,-2.42788459857844,1.5));
#6960=CARTESIAN_POINT('Ctrl Pts',(-64.5470601327927,-1.98305827092303,1.5));
#6961=CARTESIAN_POINT('Ctrl Pts',(-64.7444568871223,-1.52893122369397,1.5));
#6962=CARTESIAN_POINT('Ctrl Pts',(-64.9205267185674,-1.06641770812945,1.5));
#6963=CARTESIAN_POINT('Ctrl Pts',(-65.6682885176262,0.897859395159125,1.5));
#6964=CARTESIAN_POINT('Ctrl Pts',(-66.0311573867884,3.00806443272833,1.5));
#6965=CARTESIAN_POINT('Ctrl Pts',(-66.031150350845,5.16465736171103,1.5));
#6966=CARTESIAN_POINT('',(-64.6437494960867,12.0756366184035,1.50000000000001));
#6967=CARTESIAN_POINT('Ctrl Pts',(-66.031150350845,5.16465736171101,1.5));
#6968=CARTESIAN_POINT('Ctrl Pts',(-66.0311433149016,7.32125029069371,1.5));
#6969=CARTESIAN_POINT('Ctrl Pts',(-65.668260676544,9.43145296047879,1.5));
#6970=CARTESIAN_POINT('Ctrl Pts',(-64.9204860604857,11.395725184539,1.5));
#6971=CARTESIAN_POINT('Ctrl Pts',(-64.8334132239901,11.6244501914132,1.5));
#6972=CARTESIAN_POINT('Ctrl Pts',(-64.7411247465741,11.8511241923498,1.5));
#6973=CARTESIAN_POINT('Ctrl Pts',(-64.6437494960853,12.0756366184066,1.5));
#6974=CARTESIAN_POINT('Ctrl Pts',(-64.6437494960867,12.0756366184034,1.49999999999996));
#6975=CARTESIAN_POINT('Ctrl Pts',(-64.6886679825157,12.1586961910376,1.49999999999995));
#6976=CARTESIAN_POINT('Ctrl Pts',(-64.7286007292319,12.2397044077066,1.50027574232158));
#6977=CARTESIAN_POINT('Ctrl Pts',(-64.7636253259445,12.3191570411197,1.50061156523725));
#6978=CARTESIAN_POINT('Ctrl Pts',(-64.7959402218184,12.392462769569,1.50092140699335));
#6979=CARTESIAN_POINT('Ctrl Pts',(-64.824076928279,12.4644441905057,1.50128161293427));
#6980=CARTESIAN_POINT('Ctrl Pts',(-64.8480948945886,12.5354891308616,1.50156570556906));
#6981=CARTESIAN_POINT('Ctrl Pts',(-64.8501088730245,12.5414464619701,1.50158952758766));
#6982=CARTESIAN_POINT('Ctrl Pts',(-64.8520938907608,12.5473972078595,1.50161284539478));
#6983=CARTESIAN_POINT('Ctrl Pts',(-64.8540499825932,12.5533415969255,1.50163560232663));
#6984=CARTESIAN_POINT('Origin',(9.92870999236002,32.7814603214425,1.5));
#6985=CARTESIAN_POINT('',(-52.8406765210653,-13.5529940362617,1.5));
#6986=CARTESIAN_POINT('',(-52.8406765210653,-13.5529940362617,1.5));
#6987=CARTESIAN_POINT('',(-28.5850566647078,-18.5029879803097,1.5));
#6988=CARTESIAN_POINT('Ctrl Pts',(-28.5850566647078,-18.5029879803097,1.5));
#6989=CARTESIAN_POINT('Ctrl Pts',(-28.5860705938789,-18.5029155414592,1.5));
#6990=CARTESIAN_POINT('Ctrl Pts',(-28.5870845230498,-18.5028431026087,1.5));
#6991=CARTESIAN_POINT('Ctrl Pts',(-28.5880984522206,-18.5027706637582,1.5));
#6992=CARTESIAN_POINT('Ctrl Pts',(-30.0415250719053,-18.3989324898105,1.5));
#6993=CARTESIAN_POINT('Ctrl Pts',(-31.4974134604835,-18.2725011053522,1.5));
#6994=CARTESIAN_POINT('Ctrl Pts',(-32.8895583508964,-18.1277753321928,1.5));
#6995=CARTESIAN_POINT('Ctrl Pts',(-34.2828960396997,-17.9829255570918,1.5));
#6996=CARTESIAN_POINT('Ctrl Pts',(-35.6346266062368,-17.818198818039,1.5));
#6997=CARTESIAN_POINT('Ctrl Pts',(-36.9452297703809,-17.6332185789406,1.5));
#6998=CARTESIAN_POINT('Ctrl Pts',(-41.5764239161513,-16.9795657999507,1.5));
#6999=CARTESIAN_POINT('Ctrl Pts',(-45.6958630423958,-16.0754154402566,1.5));
#7000=CARTESIAN_POINT('Ctrl Pts',(-49.3346047621747,-14.8714284882734,1.5));
#7001=CARTESIAN_POINT('Ctrl Pts',(-50.547183380903,-14.4702104443361,1.5));
#7002=CARTESIAN_POINT('Ctrl Pts',(-51.7074184871597,-14.0358976829999,1.5));
#7003=CARTESIAN_POINT('Ctrl Pts',(-52.8149070054566,-13.563974936189,1.5));
#7004=CARTESIAN_POINT('Ctrl Pts',(-52.8195923719318,-13.5619784089291,1.5));
#7005=CARTESIAN_POINT('Ctrl Pts',(-52.8242777384067,-13.5599818816693,1.5));
#7006=CARTESIAN_POINT('Ctrl Pts',(-52.8289631048814,-13.5579853544097,1.5));
#7007=CARTESIAN_POINT('Ctrl Pts',(-52.8328675769427,-13.5563215816937,1.5));
#7008=CARTESIAN_POINT('Ctrl Pts',(-52.836772049004,-13.5546578089777,1.5));
#7009=CARTESIAN_POINT('Ctrl Pts',(-52.8406765210653,-13.5529940362617,1.5));
#7010=CARTESIAN_POINT('',(-26.7756541815614,-18.6211710937416,1.5));
#7011=CARTESIAN_POINT('',(-26.7756541815614,-18.6211710937416,1.5));
#7012=CARTESIAN_POINT('',(-15.431228978023,-18.9355077220435,1.5));
#7013=CARTESIAN_POINT('Ctrl Pts',(-15.431228978023,-18.9355077220435,1.5));
#7014=CARTESIAN_POINT('Ctrl Pts',(-18.3722605788513,-18.9354981268475,1.5));
#7015=CARTESIAN_POINT('Ctrl Pts',(-21.1856078780149,-18.8799213420487,1.5));
#7016=CARTESIAN_POINT('Ctrl Pts',(-23.8733599474292,-18.7675439010918,1.5));
#7017=CARTESIAN_POINT('Ctrl Pts',(-24.8565896846203,-18.7264341413801,1.5));
#7018=CARTESIAN_POINT('Ctrl Pts',(-25.8362203222306,-18.6769165872539,1.5));
#7019=CARTESIAN_POINT('Ctrl Pts',(-26.7726826501423,-18.6213474227975,1.5));
#7020=CARTESIAN_POINT('Ctrl Pts',(-26.7736731606155,-18.6212886464455,1.5));
#7021=CARTESIAN_POINT('Ctrl Pts',(-26.7746636710887,-18.6212298700935,1.5));
#7022=CARTESIAN_POINT('Ctrl Pts',(-26.7756541815614,-18.6211710937416,1.5));
#7023=CARTESIAN_POINT('',(-4.08680172366249,-18.6212451167428,1.5));
#7024=CARTESIAN_POINT('Ctrl Pts',(-15.431228978023,-18.9355077220435,1.5));
#7025=CARTESIAN_POINT('Ctrl Pts',(-12.4901973771948,-18.9355173172395,1.5));
#7026=CARTESIAN_POINT('Ctrl Pts',(-9.67684971544953,-18.8799588896867,1.5));
#7027=CARTESIAN_POINT('Ctrl Pts',(-6.98909691282346,-18.7675989864614,1.5));
#7028=CARTESIAN_POINT('Ctrl Pts',(-6.00586690740985,-18.7264956423784,1.5));
#7029=CARTESIAN_POINT('Ctrl Pts',(-5.02623594671563,-18.6769844803966,1.5));
#7030=CARTESIAN_POINT('Ctrl Pts',(-4.08977325623209,-18.6214214264093,1.5));
#7031=CARTESIAN_POINT('Ctrl Pts',(-4.08878274537537,-18.6213626565204,1.5));
#7032=CARTESIAN_POINT('Ctrl Pts',(-4.08779223451866,-18.6213038866316,1.5));
#7033=CARTESIAN_POINT('Ctrl Pts',(-4.08680172366249,-18.6212451167428,1.5));
#7034=CARTESIAN_POINT('',(-2.27739846940327,-18.5030738097636,1.5));
#7035=CARTESIAN_POINT('',(-4.08680172366249,-18.6212451167428,1.5));
#7036=CARTESIAN_POINT('',(21.9782536854189,-13.5532381350662,1.5));
#7037=CARTESIAN_POINT('Ctrl Pts',(-2.27739846940327,-18.5030738097636,1.5));
#7038=CARTESIAN_POINT('Ctrl Pts',(-2.27638453975957,-18.503001377529,1.5));
#7039=CARTESIAN_POINT('Ctrl Pts',(-2.27537061011607,-18.5029289452944,1.5));
#7040=CARTESIAN_POINT('Ctrl Pts',(-2.27435668047256,-18.5028565130599,1.5));
#7041=CARTESIAN_POINT('Ctrl Pts',(-0.820929383269039,-18.3990278228025,
1.5));
#7042=CARTESIAN_POINT('Ctrl Pts',(0.634959830249823,-18.2726059380982,1.5));
#7043=CARTESIAN_POINT('Ctrl Pts',(2.02710566497669,-18.1278892487634,1.5));
#7044=CARTESIAN_POINT('Ctrl Pts',(3.42044429890299,-17.9830485652701,1.5));
#7045=CARTESIAN_POINT('Ctrl Pts',(4.77217594026234,-17.8183306463366,1.5));
#7046=CARTESIAN_POINT('Ctrl Pts',(6.08278031138471,-17.6333589589994,1.5));
#7047=CARTESIAN_POINT('Ctrl Pts',(10.7139787221766,-16.9797363988183,1.5));
#7048=CARTESIAN_POINT('Ctrl Pts',(14.8334237479639,-16.075612918709,1.5));
#7049=CARTESIAN_POINT('Ctrl Pts',(18.472173323746,-14.87164970974,1.5));
#7050=CARTESIAN_POINT('Ctrl Pts',(19.6847545604181,-14.470439577953,1.5));
#7051=CARTESIAN_POINT('Ctrl Pts',(20.8449925005647,-14.0361343872236,1.5));
#7052=CARTESIAN_POINT('Ctrl Pts',(21.9524840981597,-13.5642188668458,1.5));
#7053=CARTESIAN_POINT('Ctrl Pts',(21.9571694776623,-13.5622223701582,1.5));
#7054=CARTESIAN_POINT('Ctrl Pts',(21.9618548571646,-13.5602258734707,1.5));
#7055=CARTESIAN_POINT('Ctrl Pts',(21.9665402366666,-13.5582293767834,1.5));
#7056=CARTESIAN_POINT('Ctrl Pts',(21.970444719584,-13.5565656295443,1.5));
#7057=CARTESIAN_POINT('Ctrl Pts',(21.9743492025014,-13.5549018823053,1.5));
#7058=CARTESIAN_POINT('Ctrl Pts',(21.9782536854189,-13.5532381350662,1.5));
#7059=CARTESIAN_POINT('',(23.668550479235,-12.7815569513106,1.5));
#7060=CARTESIAN_POINT('',(21.9782536854189,-13.5532381350662,1.5));
#7061=CARTESIAN_POINT('',(28.9235404005613,-9.50585867139781,1.5));
#7062=CARTESIAN_POINT('Ctrl Pts',(23.668550479235,-12.7815569513106,1.5));
#7063=CARTESIAN_POINT('Ctrl Pts',(23.6725460951227,-12.7796023332703,1.5));
#7064=CARTESIAN_POINT('Ctrl Pts',(23.6765417110106,-12.77764771523,1.5));
#7065=CARTESIAN_POINT('Ctrl Pts',(23.6805373268984,-12.7756930971896,1.5));
#7066=CARTESIAN_POINT('Ctrl Pts',(23.6853320659631,-12.7733475555416,1.5));
#7067=CARTESIAN_POINT('Ctrl Pts',(23.690126805028,-12.7710020138934,1.5));
#7068=CARTESIAN_POINT('Ctrl Pts',(23.6949215440931,-12.7686564722452,1.5));
#7069=CARTESIAN_POINT('Ctrl Pts',(25.6208213172003,-11.8265242588212,1.5));
#7070=CARTESIAN_POINT('Ctrl Pts',(27.3705478453452,-10.7474445162508,1.5));
#7071=CARTESIAN_POINT('Ctrl Pts',(28.9235404005613,-9.50585867139781,1.5));
#7072=CARTESIAN_POINT('',(33.0518104171389,-5.11824421543805,1.5));
#7073=CARTESIAN_POINT('Ctrl Pts',(28.9235404005613,-9.50585867139781,1.5));
#7074=CARTESIAN_POINT('Ctrl Pts',(29.4385456448363,-9.09412249200068,1.5));
#7075=CARTESIAN_POINT('Ctrl Pts',(29.9319155394888,-8.66451509144943,1.5));
#7076=CARTESIAN_POINT('Ctrl Pts',(30.4029002501884,-8.21610436774901,1.5));
#7077=CARTESIAN_POINT('Ctrl Pts',(30.7380619995329,-7.89700670031723,1.5));
#7078=CARTESIAN_POINT('Ctrl Pts',(31.0616945037208,-7.56798465364597,1.5));
#7079=CARTESIAN_POINT('Ctrl Pts',(31.3728773849347,-7.22881515695351,1.5));
#7080=CARTESIAN_POINT('Ctrl Pts',(31.9842380283645,-6.56247104149054,1.5));
#7081=CARTESIAN_POINT('Ctrl Pts',(32.5458500511002,-5.85742039134337,1.5));
#7082=CARTESIAN_POINT('Ctrl Pts',(33.0518104171389,-5.11824421543805,1.5));
#7083=CARTESIAN_POINT('',(28.9677446134788,-9.21317060027008,1.5));
#7084=CARTESIAN_POINT('Ctrl Pts',(33.0518109183241,-5.11824478314391,1.49997738446737));
#7085=CARTESIAN_POINT('Ctrl Pts',(33.0314379036705,-5.14689130616476,1.49996878120845));
#7086=CARTESIAN_POINT('Ctrl Pts',(33.0105249730717,-5.17586183627582,1.49996464353605));
#7087=CARTESIAN_POINT('Ctrl Pts',(32.9890615255603,-5.20516635913622,1.49996356022182));
#7088=CARTESIAN_POINT('Ctrl Pts',(32.9219168018557,-5.29684054566715,1.49996017125858));
#7089=CARTESIAN_POINT('Ctrl Pts',(32.8518839976013,-5.38837060547472,1.4999812972853));
#7090=CARTESIAN_POINT('Ctrl Pts',(32.7801202674396,-5.47898183141573,1.50000398523692));
#7091=CARTESIAN_POINT('Ctrl Pts',(32.700950939864,-5.57894360615064,1.50002901445251));
#7092=CARTESIAN_POINT('Ctrl Pts',(32.6196754701168,-5.67778764601231,1.50005792337313));
#7093=CARTESIAN_POINT('Ctrl Pts',(32.5378657369763,-5.77449447939657,1.50010411105134));
#7094=CARTESIAN_POINT('Ctrl Pts',(32.498250842238,-5.82132302751584,1.50012647660541));
#7095=CARTESIAN_POINT('Ctrl Pts',(32.458510878707,-5.86765067495714,1.50015323127827));
#7096=CARTESIAN_POINT('Ctrl Pts',(32.4188247939739,-5.91336220206428,1.50017744563365));
#7097=CARTESIAN_POINT('Ctrl Pts',(32.3197584826172,-6.02746951215665,1.50023789067088));
#7098=CARTESIAN_POINT('Ctrl Pts',(32.2176870432346,-6.14157675107219,1.50028378209815));
#7099=CARTESIAN_POINT('Ctrl Pts',(32.1140601491965,-6.25465196084669,1.50029226198535));
#7100=CARTESIAN_POINT('Ctrl Pts',(31.9964243133715,-6.38301339574621,1.50030188823756));
#7101=CARTESIAN_POINT('Ctrl Pts',(31.8767835831248,-6.51004438633305,1.50026525767387));
#7102=CARTESIAN_POINT('Ctrl Pts',(31.7572891756209,-6.63426993664537,1.5001953882667));
#7103=CARTESIAN_POINT('Ctrl Pts',(31.7325296460563,-6.66000977041562,1.50018091115694));
#7104=CARTESIAN_POINT('Ctrl Pts',(31.7077765076603,-6.68562928226816,1.50016507861566));
#7105=CARTESIAN_POINT('Ctrl Pts',(31.6830490701983,-6.71111554690606,1.50014806532732));
#7106=CARTESIAN_POINT('Ctrl Pts',(31.5532397212042,-6.84490844097416,1.50005875223584));
#7107=CARTESIAN_POINT('Ctrl Pts',(31.4205489641012,-6.97870443658738,1.49994347567947));
#7108=CARTESIAN_POINT('Ctrl Pts',(31.2863461963357,-7.11152535593362,1.49992162424409));
#7109=CARTESIAN_POINT('Ctrl Pts',(31.2584218200733,-7.1391622026925,1.49991707748463));
#7110=CARTESIAN_POINT('Ctrl Pts',(31.2304320720703,-7.1667569367933,1.49991669346057));
#7111=CARTESIAN_POINT('Ctrl Pts',(31.2023894410791,-7.19430091839161,1.49992168996535));
#7112=CARTESIAN_POINT('Ctrl Pts',(31.0720291307119,-7.32234318343571,1.49994491695554));
#7113=CARTESIAN_POINT('Ctrl Pts',(30.9405368954898,-7.44929913391013,1.49996828594907));
#7114=CARTESIAN_POINT('Ctrl Pts',(30.8091526898915,-7.57428286321006,1.49998018709081));
#7115=CARTESIAN_POINT('Ctrl Pts',(30.7451288526699,-7.63518773304287,1.49998598654561));
#7116=CARTESIAN_POINT('Ctrl Pts',(30.6811311793022,-7.69562485063895,1.49998914565162));
#7117=CARTESIAN_POINT('Ctrl Pts',(30.6173061408231,-7.75549508619431,1.49998832143213));
#7118=CARTESIAN_POINT('Ctrl Pts',(30.4909204086293,-7.87404955537419,1.49998668932055));
#7119=CARTESIAN_POINT('Ctrl Pts',(30.3677976851435,-7.98795652696612,1.49997549729662));
#7120=CARTESIAN_POINT('Ctrl Pts',(30.2480517936053,-8.09751080793499,1.49998368600905));
#7121=CARTESIAN_POINT('Ctrl Pts',(30.2480439346033,-8.09751799805483,1.49998368654648));
#7122=CARTESIAN_POINT('Ctrl Pts',(30.248036075616,-8.09752518815599,1.4999836870839));
#7123=CARTESIAN_POINT('Ctrl Pts',(30.2480282166432,-8.09753237823848,1.4999836876213));
#7124=CARTESIAN_POINT('Ctrl Pts',(30.1620099635409,-8.17622947441264,1.49998956961388));
#7125=CARTESIAN_POINT('Ctrl Pts',(30.0766110847172,-8.25371875311328,1.49999286426994));
#7126=CARTESIAN_POINT('Ctrl Pts',(29.9932461964972,-8.32880156658324,1.49999511329407));
#7127=CARTESIAN_POINT('Ctrl Pts',(29.9048742411775,-8.40839400866444,1.49999749739923));
#7128=CARTESIAN_POINT('Ctrl Pts',(29.8187880787493,-8.48528238091483,1.49999886112707));
#7129=CARTESIAN_POINT('Ctrl Pts',(29.736712196533,-8.55808340882774,1.4999995977948));
#7130=CARTESIAN_POINT('Ctrl Pts',(29.7092071690087,-8.58248027453874,1.49999984466472));
#7131=CARTESIAN_POINT('Ctrl Pts',(29.6821528087467,-8.60641845612882,1.49999999933033));
#7132=CARTESIAN_POINT('Ctrl Pts',(29.6556148469948,-8.62984683509379,1.49999999999933));
#7133=CARTESIAN_POINT('Ctrl Pts',(29.6555916591156,-8.6298673059358,1.49999999999978));
#7134=CARTESIAN_POINT('Ctrl Pts',(29.655568471586,-8.62988777638382,1.5));
#7135=CARTESIAN_POINT('Ctrl Pts',(29.655545284406,-8.62990824643784,1.5));
#7136=CARTESIAN_POINT('Ctrl Pts',(29.5406779201346,-8.73131519450001,1.5));
#7137=CARTESIAN_POINT('Ctrl Pts',(29.4291926522968,-8.82764104666533,1.5));
#7138=CARTESIAN_POINT('Ctrl Pts',(29.3212273214887,-8.91925563790022,1.5));
#7139=CARTESIAN_POINT('Ctrl Pts',(29.2105401954888,-9.01317982381755,1.5));
#7140=CARTESIAN_POINT('Ctrl Pts',(29.1035526287769,-9.10215212386327,1.5));
#7141=CARTESIAN_POINT('Ctrl Pts',(29.0003716295539,-9.18653596077013,1.5));
#7142=CARTESIAN_POINT('Ctrl Pts',(28.9894539213768,-9.19546471813001,1.5));
#7143=CARTESIAN_POINT('Ctrl Pts',(28.97857879496,-9.20434207214096,1.5));
#7144=CARTESIAN_POINT('Ctrl Pts',(28.9677463514082,-9.21316843174539,1.5));
#7145=CARTESIAN_POINT('',(23.5830620660474,-12.600728706883,1.5));
#7146=CARTESIAN_POINT('Ctrl Pts',(23.5830620660474,-12.600728706883,1.5));
#7147=CARTESIAN_POINT('Ctrl Pts',(23.5862336560302,-12.5991771946329,1.5));
#7148=CARTESIAN_POINT('Ctrl Pts',(23.5894301691803,-12.5976134902016,1.5));
#7149=CARTESIAN_POINT('Ctrl Pts',(23.5926515441783,-12.5960376235862,1.5));
#7150=CARTESIAN_POINT('Ctrl Pts',(23.5973924988035,-12.5937183927845,1.5));
#7151=CARTESIAN_POINT('Ctrl Pts',(23.6021873030233,-12.5913728192631,1.5));
#7152=CARTESIAN_POINT('Ctrl Pts',(23.607035761373,-12.5890009986417,1.5));
#7153=CARTESIAN_POINT('Ctrl Pts',(23.6751176463679,-12.5556959752469,1.5));
#7154=CARTESIAN_POINT('Ctrl Pts',(23.7529382001485,-12.517351098603,1.5));
#7155=CARTESIAN_POINT('Ctrl Pts',(23.8397966383727,-12.474033509085,1.5));
#7156=CARTESIAN_POINT('Ctrl Pts',(23.9304835843593,-12.4288065860457,1.5));
#7157=CARTESIAN_POINT('Ctrl Pts',(24.0310224036573,-12.3781587643173,1.5));
#7158=CARTESIAN_POINT('Ctrl Pts',(24.1405710007953,-12.3221307873486,1.5));
#7159=CARTESIAN_POINT('Ctrl Pts',(24.2591261463133,-12.2614964649004,1.5));
#7160=CARTESIAN_POINT('Ctrl Pts',(24.3882332236956,-12.1945609278527,1.5));
#7161=CARTESIAN_POINT('Ctrl Pts',(24.5267777380082,-12.1213361071868,1.5));
#7162=CARTESIAN_POINT('Ctrl Pts',(24.6821674048318,-12.0392081316192,1.5));
#7163=CARTESIAN_POINT('Ctrl Pts',(24.8494286028891,-11.9491685249014,1.5));
#7164=CARTESIAN_POINT('Ctrl Pts',(25.0269359334529,-11.8511856907047,1.5));
#7165=CARTESIAN_POINT('Ctrl Pts',(25.1768817762601,-11.7684166095204,1.5));
#7166=CARTESIAN_POINT('Ctrl Pts',(25.3341375250307,-11.6799782933876,1.5));
#7167=CARTESIAN_POINT('Ctrl Pts',(25.4977038908161,-11.5858309265645,1.5));
#7168=CARTESIAN_POINT('Ctrl Pts',(25.7721192985555,-11.4278798225567,1.5));
#7169=CARTESIAN_POINT('Ctrl Pts',(26.0642963707035,-11.2538612395286,1.5));
#7170=CARTESIAN_POINT('Ctrl Pts',(26.3694649802038,-11.063520733356,1.5));
#7171=CARTESIAN_POINT('Ctrl Pts',(26.6290460295028,-10.9016142109345,1.5));
#7172=CARTESIAN_POINT('Ctrl Pts',(26.8980234089402,-10.7278945517642,1.5));
#7173=CARTESIAN_POINT('Ctrl Pts',(27.1734831436582,-10.5421965311707,1.5));
#7174=CARTESIAN_POINT('Ctrl Pts',(27.2024339836688,-10.5226796544482,1.5));
#7175=CARTESIAN_POINT('Ctrl Pts',(27.2314564753441,-10.5030304793708,1.5));
#7176=CARTESIAN_POINT('Ctrl Pts',(27.2605472733506,-10.4832488279608,1.5));
#7177=CARTESIAN_POINT('Ctrl Pts',(27.4518912167797,-10.353135546521,1.5));
#7178=CARTESIAN_POINT('Ctrl Pts',(27.6461887095973,-10.2172900208762,1.5));
#7179=CARTESIAN_POINT('Ctrl Pts',(27.8424960059243,-10.0756686505128,1.5));
#7180=CARTESIAN_POINT('Ctrl Pts',(27.9267834128981,-10.0148614451601,1.5));
#7181=CARTESIAN_POINT('Ctrl Pts',(28.0102094361169,-9.95387597827557,1.500001720678));
#7182=CARTESIAN_POINT('Ctrl Pts',(28.0927106900004,-9.89277587128822,1.5000040639225));
#7183=CARTESIAN_POINT('Ctrl Pts',(28.2453721939958,-9.77971535659418,1.50000839989576));
#7184=CARTESIAN_POINT('Ctrl Pts',(28.3948646681093,-9.66626022858142,1.50001486755745));
#7185=CARTESIAN_POINT('Ctrl Pts',(28.5408195497541,-9.5528424749439,1.50001650940467));
#7186=CARTESIAN_POINT('Ctrl Pts',(28.6867744313989,-9.43942472130638,1.50001815125189));
#7187=CARTESIAN_POINT('Ctrl Pts',(28.8291918416144,-9.32604442169372,1.50001496728464));
#7188=CARTESIAN_POINT('Ctrl Pts',(28.9677463514082,-9.21316843174539,1.5));
#7189=CARTESIAN_POINT('',(21.8975095960246,-13.3702439364617,1.5));
#7190=CARTESIAN_POINT('',(19.4840926250625,-14.4720554478256,1.5));
#7191=CARTESIAN_POINT('',(-2.29104124507859,-18.30353873343,1.5));
#7192=CARTESIAN_POINT('Ctrl Pts',(-2.29104124507366,-18.303538733499,1.50000000006918));
#7193=CARTESIAN_POINT('Ctrl Pts',(-2.29023009381082,-18.3034807871722,1.50000000006918));
#7194=CARTESIAN_POINT('Ctrl Pts',(-2.28941894254756,-18.3034228408453,1.50000000006918));
#7195=CARTESIAN_POINT('Ctrl Pts',(-2.28860779128438,-18.3033648945184,1.50000000006918));
#7196=CARTESIAN_POINT('Ctrl Pts',(-2.28739107570902,-18.3032779758367,1.50000000006918));
#7197=CARTESIAN_POINT('Ctrl Pts',(-2.28617436013596,-18.3031910571552,1.50000000006918));
#7198=CARTESIAN_POINT('Ctrl Pts',(-2.28495764456004,-18.3031041384735,1.50000000006918));
#7199=CARTESIAN_POINT('Ctrl Pts',(0.662277533670886,-18.0925620845098,1.50000000006918));
#7200=CARTESIAN_POINT('Ctrl Pts',(3.44098337762,-17.8042259634526,1.50000000006918));
#7201=CARTESIAN_POINT('Ctrl Pts',(6.05483037632306,-17.4353215858656,1.50000000006918));
#7202=CARTESIAN_POINT('Ctrl Pts',(10.6769905242992,-16.7829746377358,1.50000000006918));
#7203=CARTESIAN_POINT('Ctrl Pts',(14.7850120656671,-15.8809676175352,1.50000000006918));
#7204=CARTESIAN_POINT('Ctrl Pts',(18.4093484056411,-14.6817733560443,1.50000000006918));
#7205=CARTESIAN_POINT('Ctrl Pts',(19.617184273261,-14.2821333377354,1.50000000006918));
#7206=CARTESIAN_POINT('Ctrl Pts',(20.7722253882278,-13.8497411024587,1.50000000006918));
#7207=CARTESIAN_POINT('Ctrl Pts',(21.8740826984874,-13.3802264198348,1.50000000006918));
#7208=CARTESIAN_POINT('Ctrl Pts',(21.8787680779899,-13.3782299231472,1.50000000006918));
#7209=CARTESIAN_POINT('Ctrl Pts',(21.8834534574918,-13.3762334264599,1.50000000006918));
#7210=CARTESIAN_POINT('Ctrl Pts',(21.8881388369941,-13.3742369297725,1.50000000006918));
#7211=CARTESIAN_POINT('Ctrl Pts',(21.8912624233285,-13.372905931981,1.50000000006918));
#7212=CARTESIAN_POINT('Ctrl Pts',(21.8943860096631,-13.3715749341895,1.50000000006918));
#7213=CARTESIAN_POINT('Ctrl Pts',(21.8975095959975,-13.3702439363981,1.50000000006918));
#7214=CARTESIAN_POINT('',(-4.099241800168,-18.4216314925452,1.5));
#7215=CARTESIAN_POINT('',(6.89778376635995,-17.7034207339468,1.5));
#7216=CARTESIAN_POINT('',(-15.4312283255176,-18.7355077220446,1.5));
#7217=CARTESIAN_POINT('Ctrl Pts',(-15.4312283255176,-18.7355077220446,1.5));
#7218=CARTESIAN_POINT('Ctrl Pts',(-11.4191182212167,-18.7355208116634,1.5));
#7219=CARTESIAN_POINT('Ctrl Pts',(-7.64549930888921,-18.6320412605115,1.5));
#7220=CARTESIAN_POINT('Ctrl Pts',(-4.10518484422996,-18.4219841106275,1.5));
#7221=CARTESIAN_POINT('Ctrl Pts',(-4.10399623120437,-18.4219135867611,1.5));
#7222=CARTESIAN_POINT('Ctrl Pts',(-4.10280761817927,-18.4218430628947,1.5));
#7223=CARTESIAN_POINT('Ctrl Pts',(-4.10161900515478,-18.4217725390283,1.5));
#7224=CARTESIAN_POINT('Ctrl Pts',(-4.10082660349272,-18.4217255235339,1.5));
#7225=CARTESIAN_POINT('Ctrl Pts',(-4.10003420183066,-18.4216785080396,1.5));
#7226=CARTESIAN_POINT('Ctrl Pts',(-4.099241800168,-18.4216314925452,1.5));
#7227=CARTESIAN_POINT('',(-26.7632128446935,-18.4215575480948,1.5));
#7228=CARTESIAN_POINT('Ctrl Pts',(-26.7632128446972,-18.4215575481575,1.50000000006282));
#7229=CARTESIAN_POINT('Ctrl Pts',(-26.7624204292978,-18.4216045696557,1.50000000006282));
#7230=CARTESIAN_POINT('Ctrl Pts',(-26.7616280138983,-18.4216515911539,1.50000000006282));
#7231=CARTESIAN_POINT('Ctrl Pts',(-26.7608355984988,-18.421698612652,1.50000000006282));
#7232=CARTESIAN_POINT('Ctrl Pts',(-26.7596469859319,-18.4217691442743,1.50000000006282));
#7233=CARTESIAN_POINT('Ctrl Pts',(-26.7584583733681,-18.4218396758964,1.50000000006282));
#7234=CARTESIAN_POINT('Ctrl Pts',(-26.7572697608029,-18.4219102075186,1.50000000006282));
#7235=CARTESIAN_POINT('Ctrl Pts',(-23.2169566668536,-18.6319904581435,1.50000000006282));
#7236=CARTESIAN_POINT('Ctrl Pts',(-19.4433384298175,-18.7354946323629,1.50000000006282));
#7237=CARTESIAN_POINT('Ctrl Pts',(-15.4312283255176,-18.7355077219817,1.50000000006282));
#7238=CARTESIAN_POINT('',(-28.571412632338,-18.3034529899039,1.5));
#7239=CARTESIAN_POINT('',(-26.946558946034,-18.4095820958149,1.5));
#7240=CARTESIAN_POINT('',(-52.7599312376276,-13.3700003645198,1.5));
#7241=CARTESIAN_POINT('Ctrl Pts',(-52.7599312376276,-13.3700003645198,1.49999999999999));
#7242=CARTESIAN_POINT('Ctrl Pts',(-52.7568076599768,-13.3713313826934,1.49999999999999));
#7243=CARTESIAN_POINT('Ctrl Pts',(-52.7536840823258,-13.372662400867,1.5));
#7244=CARTESIAN_POINT('Ctrl Pts',(-52.750560504675,-13.3739934190406,1.5));
#7245=CARTESIAN_POINT('Ctrl Pts',(-52.745875138201,-13.3759899462999,1.49999999999999));
#7246=CARTESIAN_POINT('Ctrl Pts',(-52.7411897717261,-13.3779864735597,1.49999999999999));
#7247=CARTESIAN_POINT('Ctrl Pts',(-52.7365044052522,-13.379983000819,1.49999999999999));
#7248=CARTESIAN_POINT('Ctrl Pts',(-51.6346501586232,-13.8495048731128,1.49999999999999));
#7249=CARTESIAN_POINT('Ctrl Pts',(-50.4796118650622,-14.2819046450875,1.49999999999999));
#7250=CARTESIAN_POINT('Ctrl Pts',(-49.2717786051393,-14.6815525445834,1.49999999999999));
#7251=CARTESIAN_POINT('Ctrl Pts',(-45.6474500900455,-15.8807704550432,1.49999999999999));
#7252=CARTESIAN_POINT('Ctrl Pts',(-41.5394344344062,-16.7828042802904,1.49999999999999));
#7253=CARTESIAN_POINT('Ctrl Pts',(-36.9172785431249,-17.4351813882544,1.49999999999999));
#7254=CARTESIAN_POINT('Ctrl Pts',(-34.3034339515969,-17.8041028213283,1.49999999999999));
#7255=CARTESIAN_POINT('Ctrl Pts',(-31.5247299891143,-18.092457073587,1.49999999999999));
#7256=CARTESIAN_POINT('Ctrl Pts',(-28.577496184743,-18.3030183584169,1.49999999999999));
#7257=CARTESIAN_POINT('Ctrl Pts',(-28.5762794697362,-18.3031052850377,1.49999999999999));
#7258=CARTESIAN_POINT('Ctrl Pts',(-28.5750627547318,-18.3031922116582,1.5));
#7259=CARTESIAN_POINT('Ctrl Pts',(-28.5738460397246,-18.303279138279,1.5));
#7260=CARTESIAN_POINT('Ctrl Pts',(-28.5730349039272,-18.3033370888208,1.5));
#7261=CARTESIAN_POINT('Ctrl Pts',(-28.5722237681337,-18.3033950393622,1.49999999999999));
#7262=CARTESIAN_POINT('Ctrl Pts',(-28.571412632338,-18.3034529899039,1.49999999999999));
#7263=CARTESIAN_POINT('',(-54.4454786864845,-12.600474136636,1.5));
#7264=CARTESIAN_POINT('',(-41.4017842718314,-18.5554918772429,1.5));
#7265=CARTESIAN_POINT('',(-59.8301391297986,-9.21288089474762,1.49999999999999));
#7266=CARTESIAN_POINT('Ctrl Pts',(-59.8301409570652,-9.21287863783929,1.5));
#7267=CARTESIAN_POINT('Ctrl Pts',(-59.545308238995,-9.44496564369298,1.5));
#7268=CARTESIAN_POINT('Ctrl Pts',(-59.2535860978642,-9.67145391309761,1.5));
#7269=CARTESIAN_POINT('Ctrl Pts',(-58.9551123042778,-9.89249490739866,1.5));
#7270=CARTESIAN_POINT('Ctrl Pts',(-58.6832920372036,-10.093797076622,1.5));
#7271=CARTESIAN_POINT('Ctrl Pts',(-58.4058721142672,-10.2905814087428,1.5));
#7272=CARTESIAN_POINT('Ctrl Pts',(-58.1229503225115,-10.4829700552899,1.5));
#7273=CARTESIAN_POINT('Ctrl Pts',(-57.5571067390001,-10.8677473483841,1.5));
#7274=CARTESIAN_POINT('Ctrl Pts',(-56.9692556802118,-11.2349418991835,1.5));
#7275=CARTESIAN_POINT('Ctrl Pts',(-56.3601140931799,-11.585563758506,1.5));
#7276=CARTESIAN_POINT('Ctrl Pts',(-55.750972506148,-11.9361856178285,1.5));
#7277=CARTESIAN_POINT('Ctrl Pts',(-55.1205403908725,-12.2702347856741,1.5));
#7278=CARTESIAN_POINT('Ctrl Pts',(-54.4694523052846,-12.5887462719657,1.5));
#7279=CARTESIAN_POINT('Ctrl Pts',(-54.4646575815242,-12.5910918448999,1.5));
#7280=CARTESIAN_POINT('Ctrl Pts',(-54.4598628577638,-12.5934374178342,1.5));
#7281=CARTESIAN_POINT('Ctrl Pts',(-54.4550681340035,-12.5957829907684,1.5));
#7282=CARTESIAN_POINT('Ctrl Pts',(-54.4518716514969,-12.5973467060577,1.5));
#7283=CARTESIAN_POINT('Ctrl Pts',(-54.4486751689909,-12.5989104213467,1.5));
#7284=CARTESIAN_POINT('Ctrl Pts',(-54.4454786864845,-12.600474136636,1.5));
#7285=CARTESIAN_POINT('Ctrl Pts',(-59.8301409570652,-9.21287863783929,1.5));
#7286=CARTESIAN_POINT('Ctrl Pts',(-59.9080546798434,-9.14939308478547,1.5));
#7287=CARTESIAN_POINT('Ctrl Pts',(-59.9837414243388,-9.08688875661408,1.5));
#7288=CARTESIAN_POINT('Ctrl Pts',(-60.0580115216518,-9.02477687003133,1.5));
#7289=CARTESIAN_POINT('Ctrl Pts',(-60.1366436091046,-8.95901706259423,1.5));
#7290=CARTESIAN_POINT('Ctrl Pts',(-60.2136880563958,-8.89369740102011,1.5));
#7291=CARTESIAN_POINT('Ctrl Pts',(-60.290057647671,-8.82807949094497,1.5));
#7292=CARTESIAN_POINT('Ctrl Pts',(-60.3664272389463,-8.76246158086983,1.5));
#7293=CARTESIAN_POINT('Ctrl Pts',(-60.4421219868717,-8.69654544534958,1.5));
#7294=CARTESIAN_POINT('Ctrl Pts',(-60.51800555708,-8.6295526411924,1.5));
#7295=CARTESIAN_POINT('Ctrl Pts',(-60.5180120740268,-8.62954688779232,1.49999999999998));
#7296=CARTESIAN_POINT('Ctrl Pts',(-60.5180185909774,-8.62954113438553,1.49999999999997));
#7297=CARTESIAN_POINT('Ctrl Pts',(-60.518025107932,-8.629535380972,1.49999999999998));
#7298=CARTESIAN_POINT('Ctrl Pts',(-60.6941678775897,-8.4740298944898,1.50000000013606));
#7299=CARTESIAN_POINT('Ctrl Pts',(-60.8621714633767,-8.32332229754357,1.50000116483963));
#7300=CARTESIAN_POINT('Ctrl Pts',(-61.0215159752126,-8.1783432373254,1.49999541653867));
#7301=CARTESIAN_POINT('Ctrl Pts',(-61.0514639063372,-8.15109521441016,1.49999433617688));
#7302=CARTESIAN_POINT('Ctrl Pts',(-61.0811060573598,-8.12404963849914,1.49999308481));
#7303=CARTESIAN_POINT('Ctrl Pts',(-61.1104390871484,-8.09721281291705,1.49999170888318));
#7304=CARTESIAN_POINT('Ctrl Pts',(-61.1104581990945,-8.09719532737371,1.49999170798669));
#7305=CARTESIAN_POINT('Ctrl Pts',(-61.1104773109089,-8.09717784191851,1.49999170709063));
#7306=CARTESIAN_POINT('Ctrl Pts',(-61.1104964225917,-8.09716035655144,1.49999170619499));
#7307=CARTESIAN_POINT('Ctrl Pts',(-61.2448086668917,-7.97427746238838,1.49998541186814));
#7308=CARTESIAN_POINT('Ctrl Pts',(-61.3726135453713,-7.85573421365428,1.5000072414092));
#7309=CARTESIAN_POINT('Ctrl Pts',(-61.493558324009,-7.74216385742025,1.50001479645639));
#7310=CARTESIAN_POINT('Ctrl Pts',(-61.6230088407665,-7.62060638740441,1.50002288283079));
#7311=CARTESIAN_POINT('Ctrl Pts',(-61.7446008698545,-7.50474637538941,1.50001456376547));
#7312=CARTESIAN_POINT('Ctrl Pts',(-61.8579162806659,-7.39537657775457,1.49999578161438));
#7313=CARTESIAN_POINT('Ctrl Pts',(-61.9302787369395,-7.32553376341597,1.4999837874595));
#7314=CARTESIAN_POINT('Ctrl Pts',(-61.9992662505229,-7.25833797675586,1.49996872354793));
#7315=CARTESIAN_POINT('Ctrl Pts',(-62.064771230117,-7.19399713692285,1.49996286263094));
#7316=CARTESIAN_POINT('Ctrl Pts',(-62.064778495141,-7.19399000101116,1.49996286198092));
#7317=CARTESIAN_POINT('Ctrl Pts',(-62.0647857601222,-7.19398286513455,1.49996286133132));
#7318=CARTESIAN_POINT('Ctrl Pts',(-62.0647930250606,-7.19397572929303,1.49996286068215));
#7319=CARTESIAN_POINT('Ctrl Pts',(-62.1506550831807,-7.10963942647466,1.49995518834863));
#7320=CARTESIAN_POINT('Ctrl Pts',(-62.2305290806716,-7.03021331931753,1.49999650877021));
#7321=CARTESIAN_POINT('Ctrl Pts',(-62.3041982011624,-6.95620826040859,1.50004093290588));
#7322=CARTESIAN_POINT('Ctrl Pts',(-62.3375542778349,-6.92270007675338,1.50006104736993));
#7323=CARTESIAN_POINT('Ctrl Pts',(-62.3696382758352,-6.890303266112,1.50008256547706));
#7324=CARTESIAN_POINT('Ctrl Pts',(-62.400429923151,-6.85906508352523,1.5001046231126));
#7325=CARTESIAN_POINT('Ctrl Pts',(-62.5232277748875,-6.73448643807445,1.50019258950916));
#7326=CARTESIAN_POINT('Ctrl Pts',(-62.6467456252728,-6.60679296003971,1.50027705278061));
#7327=CARTESIAN_POINT('Ctrl Pts',(-62.7688891362475,-6.47740790958312,1.50032454690545));
#7328=CARTESIAN_POINT('Ctrl Pts',(-62.8782295085097,-6.36158505932125,1.50036706267439));
#7329=CARTESIAN_POINT('Ctrl Pts',(-62.9864690657861,-6.24440724781923,1.50037796610524));
#7330=CARTESIAN_POINT('Ctrl Pts',(-63.0921279633253,-6.12692096512202,1.50035411111398));
#7331=CARTESIAN_POINT('Ctrl Pts',(-63.1300651806072,-6.08473708152935,1.50034554589129));
#7332=CARTESIAN_POINT('Ctrl Pts',(-63.1676698971075,-6.04251365279561,1.50033283919911));
#7333=CARTESIAN_POINT('Ctrl Pts',(-63.2048742957251,-6.00029989414486,1.5003172424922));
#7334=CARTESIAN_POINT('Ctrl Pts',(-63.2701053924753,-5.92628580234255,1.50028989652412));
#7335=CARTESIAN_POINT('Ctrl Pts',(-63.3354648481273,-5.8507594492026,1.50025267240757));
#7336=CARTESIAN_POINT('Ctrl Pts',(-63.4002410421491,-5.77418513338376,1.50023145988602));
#7337=CARTESIAN_POINT('Ctrl Pts',(-63.4820372324278,-5.67749085546635,1.50020467375763));
#7338=CARTESIAN_POINT('Ctrl Pts',(-63.5629027352356,-5.57912481911415,1.50020193040394));
#7339=CARTESIAN_POINT('Ctrl Pts',(-63.6414114097093,-5.4800294946077,1.50019828406184));
#7340=CARTESIAN_POINT('Ctrl Pts',(-63.6872308113956,-5.4221952678904,1.50019615597581));
#7341=CARTESIAN_POINT('Ctrl Pts',(-63.7322476701684,-5.3641128927866,1.50019413510413));
#7342=CARTESIAN_POINT('Ctrl Pts',(-63.7761814497307,-5.30597308377055,1.50019479887256));
#7343=CARTESIAN_POINT('Ctrl Pts',(-63.8248159393129,-5.24161258567363,1.50019553366113));
#7344=CARTESIAN_POINT('Ctrl Pts',(-63.8707730109076,-5.17896684480218,1.50020086361971));
#7345=CARTESIAN_POINT('Ctrl Pts',(-63.9141805457599,-5.11793050274453,1.50022200136804));
#7346=CARTESIAN_POINT('Origin',(-26.7756541815614,-18.6211710937416,1.5));
#7347=CARTESIAN_POINT('',(-26.7756541815614,-18.6211710937416,1.5));
#7348=CARTESIAN_POINT('',(-28.5850566647078,-18.5029879803097,1.5));
#7349=CARTESIAN_POINT('Ctrl Pts',(-15.431228978023,-18.9355077220435,1.5));
#7350=CARTESIAN_POINT('Ctrl Pts',(-15.431228978023,-18.9355077220435,-3.5));
#7351=CARTESIAN_POINT('Ctrl Pts',(-18.3722605788513,-18.9354981268475,1.5));
#7352=CARTESIAN_POINT('Ctrl Pts',(-18.3722605788513,-18.9354981268475,-3.5));
#7353=CARTESIAN_POINT('Ctrl Pts',(-21.1856078780149,-18.8799213420487,1.5));
#7354=CARTESIAN_POINT('Ctrl Pts',(-21.1856078780149,-18.8799213420487,-3.5));
#7355=CARTESIAN_POINT('Ctrl Pts',(-23.8733599474292,-18.7675439010918,1.5));
#7356=CARTESIAN_POINT('Ctrl Pts',(-23.8733599474292,-18.7675439010918,-3.5));
#7357=CARTESIAN_POINT('Ctrl Pts',(-24.8565896846203,-18.7264341413801,1.5));
#7358=CARTESIAN_POINT('Ctrl Pts',(-24.8565896846203,-18.7264341413801,-3.5));
#7359=CARTESIAN_POINT('Ctrl Pts',(-25.8362203222306,-18.6769165872539,1.5));
#7360=CARTESIAN_POINT('Ctrl Pts',(-25.8362203222306,-18.6769165872539,-3.5));
#7361=CARTESIAN_POINT('Ctrl Pts',(-26.7726826501423,-18.6213474227975,1.5));
#7362=CARTESIAN_POINT('Ctrl Pts',(-26.7726826501423,-18.6213474227975,-3.5));
#7363=CARTESIAN_POINT('Ctrl Pts',(-26.7736731606155,-18.6212886464455,1.5));
#7364=CARTESIAN_POINT('Ctrl Pts',(-26.7736731606155,-18.6212886464455,-3.5));
#7365=CARTESIAN_POINT('Ctrl Pts',(-26.7746636710887,-18.6212298700935,1.5));
#7366=CARTESIAN_POINT('Ctrl Pts',(-26.7746636710887,-18.6212298700935,-3.5));
#7367=CARTESIAN_POINT('Ctrl Pts',(-26.7756541815614,-18.6211710937416,1.5));
#7368=CARTESIAN_POINT('Ctrl Pts',(-26.7756541815614,-18.6211710937416,-3.5));
#7369=CARTESIAN_POINT('',(-15.431228978023,-18.9355077220435,1.5));
#7370=CARTESIAN_POINT('Origin',(-52.8406765210653,-13.5529940362617,1.5));
#7371=CARTESIAN_POINT('',(-52.8406765210653,-13.5529940362617,1.5));
#7372=CARTESIAN_POINT('Ctrl Pts',(-28.5850566647078,-18.5029879803097,1.5));
#7373=CARTESIAN_POINT('Ctrl Pts',(-28.5850566647078,-18.5029879803097,-3.5));
#7374=CARTESIAN_POINT('Ctrl Pts',(-28.5860705938789,-18.5029155414592,1.5));
#7375=CARTESIAN_POINT('Ctrl Pts',(-28.5860705938789,-18.5029155414592,-3.5));
#7376=CARTESIAN_POINT('Ctrl Pts',(-28.5870845230498,-18.5028431026087,1.5));
#7377=CARTESIAN_POINT('Ctrl Pts',(-28.5870845230498,-18.5028431026087,-3.5));
#7378=CARTESIAN_POINT('Ctrl Pts',(-28.5880984522206,-18.5027706637582,1.5));
#7379=CARTESIAN_POINT('Ctrl Pts',(-28.5880984522206,-18.5027706637582,-3.5));
#7380=CARTESIAN_POINT('Ctrl Pts',(-30.0415250719053,-18.3989324898105,1.5));
#7381=CARTESIAN_POINT('Ctrl Pts',(-30.0415250719053,-18.3989324898105,-3.5));
#7382=CARTESIAN_POINT('Ctrl Pts',(-31.4974134604835,-18.2725011053522,1.5));
#7383=CARTESIAN_POINT('Ctrl Pts',(-31.4974134604835,-18.2725011053522,-3.5));
#7384=CARTESIAN_POINT('Ctrl Pts',(-32.8895583508964,-18.1277753321928,1.5));
#7385=CARTESIAN_POINT('Ctrl Pts',(-32.8895583508964,-18.1277753321928,-3.5));
#7386=CARTESIAN_POINT('Ctrl Pts',(-34.2828960396997,-17.9829255570918,1.5));
#7387=CARTESIAN_POINT('Ctrl Pts',(-34.2828960396997,-17.9829255570918,-3.5));
#7388=CARTESIAN_POINT('Ctrl Pts',(-35.6346266062368,-17.818198818039,1.5));
#7389=CARTESIAN_POINT('Ctrl Pts',(-35.6346266062368,-17.818198818039,-3.5));
#7390=CARTESIAN_POINT('Ctrl Pts',(-36.9452297703809,-17.6332185789406,1.5));
#7391=CARTESIAN_POINT('Ctrl Pts',(-36.9452297703809,-17.6332185789406,-3.5));
#7392=CARTESIAN_POINT('Ctrl Pts',(-41.5764239161513,-16.9795657999507,1.5));
#7393=CARTESIAN_POINT('Ctrl Pts',(-41.5764239161513,-16.9795657999507,-3.5));
#7394=CARTESIAN_POINT('Ctrl Pts',(-45.6958630423958,-16.0754154402566,1.5));
#7395=CARTESIAN_POINT('Ctrl Pts',(-45.6958630423958,-16.0754154402566,-3.5));
#7396=CARTESIAN_POINT('Ctrl Pts',(-49.3346047621747,-14.8714284882734,1.5));
#7397=CARTESIAN_POINT('Ctrl Pts',(-49.3346047621747,-14.8714284882734,-3.5));
#7398=CARTESIAN_POINT('Ctrl Pts',(-50.547183380903,-14.4702104443361,1.5));
#7399=CARTESIAN_POINT('Ctrl Pts',(-50.547183380903,-14.4702104443361,-3.5));
#7400=CARTESIAN_POINT('Ctrl Pts',(-51.7074184871597,-14.0358976829999,1.5));
#7401=CARTESIAN_POINT('Ctrl Pts',(-51.7074184871597,-14.0358976829999,-3.5));
#7402=CARTESIAN_POINT('Ctrl Pts',(-52.8149070054566,-13.563974936189,1.5));
#7403=CARTESIAN_POINT('Ctrl Pts',(-52.8149070054566,-13.563974936189,-3.5));
#7404=CARTESIAN_POINT('Ctrl Pts',(-52.8195923719318,-13.5619784089291,1.5));
#7405=CARTESIAN_POINT('Ctrl Pts',(-52.8195923719318,-13.5619784089291,-3.5));
#7406=CARTESIAN_POINT('Ctrl Pts',(-52.8242777384067,-13.5599818816693,1.5));
#7407=CARTESIAN_POINT('Ctrl Pts',(-52.8242777384067,-13.5599818816693,-3.5));
#7408=CARTESIAN_POINT('Ctrl Pts',(-52.8289631048814,-13.5579853544097,1.5));
#7409=CARTESIAN_POINT('Ctrl Pts',(-52.8289631048814,-13.5579853544097,-3.5));
#7410=CARTESIAN_POINT('Ctrl Pts',(-52.8328675769427,-13.5563215816937,1.5));
#7411=CARTESIAN_POINT('Ctrl Pts',(-52.8328675769427,-13.5563215816937,-3.5));
#7412=CARTESIAN_POINT('Ctrl Pts',(-52.836772049004,-13.5546578089777,1.5));
#7413=CARTESIAN_POINT('Ctrl Pts',(-52.836772049004,-13.5546578089777,-3.5));
#7414=CARTESIAN_POINT('Ctrl Pts',(-52.8406765210653,-13.5529940362617,1.5));
#7415=CARTESIAN_POINT('Ctrl Pts',(-52.8406765210653,-13.5529940362617,-3.5));
#7416=CARTESIAN_POINT('Ctrl Pts',(-15.4312283255176,-18.7355077220446,1.49999999999999));
#7417=CARTESIAN_POINT('Ctrl Pts',(-19.4433384298186,-18.7354946324257,1.49999999999999));
#7418=CARTESIAN_POINT('Ctrl Pts',(-23.2169566668559,-18.6319904582063,1.49999999999999));
#7419=CARTESIAN_POINT('Ctrl Pts',(-26.7572697608067,-18.4219102075813,1.49999999999999));
#7420=CARTESIAN_POINT('Ctrl Pts',(-26.7584583733718,-18.4218396759591,1.49999999999999));
#7421=CARTESIAN_POINT('Ctrl Pts',(-26.7596469859356,-18.421769144337,1.49999999999999));
#7422=CARTESIAN_POINT('Ctrl Pts',(-26.7616280139021,-18.4216515912166,1.49999999999999));
#7423=CARTESIAN_POINT('Ctrl Pts',(-26.7624204293015,-18.4216045697184,1.49999999999999));
#7424=CARTESIAN_POINT('Ctrl Pts',(-26.763212844701,-18.4215575482202,1.49999999999999));
#7425=CARTESIAN_POINT('Ctrl Pts',(-15.4312274555103,-18.4688410553793,1.76666666666666));
#7426=CARTESIAN_POINT('Ctrl Pts',(-19.4387496814975,-18.4688295267855,1.76666666666666));
#7427=CARTESIAN_POINT('Ctrl Pts',(-23.2071757079206,-18.3654367590213,1.76666666666666));
#7428=CARTESIAN_POINT('Ctrl Pts',(-26.7414736919479,-18.1557117941381,1.76666666666666));
#7429=CARTESIAN_POINT('Ctrl Pts',(-26.7426623045123,-18.1556412625159,1.76666666666666));
#7430=CARTESIAN_POINT('Ctrl Pts',(-26.7438509170791,-18.1555707308936,1.76666666666666));
#7431=CARTESIAN_POINT('Ctrl Pts',(-26.745831945044,-18.1554531777732,1.76666666666666));
#7432=CARTESIAN_POINT('Ctrl Pts',(-26.7466243604441,-18.155406156275,1.76666666666666));
#7433=CARTESIAN_POINT('Ctrl Pts',(-26.7474167758433,-18.1553591347768,1.76666666666666));
#7434=CARTESIAN_POINT('Ctrl Pts',(-15.431226585503,-18.2021743887141,2.03333333333333));
#7435=CARTESIAN_POINT('Ctrl Pts',(-19.4341644637841,-18.2021597829628,2.03333333333333));
#7436=CARTESIAN_POINT('Ctrl Pts',(-23.1973983453858,-18.0988779036136,2.03333333333333));
#7437=CARTESIAN_POINT('Ctrl Pts',(-26.7256776230892,-17.8895133806948,2.03333333333333));
#7438=CARTESIAN_POINT('Ctrl Pts',(-26.7268662356562,-17.8894428490725,2.03333333333333));
#7439=CARTESIAN_POINT('Ctrl Pts',(-26.7280548482195,-17.8893723174504,2.03333333333333));
#7440=CARTESIAN_POINT('Ctrl Pts',(-26.7300358761872,-17.8892547643298,2.03333333333333));
#7441=CARTESIAN_POINT('Ctrl Pts',(-26.7308282915859,-17.8892077428317,2.03333333333333));
#7442=CARTESIAN_POINT('Ctrl Pts',(-26.7316207069857,-17.8891607213335,2.03333333333333));
#7443=CARTESIAN_POINT('Ctrl Pts',(-15.4312257154957,-17.9355077220488,2.3));
#7444=CARTESIAN_POINT('Ctrl Pts',(-19.429575715463,-17.9354946773227,2.3));
#7445=CARTESIAN_POINT('Ctrl Pts',(-23.1876173864505,-17.8323242044285,2.3));
#7446=CARTESIAN_POINT('Ctrl Pts',(-26.7098815542305,-17.6233149672515,2.3));
#7447=CARTESIAN_POINT('Ctrl Pts',(-26.7110701667967,-17.6232444356292,2.3));
#7448=CARTESIAN_POINT('Ctrl Pts',(-26.712258779363,-17.623173904007,2.3));
#7449=CARTESIAN_POINT('Ctrl Pts',(-26.7142398073291,-17.6230563508865,2.3));
#7450=CARTESIAN_POINT('Ctrl Pts',(-26.7150322227286,-17.6230093293883,2.3));
#7451=CARTESIAN_POINT('Ctrl Pts',(-26.715824638128,-17.6229623078901,2.3));
#7452=CARTESIAN_POINT('',(-15.4312257154958,-17.9355077220488,2.3));
#7453=CARTESIAN_POINT('',(-15.4312257154958,-17.9355077220488,2.3));
#7454=CARTESIAN_POINT('',(-26.7134473919309,-17.6231033723846,2.3));
#7455=CARTESIAN_POINT('Ctrl Pts',(-15.4312257154957,-17.9355077220488,2.3));
#7456=CARTESIAN_POINT('Ctrl Pts',(-19.429575715463,-17.9354946773227,2.3));
#7457=CARTESIAN_POINT('Ctrl Pts',(-23.1876173864505,-17.8323242044285,2.3));
#7458=CARTESIAN_POINT('Ctrl Pts',(-26.7098815542305,-17.6233149672515,2.3));
#7459=CARTESIAN_POINT('Ctrl Pts',(-26.7110701667967,-17.6232444356292,2.3));
#7460=CARTESIAN_POINT('Ctrl Pts',(-26.712258779363,-17.623173904007,2.3));
#7461=CARTESIAN_POINT('Ctrl Pts',(-26.7134473919297,-17.6231033723847,2.3));
#7462=CARTESIAN_POINT('',(-26.8067576158608,-19.1202049518412,0.8));
#7463=CARTESIAN_POINT('Ctrl Pts',(-54.4454827763945,-12.600482497062,1.49999069279376));
#7464=CARTESIAN_POINT('Ctrl Pts',(-54.448679258901,-12.5989187817727,1.49999069279376));
#7465=CARTESIAN_POINT('Ctrl Pts',(-54.451875741407,-12.5973550664837,1.49999069279376));
#7466=CARTESIAN_POINT('Ctrl Pts',(-54.4598669476739,-12.5934457782602,1.49999069279376));
#7467=CARTESIAN_POINT('Ctrl Pts',(-54.4646616714343,-12.591100205326,1.49999069279376));
#7468=CARTESIAN_POINT('Ctrl Pts',(-54.4694563951947,-12.5887546323917,1.49999069279376));
#7469=CARTESIAN_POINT('Ctrl Pts',(-55.1205446579215,-12.2702430594284,1.49999069279376));
#7470=CARTESIAN_POINT('Ctrl Pts',(-56.3814092580197,-11.60214452909,1.49999069279376));
#7471=CARTESIAN_POINT('Ctrl Pts',(-57.8510373989256,-10.6841578451997,1.49999069279376));
#7472=CARTESIAN_POINT('Ctrl Pts',(-59.2381375234505,-9.70023582340303,1.49999069279376));
#7473=CARTESIAN_POINT('Ctrl Pts',(-60.0200007015189,-9.06922204238688,1.49999069279376));
#7474=CARTESIAN_POINT('Ctrl Pts',(-60.5180117168268,-8.62955961841303,1.49999069279376));
#7475=CARTESIAN_POINT('Ctrl Pts',(-60.7170305363092,-8.45385849152943,1.49999069279376));
#7476=CARTESIAN_POINT('Ctrl Pts',(-60.914534943661,-8.27644197146775,1.50000336785368));
#7477=CARTESIAN_POINT('Ctrl Pts',(-61.4335297674929,-7.80178178945678,1.49985646409514));
#7478=CARTESIAN_POINT('Ctrl Pts',(-61.7521987469895,-7.50134225126206,1.49971557063732));
#7479=CARTESIAN_POINT('Ctrl Pts',(-62.529967044434,-6.74342512815324,1.4957826215018));
#7480=CARTESIAN_POINT('Ctrl Pts',(-63.209933411785,-6.04737385252344,1.48936981558704));
#7481=CARTESIAN_POINT('Ctrl Pts',(-64.0814560222288,-5.07954817669239,1.43599228651289));
#7482=CARTESIAN_POINT('Ctrl Pts',(-64.6105016247881,-4.45692335343527,1.36791240299729));
#7483=CARTESIAN_POINT('Ctrl Pts',(-65.0235846495643,-3.94732254935661,1.26518775150997));
#7484=CARTESIAN_POINT('Ctrl Pts',(-65.2265789826874,-3.68850421389646,1.18587625195613));
#7485=CARTESIAN_POINT('Ctrl Pts',(-65.3271464583689,-3.55804197391395,1.12666232330373));
#7486=CARTESIAN_POINT('Ctrl Pts',(-54.3282988064513,-12.3609398433998,1.76666046186251));
#7487=CARTESIAN_POINT('Ctrl Pts',(-54.331495288958,-12.3593761281105,1.76666046186251));
#7488=CARTESIAN_POINT('Ctrl Pts',(-54.3346917714635,-12.3578124128217,1.76666046186251));
#7489=CARTESIAN_POINT('Ctrl Pts',(-54.3426829777313,-12.3539031245977,1.76666046186251));
#7490=CARTESIAN_POINT('Ctrl Pts',(-54.3474777014903,-12.3515575516641,1.76666046186251));
#7491=CARTESIAN_POINT('Ctrl Pts',(-54.3522724252515,-12.3492119787295,1.76666046186251));
#7492=CARTESIAN_POINT('Ctrl Pts',(-54.9982853088978,-12.0331837232655,1.76666046186251));
#7493=CARTESIAN_POINT('Ctrl Pts',(-56.2485616554285,-11.3706622146976,1.76666046186251));
#7494=CARTESIAN_POINT('Ctrl Pts',(-57.7040375826266,-10.4614685866931,1.76666046186251));
#7495=CARTESIAN_POINT('Ctrl Pts',(-59.0765297116559,-9.48789544646269,1.76666046186251));
#7496=CARTESIAN_POINT('Ctrl Pts',(-59.8494529263799,-8.86406559021889,1.76666046186251));
#7497=CARTESIAN_POINT('Ctrl Pts',(-60.3415228539077,-8.42964852067027,1.76666046186251));
#7498=CARTESIAN_POINT('Ctrl Pts',(-60.5405408978017,-8.25394651526823,1.76664108062703));
#7499=CARTESIAN_POINT('Ctrl Pts',(-60.7374702809481,-8.07587865824262,1.76670319471259));
#7500=CARTESIAN_POINT('Ctrl Pts',(-61.2533487611562,-7.5976885556209,1.76642847224556));
#7501=CARTESIAN_POINT('Ctrl Pts',(-61.5684117085537,-7.29316442067875,1.76636079440354));
#7502=CARTESIAN_POINT('Ctrl Pts',(-62.3326988622649,-6.51997704086378,1.76068949442766));
#7503=CARTESIAN_POINT('Ctrl Pts',(-62.9945721842997,-5.80343155109022,1.75188766995677));
#7504=CARTESIAN_POINT('Ctrl Pts',(-63.8285923517962,-4.79312639857363,1.67822044484201));
#7505=CARTESIAN_POINT('Ctrl Pts',(-64.3282341260199,-4.13719549864289,1.58394573636821));
#7506=CARTESIAN_POINT('Ctrl Pts',(-64.7139280076663,-3.59657067651156,1.44247253312265));
#7507=CARTESIAN_POINT('Ctrl Pts',(-64.9018743845453,-3.3207073366143,1.33238728428834));
#7508=CARTESIAN_POINT('Ctrl Pts',(-64.9945649719888,-3.1813228488003,1.25110821553581));
#7509=CARTESIAN_POINT('Ctrl Pts',(-54.2111148365081,-12.1213971897376,2.03333023093125));
#7510=CARTESIAN_POINT('Ctrl Pts',(-54.2143113190144,-12.1198334744484,2.03333023093125));
#7511=CARTESIAN_POINT('Ctrl Pts',(-54.2175078015213,-12.1182697591589,2.03333023093125));
#7512=CARTESIAN_POINT('Ctrl Pts',(-54.225499007787,-12.114360470936,2.03333023093125));
#7513=CARTESIAN_POINT('Ctrl Pts',(-54.2302937315487,-12.1120148980011,2.03333023093125));
#7514=CARTESIAN_POINT('Ctrl Pts',(-54.2350884553083,-12.1096693250673,2.03333023093125));
#7515=CARTESIAN_POINT('Ctrl Pts',(-54.8760253968215,-11.7961233175585,2.03333023093125));
#7516=CARTESIAN_POINT('Ctrl Pts',(-56.1157139141307,-11.1391800819344,2.03333023093125));
#7517=CARTESIAN_POINT('Ctrl Pts',(-57.5570358277743,-10.2387807567211,2.03333023093125));
#7518=CARTESIAN_POINT('Ctrl Pts',(-58.914922943201,-9.27555441625185,2.03333023093125));
#7519=CARTESIAN_POINT('Ctrl Pts',(-59.6789001231917,-8.65891460847185,2.03333023093125));
#7520=CARTESIAN_POINT('Ctrl Pts',(-60.1650339909886,-8.2297374229275,2.03333023093125));
#7521=CARTESIAN_POINT('Ctrl Pts',(-60.3640535860594,-8.05403717456235,2.03334961216673));
#7522=CARTESIAN_POINT('Ctrl Pts',(-60.5604022177476,-7.87531149324353,2.03332733434491));
#7523=CARTESIAN_POINT('Ctrl Pts',(-61.0731729217907,-7.39360117447665,2.03314035509955));
#7524=CARTESIAN_POINT('Ctrl Pts',(-61.3846136900452,-7.08497415283264,2.03276522091696));
#7525=CARTESIAN_POINT('Ctrl Pts',(-62.1354479291756,-6.2965484918185,2.02607571155287));
#7526=CARTESIAN_POINT('Ctrl Pts',(-62.7792126740334,-5.55949119477193,2.01472282043626));
#7527=CARTESIAN_POINT('Ctrl Pts',(-63.575730451039,-4.50670662498778,1.92063057620896));
#7528=CARTESIAN_POINT('Ctrl Pts',(-64.0459697835894,-3.81747121907291,1.80093799677065));
#7529=CARTESIAN_POINT('Ctrl Pts',(-64.4042696323617,-3.24581684021552,1.61955936852882));
#7530=CARTESIAN_POINT('Ctrl Pts',(-64.5771717419368,-2.95291267438899,1.48037764475014));
#7531=CARTESIAN_POINT('Ctrl Pts',(-64.6619834856087,-2.80460372368665,1.37555410776788));
#7532=CARTESIAN_POINT('Ctrl Pts',(-54.0939308665649,-11.8818545360754,2.3));
#7533=CARTESIAN_POINT('Ctrl Pts',(-54.0971273490713,-11.8802908207862,2.3));
#7534=CARTESIAN_POINT('Ctrl Pts',(-54.1003238315778,-11.8787271054969,2.3));
#7535=CARTESIAN_POINT('Ctrl Pts',(-54.1083150378445,-11.8748178172735,2.3));
#7536=CARTESIAN_POINT('Ctrl Pts',(-54.1131097616048,-11.8724722443393,2.3));
#7537=CARTESIAN_POINT('Ctrl Pts',(-54.117904485365,-11.8701266714051,2.3));
#7538=CARTESIAN_POINT('Ctrl Pts',(-54.7537660477978,-11.5590639813956,2.3));
#7539=CARTESIAN_POINT('Ctrl Pts',(-55.9828663115395,-10.907697767542,2.3));
#7540=CARTESIAN_POINT('Ctrl Pts',(-57.4100360114752,-10.0160914982146,2.3));
#7541=CARTESIAN_POINT('Ctrl Pts',(-58.7533151314064,-9.0632140393115,2.3));
#7542=CARTESIAN_POINT('Ctrl Pts',(-59.5083523480527,-8.45375815630386,2.3));
#7543=CARTESIAN_POINT('Ctrl Pts',(-59.9885451280696,-8.02982632518474,2.3));
#7544=CARTESIAN_POINT('Ctrl Pts',(-60.187563947552,-7.85412519830115,2.3));
#7545=CARTESIAN_POINT('Ctrl Pts',(-60.3833375550347,-7.6747481800184,2.30002716120382));
#7546=CARTESIAN_POINT('Ctrl Pts',(-60.892991915454,-7.18950794064077,2.29971236324997));
#7547=CARTESIAN_POINT('Ctrl Pts',(-61.2008266516093,-6.87679632224933,2.29941044468318));
#7548=CARTESIAN_POINT('Ctrl Pts',(-61.9381797470065,-6.07310040452904,2.29098258447874));
#7549=CARTESIAN_POINT('Ctrl Pts',(-62.5638514465482,-5.31554889333871,2.27724067480599));
#7550=CARTESIAN_POINT('Ctrl Pts',(-63.3228667806064,-4.22028484686902,2.16285873453808));
#7551=CARTESIAN_POINT('Ctrl Pts',(-63.7637022848212,-3.49774336428053,2.01697133014157));
#7552=CARTESIAN_POINT('Ctrl Pts',(-64.0946129904638,-2.89506496737047,1.7968441501415));
#7553=CARTESIAN_POINT('Ctrl Pts',(-64.2524671437947,-2.58511579710684,1.62688867708236));
#7554=CARTESIAN_POINT('Ctrl Pts',(-64.3294019992286,-2.427884598573,1.49999999999996));
#7555=CARTESIAN_POINT('',(-54.1035203140843,-11.8771633902076,2.3));
#7556=CARTESIAN_POINT('Ctrl Pts',(-54.1035203140843,-11.8771633902076,2.3));
#7557=CARTESIAN_POINT('Ctrl Pts',(-54.2103823278183,-12.103198045761,2.04999994769126));
#7558=CARTESIAN_POINT('Ctrl Pts',(-54.3172443415535,-12.3292327013137,1.7999998953825));
#7559=CARTESIAN_POINT('Ctrl Pts',(-54.4312304657295,-12.5703362835481,1.53333322861487));
#7560=CARTESIAN_POINT('Ctrl Pts',(-54.4383545761266,-12.5854052101334,1.51666661426164));
#7561=CARTESIAN_POINT('Ctrl Pts',(-54.4454786864845,-12.600474136636,1.5));
#7562=CARTESIAN_POINT('Ctrl Pts',(-54.1035203140843,-11.8771633902076,2.3));
#7563=CARTESIAN_POINT('Ctrl Pts',(-54.1083150378445,-11.8748178172735,2.3));
#7564=CARTESIAN_POINT('Ctrl Pts',(-54.1131097616048,-11.8724722443393,2.3));
#7565=CARTESIAN_POINT('Ctrl Pts',(-54.117904485365,-11.8701266714051,2.3));
#7566=CARTESIAN_POINT('Ctrl Pts',(-54.7537660477978,-11.5590639813956,2.3));
#7567=CARTESIAN_POINT('Ctrl Pts',(-55.9828663115395,-10.907697767542,2.3));
#7568=CARTESIAN_POINT('Ctrl Pts',(-57.4100360114752,-10.0160914982146,2.3));
#7569=CARTESIAN_POINT('Ctrl Pts',(-58.7533151314064,-9.0632140393115,2.3));
#7570=CARTESIAN_POINT('Ctrl Pts',(-59.5083523480527,-8.45375815630386,2.3));
#7571=CARTESIAN_POINT('Ctrl Pts',(-59.9885451280696,-8.02982632518474,2.3));
#7572=CARTESIAN_POINT('Ctrl Pts',(-60.187563947552,-7.85412519830115,2.3));
#7573=CARTESIAN_POINT('Ctrl Pts',(-60.3833375550347,-7.6747481800184,2.30002716120382));
#7574=CARTESIAN_POINT('Ctrl Pts',(-60.892991915454,-7.18950794064077,2.29971236324997));
#7575=CARTESIAN_POINT('Ctrl Pts',(-61.2008266516093,-6.87679632224933,2.29941044468318));
#7576=CARTESIAN_POINT('Ctrl Pts',(-61.9381797470065,-6.07310040452904,2.29098258447874));
#7577=CARTESIAN_POINT('Ctrl Pts',(-62.5638514465482,-5.31554889333871,2.27724067480599));
#7578=CARTESIAN_POINT('Ctrl Pts',(-63.3228667806064,-4.22028484686902,2.16285873453808));
#7579=CARTESIAN_POINT('Ctrl Pts',(-63.7637022848212,-3.49774336428053,2.01697133014157));
#7580=CARTESIAN_POINT('Ctrl Pts',(-64.0946129904638,-2.89506496737047,1.7968441501415));
#7581=CARTESIAN_POINT('Ctrl Pts',(-64.2524671437947,-2.58511579710684,1.62688867708236));
#7582=CARTESIAN_POINT('Ctrl Pts',(-64.3294019992286,-2.427884598573,1.49999999999996));
#7583=CARTESIAN_POINT('Origin',(-12.4213977819474,-19.3082024328286,1.55));
#7584=CARTESIAN_POINT('',(-28.516836389721,-17.5053130363633,2.3));
#7585=CARTESIAN_POINT('',(-12.372514867984,-18.5597971544383,2.3));
#7586=CARTESIAN_POINT('Ctrl Pts',(-28.571412632338,-18.3034529899039,1.5));
#7587=CARTESIAN_POINT('Ctrl Pts',(-28.5532205514656,-18.0374063387237,1.76666666666667));
#7588=CARTESIAN_POINT('Ctrl Pts',(-28.5350284705929,-17.7713596875435,2.03333333333333));
#7589=CARTESIAN_POINT('Ctrl Pts',(-28.516836389721,-17.5053130363633,2.3));
#7590=CARTESIAN_POINT('Origin',(-37.4885274949503,-20.2871006170309,1.55));
#7591=CARTESIAN_POINT('',(-52.4369501038606,-12.6380256775593,2.3));
#7592=CARTESIAN_POINT('Ctrl Pts',(-52.4369501038606,-12.6380256775593,2.3));
#7593=CARTESIAN_POINT('Ctrl Pts',(-52.5378816896887,-12.8667677253665,2.05000004575887));
#7594=CARTESIAN_POINT('Ctrl Pts',(-52.6388132755168,-13.0955097731738,1.80000009151775));
#7595=CARTESIAN_POINT('Ctrl Pts',(-52.746473653473,-13.3395013355705,1.53333342476739));
#7596=CARTESIAN_POINT('Ctrl Pts',(-52.7532024455656,-13.3547508500799,1.51666671234574));
#7597=CARTESIAN_POINT('Ctrl Pts',(-52.7599312376276,-13.3700003645198,1.5));
#7598=CARTESIAN_POINT('',(-37.1770457805913,-19.6048402989558,2.3));
#7599=CARTESIAN_POINT('Ctrl Pts',(-28.5714126349264,-18.3034530261343,1.49999996367724));
#7600=CARTESIAN_POINT('Ctrl Pts',(-28.5722237707221,-18.3033950755927,1.49999996367724));
#7601=CARTESIAN_POINT('Ctrl Pts',(-28.5730349065156,-18.3033371250512,1.49999996367724));
#7602=CARTESIAN_POINT('Ctrl Pts',(-28.5750627573202,-18.3031922478886,1.49999996367724));
#7603=CARTESIAN_POINT('Ctrl Pts',(-28.5762794723246,-18.3031053212681,1.49999996367724));
#7604=CARTESIAN_POINT('Ctrl Pts',(-28.5774961873314,-18.3030183946474,1.49999996367724));
#7605=CARTESIAN_POINT('Ctrl Pts',(-31.5247299924355,-18.0924571097648,1.49999996367724));
#7606=CARTESIAN_POINT('Ctrl Pts',(-34.3034339557391,-17.8041028574262,1.49999996367724));
#7607=CARTESIAN_POINT('Ctrl Pts',(-36.9172785482012,-17.4351814242207,1.49999996367724));
#7608=CARTESIAN_POINT('Ctrl Pts',(-41.5394344411212,-16.7828043160204,1.49999996367724));
#7609=CARTESIAN_POINT('Ctrl Pts',(-45.6474500988337,-15.8807704903887,1.49999996367724));
#7610=CARTESIAN_POINT('Ctrl Pts',(-49.2717786165494,-14.6815525790675,1.49999996367724));
#7611=CARTESIAN_POINT('Ctrl Pts',(-50.4796118773339,-14.2819046792863,1.49999996367724));
#7612=CARTESIAN_POINT('Ctrl Pts',(-51.6346501718387,-13.8495049069643,1.49999996367724));
#7613=CARTESIAN_POINT('Ctrl Pts',(-52.7365044194912,-13.3799830342345,1.49999996367724));
#7614=CARTESIAN_POINT('Ctrl Pts',(-52.7411897859651,-13.3779865069752,1.49999996367724));
#7615=CARTESIAN_POINT('Ctrl Pts',(-52.74587515244,-13.3759899797154,1.49999996367724));
#7616=CARTESIAN_POINT('Ctrl Pts',(-52.7536840965648,-13.3726624342825,1.49999996367724));
#7617=CARTESIAN_POINT('Ctrl Pts',(-52.7568076742158,-13.3713314161089,1.49999996367724));
#7618=CARTESIAN_POINT('Ctrl Pts',(-52.7599312518666,-13.3700003979353,1.49999996367724));
#7619=CARTESIAN_POINT('Ctrl Pts',(-28.5524094173955,-18.037464313419,1.76666664245149));
#7620=CARTESIAN_POINT('Ctrl Pts',(-28.5532205531907,-18.0374063628773,1.76666664245149));
#7621=CARTESIAN_POINT('Ctrl Pts',(-28.5540316889852,-18.0373484123358,1.76666664245149));
#7622=CARTESIAN_POINT('Ctrl Pts',(-28.5560595397896,-18.0372035351733,1.76666664245149));
#7623=CARTESIAN_POINT('Ctrl Pts',(-28.5572762547914,-18.0371166085529,1.76666664245149));
#7624=CARTESIAN_POINT('Ctrl Pts',(-28.5584929698002,-18.037029681932,1.76666664245149));
#7625=CARTESIAN_POINT('Ctrl Pts',(-31.5003473540253,-17.8268544136175,1.76666664245149));
#7626=CARTESIAN_POINT('Ctrl Pts',(-34.2730233166648,-17.5390871709684,1.76666664245149));
#7627=CARTESIAN_POINT('Ctrl Pts',(-36.880010243501,-17.1711318246503,1.76666664245149));
#7628=CARTESIAN_POINT('Ctrl Pts',(-41.4901360107757,-16.5204895766927,1.76666664245149));
#7629=CARTESIAN_POINT('Ctrl Pts',(-45.5829308766419,-15.6212783647088,1.76666664245149));
#7630=CARTESIAN_POINT('Ctrl Pts',(-49.1880104033655,-14.4283846426529,1.76666664245149));
#7631=CARTESIAN_POINT('Ctrl Pts',(-50.3895179683953,-14.0308309062229,1.76666664245149));
#7632=CARTESIAN_POINT('Ctrl Pts',(-51.5376273306788,-13.6009817091801,1.76666664245149));
#7633=CARTESIAN_POINT('Ctrl Pts',(-52.6319676144725,-13.1346604426026,1.76666664245149));
#7634=CARTESIAN_POINT('Ctrl Pts',(-52.6366529809463,-13.1326639153434,1.76666664245149));
#7635=CARTESIAN_POINT('Ctrl Pts',(-52.6413383474216,-13.1306673880834,1.76666664245149));
#7636=CARTESIAN_POINT('Ctrl Pts',(-52.6491472915456,-13.1273398426508,1.76666664245149));
#7637=CARTESIAN_POINT('Ctrl Pts',(-52.652270869197,-13.126008824477,1.76666664245149));
#7638=CARTESIAN_POINT('Ctrl Pts',(-52.6553944468477,-13.1246778063035,1.76666664245149));
#7639=CARTESIAN_POINT('Ctrl Pts',(-28.5334061998646,-17.7714756007036,2.03333332122575));
#7640=CARTESIAN_POINT('Ctrl Pts',(-28.5342173356608,-17.7714176501619,2.03333332122575));
#7641=CARTESIAN_POINT('Ctrl Pts',(-28.5350284714556,-17.7713596996204,2.03333332122575));
#7642=CARTESIAN_POINT('Ctrl Pts',(-28.5370563222561,-17.7712148224581,2.03333332122575));
#7643=CARTESIAN_POINT('Ctrl Pts',(-28.5382730372649,-17.7711278958372,2.03333332122575));
#7644=CARTESIAN_POINT('Ctrl Pts',(-28.5394897522691,-17.7710409692167,2.03333332122575));
#7645=CARTESIAN_POINT('Ctrl Pts',(-31.475966146088,-17.5612465427462,2.03333332122575));
#7646=CARTESIAN_POINT('Ctrl Pts',(-34.2426138894795,-17.274065874527,2.03333332122575));
#7647=CARTESIAN_POINT('Ctrl Pts',(-36.8427419388008,-16.90708222508,2.03333332122575));
#7648=CARTESIAN_POINT('Ctrl Pts',(-41.440774937757,-16.258072940954,2.03333332122575));
#7649=CARTESIAN_POINT('Ctrl Pts',(-45.5183175028146,-15.3616826398457,2.03333332122575));
#7650=CARTESIAN_POINT('Ctrl Pts',(-49.1042421901815,-14.1752167062382,2.03333332122575));
#7651=CARTESIAN_POINT('Ctrl Pts',(-50.2994197106367,-13.7797552211558,2.03333332122575));
#7652=CARTESIAN_POINT('Ctrl Pts',(-51.440599685636,-13.3524568313482,2.03333332122575));
#7653=CARTESIAN_POINT('Ctrl Pts',(-52.5274308094537,-12.8893378509708,2.03333332122575));
#7654=CARTESIAN_POINT('Ctrl Pts',(-52.5321161759278,-12.8873413237114,2.03333332122575));
#7655=CARTESIAN_POINT('Ctrl Pts',(-52.5368015424014,-12.8853447964522,2.03333332122574));
#7656=CARTESIAN_POINT('Ctrl Pts',(-52.5446104865273,-12.8820172510188,2.03333332122575));
#7657=CARTESIAN_POINT('Ctrl Pts',(-52.5477340641778,-12.8806862328454,2.03333332122575));
#7658=CARTESIAN_POINT('Ctrl Pts',(-52.5508576418288,-12.8793552146718,2.03333332122575));
#7659=CARTESIAN_POINT('Ctrl Pts',(-28.5144029823338,-17.5054868879883,2.3));
#7660=CARTESIAN_POINT('Ctrl Pts',(-28.5152141181295,-17.5054289374466,2.3));
#7661=CARTESIAN_POINT('Ctrl Pts',(-28.5160252539252,-17.505370986905,2.3));
#7662=CARTESIAN_POINT('Ctrl Pts',(-28.5180531047255,-17.5052261097428,2.3));
#7663=CARTESIAN_POINT('Ctrl Pts',(-28.5192698197317,-17.5051391831221,2.3));
#7664=CARTESIAN_POINT('Ctrl Pts',(-28.5204865347379,-17.5050522565014,2.3));
#7665=CARTESIAN_POINT('Ctrl Pts',(-31.4515835076778,-17.295643846599,2.3));
#7666=CARTESIAN_POINT('Ctrl Pts',(-34.2122032504052,-17.0090501880691,2.3));
#7667=CARTESIAN_POINT('Ctrl Pts',(-36.8054736341006,-16.6430326255096,2.3));
#7668=CARTESIAN_POINT('Ctrl Pts',(-41.3914765074116,-15.9957582016263,2.3));
#7669=CARTESIAN_POINT('Ctrl Pts',(-45.4537982806228,-15.1021905141658,2.3));
#7670=CARTESIAN_POINT('Ctrl Pts',(-49.0204739769976,-13.9220487698235,2.3));
#7671=CARTESIAN_POINT('Ctrl Pts',(-50.209325801698,-13.5286814480924,2.3));
#7672=CARTESIAN_POINT('Ctrl Pts',(-51.343576844476,-13.103933633564,2.3));
#7673=CARTESIAN_POINT('Ctrl Pts',(-52.422894004435,-12.6440152593389,2.3));
#7674=CARTESIAN_POINT('Ctrl Pts',(-52.427579370909,-12.6420187320796,2.3));
#7675=CARTESIAN_POINT('Ctrl Pts',(-52.4322647373831,-12.6400222048202,2.3));
#7676=CARTESIAN_POINT('Ctrl Pts',(-52.4400736815081,-12.6366946593871,2.3));
#7677=CARTESIAN_POINT('Ctrl Pts',(-52.443197259159,-12.6353636412136,2.3));
#7678=CARTESIAN_POINT('Ctrl Pts',(-52.4463208368099,-12.63403262304,2.3));
#7679=CARTESIAN_POINT('Ctrl Pts',(-28.516836389721,-17.5053130363633,2.3));
#7680=CARTESIAN_POINT('Ctrl Pts',(-28.5180531047255,-17.5052261097428,2.3));
#7681=CARTESIAN_POINT('Ctrl Pts',(-28.5192698197317,-17.5051391831221,2.3));
#7682=CARTESIAN_POINT('Ctrl Pts',(-28.5204865347379,-17.5050522565014,2.3));
#7683=CARTESIAN_POINT('Ctrl Pts',(-31.4515835076778,-17.295643846599,2.3));
#7684=CARTESIAN_POINT('Ctrl Pts',(-34.2122032504052,-17.0090501880691,2.3));
#7685=CARTESIAN_POINT('Ctrl Pts',(-36.8054736341006,-16.6430326255096,2.3));
#7686=CARTESIAN_POINT('Ctrl Pts',(-41.3914765074116,-15.9957582016263,2.3));
#7687=CARTESIAN_POINT('Ctrl Pts',(-45.4537982806228,-15.1021905141658,2.3));
#7688=CARTESIAN_POINT('Ctrl Pts',(-49.0204739769976,-13.9220487698235,2.3));
#7689=CARTESIAN_POINT('Ctrl Pts',(-50.209325801698,-13.5286814480924,2.3));
#7690=CARTESIAN_POINT('Ctrl Pts',(-51.343576844476,-13.103933633564,2.3));
#7691=CARTESIAN_POINT('Ctrl Pts',(-52.422894004435,-12.6440152593389,2.3));
#7692=CARTESIAN_POINT('Ctrl Pts',(-52.427579370909,-12.6420187320796,2.3));
#7693=CARTESIAN_POINT('Ctrl Pts',(-52.4322647373831,-12.6400222048202,2.3));
#7694=CARTESIAN_POINT('Ctrl Pts',(-52.4369501038573,-12.6380256775607,2.3));
#7695=CARTESIAN_POINT('Ctrl Pts',(27.2972571146154,21.0287199582503,1.5));
#7696=CARTESIAN_POINT('Ctrl Pts',(27.2972571146154,21.0287199582503,0.8));
#7697=CARTESIAN_POINT('Ctrl Pts',(26.7346175300685,22.3809536498103,1.5));
#7698=CARTESIAN_POINT('Ctrl Pts',(26.7346175300685,22.3809536498103,0.8));
#7699=CARTESIAN_POINT('Ctrl Pts',(26.3454456688964,23.7216484780965,1.5));
#7700=CARTESIAN_POINT('Ctrl Pts',(26.3454456688964,23.7216484780965,0.8));
#7701=CARTESIAN_POINT('Ctrl Pts',(26.1427706378486,25.0285207920093,1.5));
#7702=CARTESIAN_POINT('Ctrl Pts',(26.1427706378486,25.0285207920093,0.8));
#7703=CARTESIAN_POINT('Ctrl Pts',(25.824666532633,27.0796932817773,1.5));
#7704=CARTESIAN_POINT('Ctrl Pts',(25.824666532633,27.0796932817773,0.8));
#7705=CARTESIAN_POINT('Ctrl Pts',(26.0061993078533,29.0486995298793,1.5));
#7706=CARTESIAN_POINT('Ctrl Pts',(26.0061993078533,29.0486995298793,0.8));
#7707=CARTESIAN_POINT('Ctrl Pts',(26.5720845629676,30.7749263837158,1.5));
#7708=CARTESIAN_POINT('Ctrl Pts',(26.5720845629676,30.7749263837158,0.8));
#7709=CARTESIAN_POINT('Ctrl Pts',(27.2212103467187,32.7550775703769,1.5));
#7710=CARTESIAN_POINT('Ctrl Pts',(27.2212103467187,32.7550775703769,0.8));
#7711=CARTESIAN_POINT('Ctrl Pts',(28.2819585124645,34.3816692567102,1.5));
#7712=CARTESIAN_POINT('Ctrl Pts',(28.2819585124645,34.3816692567102,0.8));
#7713=CARTESIAN_POINT('Ctrl Pts',(29.269007352102,36.0325765090257,1.5));
#7714=CARTESIAN_POINT('Ctrl Pts',(29.269007352102,36.0325765090257,0.8));
#7715=CARTESIAN_POINT('Ctrl Pts',(30.2246903436578,37.6310222173997,1.5));
#7716=CARTESIAN_POINT('Ctrl Pts',(30.2246903436578,37.6310222173997,0.8));
#7717=CARTESIAN_POINT('Ctrl Pts',(31.1407475211685,39.3147441629266,1.5));
#7718=CARTESIAN_POINT('Ctrl Pts',(31.1407475211685,39.3147441629266,0.8));
#7719=CARTESIAN_POINT('Ctrl Pts',(31.8430942317547,41.1749808016382,1.5));
#7720=CARTESIAN_POINT('Ctrl Pts',(31.8430942317547,41.1749808016382,0.8));
#7721=CARTESIAN_POINT('Ctrl Pts',(32.749096440025,43.5746197223806,1.5));
#7722=CARTESIAN_POINT('Ctrl Pts',(32.749096440025,43.5746197223806,0.8));
#7723=CARTESIAN_POINT('Ctrl Pts',(33.2741044367203,46.1729230219945,1.5));
#7724=CARTESIAN_POINT('Ctrl Pts',(33.2741044367203,46.1729230219945,0.8));
#7725=CARTESIAN_POINT('Ctrl Pts',(33.2741044367203,48.5740230815256,1.5));
#7726=CARTESIAN_POINT('Ctrl Pts',(33.2741044367203,48.5740230815256,0.8));
#7727=CARTESIAN_POINT('',(26.0293855534211,25.9886473210037,0.8));
#7728=CARTESIAN_POINT('',(26.0293855534211,25.9886473210037,1.5));
#7729=CARTESIAN_POINT('Ctrl Pts',(26.0293855534211,25.9886473210037,0.8));
#7730=CARTESIAN_POINT('Ctrl Pts',(26.0293855534211,25.9886473210037,0.916666666666667));
#7731=CARTESIAN_POINT('Ctrl Pts',(26.0293855534211,25.9886473210037,1.03333333333333));
#7732=CARTESIAN_POINT('Ctrl Pts',(26.0293855534211,25.9886473210037,1.26666666666667));
#7733=CARTESIAN_POINT('Ctrl Pts',(26.0293855534211,25.9886473210037,1.38333333333333));
#7734=CARTESIAN_POINT('Ctrl Pts',(26.0293855534211,25.9886473210037,1.5));
#7735=CARTESIAN_POINT('Ctrl Pts',(26.9825310965086,21.8332044333345,0.8));
#7736=CARTESIAN_POINT('Ctrl Pts',(26.5873309002018,22.9123836666644,0.8));
#7737=CARTESIAN_POINT('Ctrl Pts',(26.3051761714132,23.9813109095459,0.8));
#7738=CARTESIAN_POINT('Ctrl Pts',(26.1427706378486,25.0285207920093,0.8));
#7739=CARTESIAN_POINT('Ctrl Pts',(26.0927904311199,25.3507990128622,0.8));
#7740=CARTESIAN_POINT('Ctrl Pts',(26.0551444542244,25.6710488460022,0.8));
#7741=CARTESIAN_POINT('Ctrl Pts',(26.0293855534211,25.9886473210037,0.8));
#7742=CARTESIAN_POINT('',(27.2972571146154,21.0287199582503,1.5));
#7743=CARTESIAN_POINT('',(27.2972571146154,21.0287199582503,1.5));
#7744=CARTESIAN_POINT('Ctrl Pts',(27.2972571146154,21.0287199582503,1.5));
#7745=CARTESIAN_POINT('Ctrl Pts',(26.7346175300685,22.3809536498103,1.5));
#7746=CARTESIAN_POINT('Ctrl Pts',(26.3454456688964,23.7216484780965,1.5));
#7747=CARTESIAN_POINT('Ctrl Pts',(26.1427706378486,25.0285207920093,1.5));
#7748=CARTESIAN_POINT('Ctrl Pts',(26.0927904311199,25.3507990128622,1.5));
#7749=CARTESIAN_POINT('Ctrl Pts',(26.0551444542244,25.6710488460022,1.5));
#7750=CARTESIAN_POINT('Ctrl Pts',(26.0293855534211,25.9886473210037,1.5));
#7751=CARTESIAN_POINT('Ctrl Pts',(27.2972571146154,21.0287199582503,1.5));
#7752=CARTESIAN_POINT('Ctrl Pts',(27.2972571146154,21.0287199582503,0.8));
#7753=CARTESIAN_POINT('Ctrl Pts',(26.7346175300685,22.3809536498103,1.5));
#7754=CARTESIAN_POINT('Ctrl Pts',(26.7346175300685,22.3809536498103,0.8));
#7755=CARTESIAN_POINT('Ctrl Pts',(26.3454456688964,23.7216484780965,1.5));
#7756=CARTESIAN_POINT('Ctrl Pts',(26.3454456688964,23.7216484780965,0.8));
#7757=CARTESIAN_POINT('Ctrl Pts',(26.1427706378486,25.0285207920093,1.5));
#7758=CARTESIAN_POINT('Ctrl Pts',(26.1427706378486,25.0285207920093,0.8));
#7759=CARTESIAN_POINT('Ctrl Pts',(25.824666532633,27.0796932817773,1.5));
#7760=CARTESIAN_POINT('Ctrl Pts',(25.824666532633,27.0796932817773,0.8));
#7761=CARTESIAN_POINT('Ctrl Pts',(26.0061993078533,29.0486995298793,1.5));
#7762=CARTESIAN_POINT('Ctrl Pts',(26.0061993078533,29.0486995298793,0.8));
#7763=CARTESIAN_POINT('Ctrl Pts',(26.5720845629676,30.7749263837158,1.5));
#7764=CARTESIAN_POINT('Ctrl Pts',(26.5720845629676,30.7749263837158,0.8));
#7765=CARTESIAN_POINT('Ctrl Pts',(27.2212103467187,32.7550775703769,1.5));
#7766=CARTESIAN_POINT('Ctrl Pts',(27.2212103467187,32.7550775703769,0.8));
#7767=CARTESIAN_POINT('Ctrl Pts',(28.2819585124645,34.3816692567102,1.5));
#7768=CARTESIAN_POINT('Ctrl Pts',(28.2819585124645,34.3816692567102,0.8));
#7769=CARTESIAN_POINT('Ctrl Pts',(29.269007352102,36.0325765090257,1.5));
#7770=CARTESIAN_POINT('Ctrl Pts',(29.269007352102,36.0325765090257,0.8));
#7771=CARTESIAN_POINT('Ctrl Pts',(30.2246903436578,37.6310222173997,1.5));
#7772=CARTESIAN_POINT('Ctrl Pts',(30.2246903436578,37.6310222173997,0.8));
#7773=CARTESIAN_POINT('Ctrl Pts',(31.1407475211685,39.3147441629266,1.5));
#7774=CARTESIAN_POINT('Ctrl Pts',(31.1407475211685,39.3147441629266,0.8));
#7775=CARTESIAN_POINT('Ctrl Pts',(31.8430942317547,41.1749808016382,1.5));
#7776=CARTESIAN_POINT('Ctrl Pts',(31.8430942317547,41.1749808016382,0.8));
#7777=CARTESIAN_POINT('Ctrl Pts',(32.749096440025,43.5746197223806,1.5));
#7778=CARTESIAN_POINT('Ctrl Pts',(32.749096440025,43.5746197223806,0.8));
#7779=CARTESIAN_POINT('Ctrl Pts',(33.2741044367203,46.1729230219945,1.5));
#7780=CARTESIAN_POINT('Ctrl Pts',(33.2741044367203,46.1729230219945,0.8));
#7781=CARTESIAN_POINT('Ctrl Pts',(33.2741044367203,48.5740230815256,1.5));
#7782=CARTESIAN_POINT('Ctrl Pts',(33.2741044367203,48.5740230815256,0.8));
#7783=CARTESIAN_POINT('',(29.7741044367203,36.8939138082594,1.5));
#7784=CARTESIAN_POINT('Ctrl Pts',(29.7741044367203,36.8939138082594,0.8));
#7785=CARTESIAN_POINT('Ctrl Pts',(29.7741044367203,36.8939138082594,0.916666666666667));
#7786=CARTESIAN_POINT('Ctrl Pts',(29.7741044367203,36.8939138082594,1.03333333333333));
#7787=CARTESIAN_POINT('Ctrl Pts',(29.7741044367203,36.8939138082594,1.26666666666667));
#7788=CARTESIAN_POINT('Ctrl Pts',(29.7741044367203,36.8939138082594,1.38333333333333));
#7789=CARTESIAN_POINT('Ctrl Pts',(29.7741044367203,36.8939138082594,1.5));
#7790=CARTESIAN_POINT('',(26.0232157317887,27.9886473411436,1.5));
#7791=CARTESIAN_POINT('Ctrl Pts',(26.0232157317887,27.9886473411436,1.5));
#7792=CARTESIAN_POINT('Ctrl Pts',(26.0232157317887,27.9886473411436,1.38333333333333));
#7793=CARTESIAN_POINT('Ctrl Pts',(26.0232157317887,27.9886473411436,1.26666666666667));
#7794=CARTESIAN_POINT('Ctrl Pts',(26.0232157317887,27.9886473411436,1.03333333333333));
#7795=CARTESIAN_POINT('Ctrl Pts',(26.0232157317887,27.9886473411436,0.916666666666667));
#7796=CARTESIAN_POINT('Ctrl Pts',(26.0232157317887,27.9886473411436,0.8));
#7797=CARTESIAN_POINT('Ctrl Pts',(26.0232157317887,27.9886473411436,1.5));
#7798=CARTESIAN_POINT('Ctrl Pts',(26.0977918793219,28.9657006870796,1.5));
#7799=CARTESIAN_POINT('Ctrl Pts',(26.2857276717144,29.901397782299,1.5));
#7800=CARTESIAN_POINT('Ctrl Pts',(26.5720845629676,30.7749263837158,1.5));
#7801=CARTESIAN_POINT('Ctrl Pts',(27.2212103467187,32.7550775703769,1.5));
#7802=CARTESIAN_POINT('Ctrl Pts',(28.2819585124645,34.3816692567102,1.5));
#7803=CARTESIAN_POINT('Ctrl Pts',(29.269007352102,36.0325765090257,1.5));
#7804=CARTESIAN_POINT('Ctrl Pts',(29.4389523989928,36.3168213195562,1.5));
#7805=CARTESIAN_POINT('Ctrl Pts',(29.6076443984645,36.6037627351014,1.5));
#7806=CARTESIAN_POINT('Ctrl Pts',(29.7741044367203,36.8939138082593,1.5));
#7807=CARTESIAN_POINT('Ctrl Pts',(32.3910625637504,16.3525399841309,1.5));
#7808=CARTESIAN_POINT('Ctrl Pts',(32.3910625637504,16.3525399841309,0.8));
#7809=CARTESIAN_POINT('Ctrl Pts',(32.0694110899984,16.7667608538617,1.5));
#7810=CARTESIAN_POINT('Ctrl Pts',(32.0694110899984,16.7667608538617,0.8));
#7811=CARTESIAN_POINT('Ctrl Pts',(31.7296521844472,17.1687155796173,1.5));
#7812=CARTESIAN_POINT('Ctrl Pts',(31.7296521844472,17.1687155796173,0.8));
#7813=CARTESIAN_POINT('Ctrl Pts',(31.3729582509467,17.5574943135068,1.5));
#7814=CARTESIAN_POINT('Ctrl Pts',(31.3729582509467,17.5574943135068,0.8));
#7815=CARTESIAN_POINT('Ctrl Pts',(31.061777582839,17.8966658406773,1.5));
#7816=CARTESIAN_POINT('Ctrl Pts',(31.061777582839,17.8966658406773,0.8));
#7817=CARTESIAN_POINT('Ctrl Pts',(30.7381472255448,18.2256899990614,1.5));
#7818=CARTESIAN_POINT('Ctrl Pts',(30.7381472255448,18.2256899990614,0.8));
#7819=CARTESIAN_POINT('Ctrl Pts',(30.4029875583371,18.5447898534351,1.5));
#7820=CARTESIAN_POINT('Ctrl Pts',(30.4029875583371,18.5447898534351,0.8));
#7821=CARTESIAN_POINT('Ctrl Pts',(29.4561783206031,19.4462309259775,1.5));
#7822=CARTESIAN_POINT('Ctrl Pts',(29.4561783206031,19.4462309259775,0.8));
#7823=CARTESIAN_POINT('Ctrl Pts',(28.4189042471595,20.2716834783385,1.5));
#7824=CARTESIAN_POINT('Ctrl Pts',(28.4189042471595,20.2716834783385,0.8));
#7825=CARTESIAN_POINT('Ctrl Pts',(27.2972571146157,21.0287199582501,1.5));
#7826=CARTESIAN_POINT('Ctrl Pts',(27.2972571146157,21.0287199582501,0.8));
#7827=CARTESIAN_POINT('',(29.7742307347337,19.1206768179756,1.5));
#7828=CARTESIAN_POINT('Ctrl Pts',(29.7742307347337,19.1206768179756,1.5));
#7829=CARTESIAN_POINT('Ctrl Pts',(29.7742307347337,19.1206768179756,1.43333325097744));
#7830=CARTESIAN_POINT('Ctrl Pts',(29.7742307347337,19.1206768179756,1.36666650195488));
#7831=CARTESIAN_POINT('Ctrl Pts',(29.7742307347337,19.1206768179756,1.29999975293233));
#7832=CARTESIAN_POINT('Ctrl Pts',(29.7742307347338,19.1206768179755,1.5));
#7833=CARTESIAN_POINT('Ctrl Pts',(29.0022663628974,19.8010728964932,1.5));
#7834=CARTESIAN_POINT('Ctrl Pts',(28.1756332852439,20.435875038527,1.5));
#7835=CARTESIAN_POINT('Ctrl Pts',(27.2972571146157,21.0287199582501,1.5));
#7836=CARTESIAN_POINT('Ctrl Pts',(32.3910625637504,16.3525399841309,6.5));
#7837=CARTESIAN_POINT('Ctrl Pts',(32.3910625637504,16.3525399841309,-3.5));
#7838=CARTESIAN_POINT('Ctrl Pts',(32.0080782100109,16.8457449747649,6.5));
#7839=CARTESIAN_POINT('Ctrl Pts',(32.0080782100109,16.8457449747649,-3.5));
#7840=CARTESIAN_POINT('Ctrl Pts',(31.2825672128688,17.8322581071411,6.5));
#7841=CARTESIAN_POINT('Ctrl Pts',(31.2825672128688,17.8322581071411,-3.5));
#7842=CARTESIAN_POINT('Ctrl Pts',(30.3156711840884,19.3123397711084,6.5));
#7843=CARTESIAN_POINT('Ctrl Pts',(30.3156711840884,19.3123397711084,-3.5));
#7844=CARTESIAN_POINT('Ctrl Pts',(29.2720096610073,21.2766573023486,6.5));
#7845=CARTESIAN_POINT('Ctrl Pts',(29.2720096610073,21.2766573023486,-3.5));
#7846=CARTESIAN_POINT('Ctrl Pts',(28.3895262716421,23.6649065933608,6.5));
#7847=CARTESIAN_POINT('Ctrl Pts',(28.3895262716421,23.6649065933608,-3.5));
#7848=CARTESIAN_POINT('Ctrl Pts',(27.9394673953403,25.9262580039335,6.5));
#7849=CARTESIAN_POINT('Ctrl Pts',(27.9394673953403,25.9262580039335,-3.5));
#7850=CARTESIAN_POINT('Ctrl Pts',(27.9191340893794,28.0145509424496,6.5));
#7851=CARTESIAN_POINT('Ctrl Pts',(27.9191340893794,28.0145509424496,-3.5));
#7852=CARTESIAN_POINT('Ctrl Pts',(28.3030813416614,29.9155445086437,6.5));
#7853=CARTESIAN_POINT('Ctrl Pts',(28.3030813416614,29.9155445086437,-3.5));
#7854=CARTESIAN_POINT('Ctrl Pts',(29.0265942330812,31.6754922544986,6.5));
#7855=CARTESIAN_POINT('Ctrl Pts',(29.0265942330812,31.6754922544986,-3.5));
#7856=CARTESIAN_POINT('Ctrl Pts',(29.9928621195087,33.38693680169,6.5));
#7857=CARTESIAN_POINT('Ctrl Pts',(29.9928621195087,33.38693680169,-3.5));
#7858=CARTESIAN_POINT('Ctrl Pts',(31.0907379581747,35.1543110353401,6.5));
#7859=CARTESIAN_POINT('Ctrl Pts',(31.0907379581747,35.1543110353401,-3.5));
#7860=CARTESIAN_POINT('Ctrl Pts',(32.2072987415416,37.0682145168477,6.5));
#7861=CARTESIAN_POINT('Ctrl Pts',(32.2072987415416,37.0682145168477,-3.5));
#7862=CARTESIAN_POINT('Ctrl Pts',(33.2428476253341,39.1724672091361,6.5));
#7863=CARTESIAN_POINT('Ctrl Pts',(33.2428476253341,39.1724672091361,-3.5));
#7864=CARTESIAN_POINT('Ctrl Pts',(34.1218933226599,41.442711898692,6.5));
#7865=CARTESIAN_POINT('Ctrl Pts',(34.1218933226599,41.442711898692,-3.5));
#7866=CARTESIAN_POINT('Ctrl Pts',(34.788314581223,43.8176164033803,6.5));
#7867=CARTESIAN_POINT('Ctrl Pts',(34.788314581223,43.8176164033803,-3.5));
#7868=CARTESIAN_POINT('Ctrl Pts',(35.1204526658932,45.7408192496555,6.5));
#7869=CARTESIAN_POINT('Ctrl Pts',(35.1204526658932,45.7408192496555,-3.5));
#7870=CARTESIAN_POINT('Ctrl Pts',(35.2461674305939,47.1671700332413,6.5));
#7871=CARTESIAN_POINT('Ctrl Pts',(35.2461674305939,47.1671700332413,-3.5));
#7872=CARTESIAN_POINT('Ctrl Pts',(35.2741044367203,48.1069288650305,6.5));
#7873=CARTESIAN_POINT('Ctrl Pts',(35.2741044367203,48.1069288650305,-3.5));
#7874=CARTESIAN_POINT('Ctrl Pts',(35.2741044367203,48.5740230815256,6.5));
#7875=CARTESIAN_POINT('Ctrl Pts',(35.2741044367203,48.5740230815256,-3.5));
#7876=CARTESIAN_POINT('',(35.2741044367203,48.5740230815256,1.5));
#7877=CARTESIAN_POINT('',(35.2741044367203,48.5740230815256,0.75));
#7878=CARTESIAN_POINT('',(29.7741044367203,32.9647130849426,1.5));
#7879=CARTESIAN_POINT('Ctrl Pts',(29.7741044367203,32.9647130849426,1.5));
#7880=CARTESIAN_POINT('Ctrl Pts',(29.9021487876651,33.1902285315498,1.5));
#7881=CARTESIAN_POINT('Ctrl Pts',(30.0342201957231,33.4164767451777,1.5));
#7882=CARTESIAN_POINT('Ctrl Pts',(30.1692173793311,33.6444239099878,1.5));
#7883=CARTESIAN_POINT('Ctrl Pts',(30.2843252160287,33.8387872612918,1.5));
#7884=CARTESIAN_POINT('Ctrl Pts',(30.4015593821723,34.0343865189713,1.5));
#7885=CARTESIAN_POINT('Ctrl Pts',(30.520237350606,34.2317811382061,1.5));
#7886=CARTESIAN_POINT('Ctrl Pts',(30.6285808093727,34.4119865804805,1.5));
#7887=CARTESIAN_POINT('Ctrl Pts',(30.7381271955718,34.5936887136555,1.5));
#7888=CARTESIAN_POINT('Ctrl Pts',(30.8483648230547,34.7772703257236,1.5));
#7889=CARTESIAN_POINT('Ctrl Pts',(30.9521034599192,34.9500289982767,1.5));
#7890=CARTESIAN_POINT('Ctrl Pts',(31.0564540078508,35.1244523677272,1.5));
#7891=CARTESIAN_POINT('Ctrl Pts',(31.16100115965,35.3008148438422,1.5));
#7892=CARTESIAN_POINT('Ctrl Pts',(31.2619106644122,35.4710409075572,1.5));
#7893=CARTESIAN_POINT('Ctrl Pts',(31.3630031868385,35.6430736596384,1.5));
#7894=CARTESIAN_POINT('Ctrl Pts',(31.4639187103256,35.8171132609169,1.5));
#7895=CARTESIAN_POINT('Ctrl Pts',(31.5620972640526,35.9864326654475,1.5));
#7896=CARTESIAN_POINT('Ctrl Pts',(31.6601081823755,36.1576516622197,1.5));
#7897=CARTESIAN_POINT('Ctrl Pts',(31.7576346434112,36.3309076567849,1.5));
#7898=CARTESIAN_POINT('Ctrl Pts',(31.8528302178248,36.5000228256127,1.5));
#7899=CARTESIAN_POINT('Ctrl Pts',(31.9475641244558,36.6710788966111,1.5));
#7900=CARTESIAN_POINT('Ctrl Pts',(32.0415573539587,36.8441566208968,1.5));
#7901=CARTESIAN_POINT('Ctrl Pts',(32.1343187992363,37.0149661561688,1.5));
#7902=CARTESIAN_POINT('Ctrl Pts',(32.2263587574462,37.1877448441174,1.5));
#7903=CARTESIAN_POINT('Ctrl Pts',(32.3174259070684,37.3625218567595,1.5));
#7904=CARTESIAN_POINT('Ctrl Pts',(32.4107890308923,37.541705326766,1.5));
#7905=CARTESIAN_POINT('Ctrl Pts',(32.5031296503565,37.7229889802636,1.5));
#7906=CARTESIAN_POINT('Ctrl Pts',(32.5941959391314,37.9063525600642,1.5));
#7907=CARTESIAN_POINT('Ctrl Pts',(32.6883130235134,38.0958589706676,1.5));
#7908=CARTESIAN_POINT('Ctrl Pts',(32.7810689324298,38.2875867732498,1.5));
#7909=CARTESIAN_POINT('Ctrl Pts',(32.8722061298681,38.4814622649031,1.5));
#7910=CARTESIAN_POINT('Ctrl Pts',(32.9689912053122,38.6873524460131,1.5));
#7911=CARTESIAN_POINT('Ctrl Pts',(33.0639505925609,38.8956646294151,1.5));
#7912=CARTESIAN_POINT('Ctrl Pts',(33.1567999893244,39.1062560044238,1.5));
#7913=CARTESIAN_POINT('Ctrl Pts',(33.2534293560958,39.325420715493,1.5));
#7914=CARTESIAN_POINT('Ctrl Pts',(33.3477733649228,39.5470535609495,1.5));
#7915=CARTESIAN_POINT('Ctrl Pts',(33.439538356656,39.770940948745,1.5));
#7916=CARTESIAN_POINT('Ctrl Pts',(33.5351684234897,40.0042583114312,1.5));
#7917=CARTESIAN_POINT('Ctrl Pts',(33.6279975016341,40.2400237358009,1.5));
#7918=CARTESIAN_POINT('Ctrl Pts',(33.7177235797811,40.4779454801609,1.5));
#7919=CARTESIAN_POINT('Ctrl Pts',(33.8118676506601,40.7275821747234,1.5));
#7920=CARTESIAN_POINT('Ctrl Pts',(33.9025954219762,40.9795922022318,1.5));
#7921=CARTESIAN_POINT('Ctrl Pts',(33.989593538129,41.233592097278,1.5));
#7922=CARTESIAN_POINT('Ctrl Pts',(34.0815421356688,41.5020454288849,1.5));
#7923=CARTESIAN_POINT('Ctrl Pts',(34.1693242583911,41.7727206531866,1.5));
#7924=CARTESIAN_POINT('Ctrl Pts',(34.2526126008153,42.0451255399621,1.5));
#7925=CARTESIAN_POINT('Ctrl Pts',(34.3412006343958,42.3348637260606,1.5));
#7926=CARTESIAN_POINT('Ctrl Pts',(34.4247044166103,42.6265571447912,1.5));
#7927=CARTESIAN_POINT('Ctrl Pts',(34.5027825321521,42.9195892797415,1.5));
#7928=CARTESIAN_POINT('Ctrl Pts',(34.5790163573823,43.2056996758192,1.5));
#7929=CARTESIAN_POINT('Ctrl Pts',(34.6500781333346,43.4930844967258,1.5));
#7930=CARTESIAN_POINT('Ctrl Pts',(34.7156978587317,43.7811733690256,1.5));
#7931=CARTESIAN_POINT('Ctrl Pts',(34.7777553222416,44.0536229194033,1.5));
#7932=CARTESIAN_POINT('Ctrl Pts',(34.8349459872697,44.3267009749735,1.5));
#7933=CARTESIAN_POINT('Ctrl Pts',(34.8870789124826,44.5999491577121,1.5));
#7934=CARTESIAN_POINT('Ctrl Pts',(34.936421596572,44.8585726418889,1.5));
#7935=CARTESIAN_POINT('Ctrl Pts',(34.9812337491893,45.1173478183481,1.5));
#7936=CARTESIAN_POINT('Ctrl Pts',(35.0213830217844,45.3759211073713,1.5));
#7937=CARTESIAN_POINT('Ctrl Pts',(35.0596881518658,45.6226175686375,1.5));
#7938=CARTESIAN_POINT('Ctrl Pts',(35.0937491264808,45.8691297796907,1.5));
#7939=CARTESIAN_POINT('Ctrl Pts',(35.123475145469,46.1151918493686,1.5));
#7940=CARTESIAN_POINT('Ctrl Pts',(35.151491381818,46.3471009086797,1.5));
#7941=CARTESIAN_POINT('Ctrl Pts',(35.1756571970438,46.5786099179247,1.5));
#7942=CARTESIAN_POINT('Ctrl Pts',(35.1959155786087,46.8095382266711,1.5));
#7943=CARTESIAN_POINT('Ctrl Pts',(35.2155982752283,47.0339042169824,1.5));
#7944=CARTESIAN_POINT('Ctrl Pts',(35.2315925345942,47.2577217187698,1.5));
#7945=CARTESIAN_POINT('Ctrl Pts',(35.2438627681694,47.480869934923,1.5));
#7946=CARTESIAN_POINT('Ctrl Pts',(35.2556708293402,47.6956130178737,1.5));
#7947=CARTESIAN_POINT('Ctrl Pts',(35.2640302102904,47.9097361275112,1.5));
#7948=CARTESIAN_POINT('Ctrl Pts',(35.2689236582344,48.1231770762188,1.5));
#7949=CARTESIAN_POINT('Ctrl Pts',(35.2723769129996,48.2738001096377,1.5));
#7950=CARTESIAN_POINT('Ctrl Pts',(35.2741044367203,48.4240843488501,1.5));
#7951=CARTESIAN_POINT('Ctrl Pts',(35.2741044367203,48.5740230815256,1.5));
#7952=CARTESIAN_POINT('',(28.0217193320673,27.988640820971,1.5));
#7953=CARTESIAN_POINT('Ctrl Pts',(28.0217193320673,27.988640820971,1.5));
#7954=CARTESIAN_POINT('Ctrl Pts',(28.0577700985308,28.3833935425109,1.5));
#7955=CARTESIAN_POINT('Ctrl Pts',(28.1693639283686,29.1595450178496,1.5));
#7956=CARTESIAN_POINT('Ctrl Pts',(28.4271832631942,30.1813507416535,1.5));
#7957=CARTESIAN_POINT('Ctrl Pts',(28.8122898673672,31.1503519467371,1.5));
#7958=CARTESIAN_POINT('Ctrl Pts',(29.2915139777328,32.0982560643472,1.5));
#7959=CARTESIAN_POINT('Ctrl Pts',(29.6262222395154,32.7042586447284,1.5));
#7960=CARTESIAN_POINT('Ctrl Pts',(29.7741044367203,32.9647130849426,1.5));
#7961=CARTESIAN_POINT('',(28.0217193320673,27.988640820971,1.8));
#7962=CARTESIAN_POINT('Ctrl Pts',(28.0217193320673,27.988640820971,1.8));
#7963=CARTESIAN_POINT('Ctrl Pts',(28.0217193320673,27.988640820971,1.7));
#7964=CARTESIAN_POINT('Ctrl Pts',(28.0217193320673,27.988640820971,1.6));
#7965=CARTESIAN_POINT('Ctrl Pts',(28.0217193320673,27.988640820971,1.5));
#7966=CARTESIAN_POINT('',(28.0357238621357,25.9886407752702,1.8));
#7967=CARTESIAN_POINT('Ctrl Pts',(28.0357238621357,25.9886407752702,1.8));
#7968=CARTESIAN_POINT('Ctrl Pts',(27.9694523242441,26.6535917022284,1.8));
#7969=CARTESIAN_POINT('Ctrl Pts',(27.960757507246,27.3211142017351,1.8));
#7970=CARTESIAN_POINT('Ctrl Pts',(28.0217193320673,27.988640820971,1.8));
#7971=CARTESIAN_POINT('',(28.0357238621357,25.9886407752702,1.5));
#7972=CARTESIAN_POINT('Ctrl Pts',(28.0357238621357,25.9886407752702,1.5));
#7973=CARTESIAN_POINT('Ctrl Pts',(28.0357238621357,25.9886407752702,1.6));
#7974=CARTESIAN_POINT('Ctrl Pts',(28.0357238621357,25.9886407752702,1.7));
#7975=CARTESIAN_POINT('Ctrl Pts',(28.0357238621357,25.9886407752702,1.8));
#7976=CARTESIAN_POINT('',(29.7741044367203,20.4327432960083,1.5));
#7977=CARTESIAN_POINT('Ctrl Pts',(29.7741044367203,20.4327432960083,1.5));
#7978=CARTESIAN_POINT('Ctrl Pts',(29.6899234116656,20.5988061278323,1.5));
#7979=CARTESIAN_POINT('Ctrl Pts',(29.3681738014995,21.2511889430619,1.5));
#7980=CARTESIAN_POINT('Ctrl Pts',(28.8721724085449,22.3814083270217,1.5));
#7981=CARTESIAN_POINT('Ctrl Pts',(28.4845344015136,23.5126480554821,1.5));
#7982=CARTESIAN_POINT('Ctrl Pts',(28.2203236730085,24.6076672192884,1.5));
#7983=CARTESIAN_POINT('Ctrl Pts',(28.0841374212791,25.5133132696289,1.5));
#7984=CARTESIAN_POINT('Ctrl Pts',(28.0378204325455,25.9676043472383,1.5));
#7985=CARTESIAN_POINT('Ctrl Pts',(28.0357238621357,25.9886407752702,1.5));
#7986=CARTESIAN_POINT('Ctrl Pts',(31.3513235286437,17.7786749460656,1.5));
#7987=CARTESIAN_POINT('Ctrl Pts',(30.6736636506592,18.7727252679116,1.5));
#7988=CARTESIAN_POINT('Ctrl Pts',(30.1643744014142,19.6628627264761,1.5));
#7989=CARTESIAN_POINT('Ctrl Pts',(29.7741044367203,20.4327432960083,1.5));
#7990=CARTESIAN_POINT('Origin',(9.92870999236002,32.7814603214425,1.5));
#7991=CARTESIAN_POINT('',(7.55913921114529,25.9887075806872,1.5));
#7992=CARTESIAN_POINT('Ctrl Pts',(29.7742307347337,19.1206768179756,1.5));
#7993=CARTESIAN_POINT('Ctrl Pts',(29.7742708599773,19.0314318549692,1.5));
#7994=CARTESIAN_POINT('Ctrl Pts',(29.7743201151972,18.9422104024322,1.5));
#7995=CARTESIAN_POINT('Ctrl Pts',(29.7743778774823,18.8530143623524,1.5));
#7996=CARTESIAN_POINT('Origin',(7.19409214844727,32.7814603214425,0.8));
#7997=CARTESIAN_POINT('',(17.6492568720755,25.9886746614017,0.8));
#7998=CARTESIAN_POINT('',(-4.11850797587861,25.9887456793303,0.8));
#7999=CARTESIAN_POINT('',(22.1802361794835,24.3394639848393,0.8));
#8000=CARTESIAN_POINT('Ctrl Pts',(22.1802361794835,24.3394639848393,0.8));
#8001=CARTESIAN_POINT('Ctrl Pts',(22.1696950542349,24.3439557666498,0.8));
#8002=CARTESIAN_POINT('Ctrl Pts',(22.1591539289874,24.3484475484598,0.8));
#8003=CARTESIAN_POINT('Ctrl Pts',(22.1486128037387,24.3529393302703,0.8));
#8004=CARTESIAN_POINT('Ctrl Pts',(21.555840177972,24.6055314620753,0.8));
#8005=CARTESIAN_POINT('Ctrl Pts',(20.9486310621201,24.8472741330895,0.8));
#8006=CARTESIAN_POINT('Ctrl Pts',(19.4623580086814,25.4011192770123,0.8));
#8007=CARTESIAN_POINT('Ctrl Pts',(18.5701232186995,25.7038815661096,0.8));
#8008=CARTESIAN_POINT('Ctrl Pts',(17.6492568720752,25.988674661401,0.8));
#8009=CARTESIAN_POINT('',(15.2268676508187,27.5139813231822,0.8));
#8010=CARTESIAN_POINT('Origin',(-15.4310859386669,25.988782586925,0.8));
#8011=CARTESIAN_POINT('',(13.8778619924039,25.9886869656814,1.8));
#8012=CARTESIAN_POINT('',(35.2740979116656,25.988617159877,1.8));
#8013=CARTESIAN_POINT('Ctrl Pts',(13.8778619924039,25.9886869656814,1.79999999999999));
#8014=CARTESIAN_POINT('Ctrl Pts',(14.1935216198153,25.9886859358333,1.72537612947145));
#8015=CARTESIAN_POINT('Ctrl Pts',(14.5087281187336,25.9886849074635,1.64870407234005));
#8016=CARTESIAN_POINT('Ctrl Pts',(15.770949750131,25.9886807894309,1.33272652765552));
#8017=CARTESIAN_POINT('Ctrl Pts',(16.7124733390384,25.9886777176844,1.07677855643738));
#8018=CARTESIAN_POINT('Ctrl Pts',(17.6492568720702,25.9886746614026,0.799999999999996));
#8019=CARTESIAN_POINT('Origin',(23.8980621007582,0.370379248478327,1.5));
#8020=CARTESIAN_POINT('Ctrl Pts',(33.2572612696581,-4.81154629466588,1.50027870303582));
#8021=CARTESIAN_POINT('Ctrl Pts',(33.2207927557536,-4.86983446827855,1.50019817385365));
#8022=CARTESIAN_POINT('Ctrl Pts',(33.1818685036405,-4.92952711669412,1.50011244215171));
#8023=CARTESIAN_POINT('Ctrl Pts',(33.1403922567253,-4.99072427806581,1.50005591452765));
#8024=CARTESIAN_POINT('Ctrl Pts',(33.1120659403004,-5.03251904702996,1.50001730883198));
#8025=CARTESIAN_POINT('Ctrl Pts',(33.0825492845618,-5.0750155275287,1.49999343743671));
#8026=CARTESIAN_POINT('Ctrl Pts',(33.051810918324,-5.11824478314385,1.49997738446742));
#8027=CARTESIAN_POINT('Ctrl Pts',(33.0518104171389,-5.11824421543804,1.5));
#8028=CARTESIAN_POINT('Ctrl Pts',(33.1213498003828,-5.01665156346126,1.5));
#8029=CARTESIAN_POINT('Ctrl Pts',(33.1898379317834,-4.91441428517894,1.5));
#8030=CARTESIAN_POINT('Ctrl Pts',(33.2572594857071,-4.81154427393965,1.5));
#8031=CARTESIAN_POINT('Origin',(-2.27739846940327,-18.5030738097636,1.5));
#8032=CARTESIAN_POINT('',(-2.27739846940327,-18.5030738097636,1.5));
#8033=CARTESIAN_POINT('',(-4.08680172366249,-18.6212451167428,1.5));
#8034=CARTESIAN_POINT('Ctrl Pts',(21.9782536854189,-13.5532381350662,1.5));
#8035=CARTESIAN_POINT('Ctrl Pts',(21.9782536854189,-13.5532381350662,-3.5));
#8036=CARTESIAN_POINT('Ctrl Pts',(21.9743492025014,-13.5549018823053,1.5));
#8037=CARTESIAN_POINT('Ctrl Pts',(21.9743492025014,-13.5549018823053,-3.5));
#8038=CARTESIAN_POINT('Ctrl Pts',(21.970444719584,-13.5565656295443,1.5));
#8039=CARTESIAN_POINT('Ctrl Pts',(21.970444719584,-13.5565656295443,-3.5));
#8040=CARTESIAN_POINT('Ctrl Pts',(21.9665402366666,-13.5582293767834,1.5));
#8041=CARTESIAN_POINT('Ctrl Pts',(21.9665402366666,-13.5582293767834,-3.5));
#8042=CARTESIAN_POINT('Ctrl Pts',(21.9618548571646,-13.5602258734707,1.5));
#8043=CARTESIAN_POINT('Ctrl Pts',(21.9618548571646,-13.5602258734707,-3.5));
#8044=CARTESIAN_POINT('Ctrl Pts',(21.9571694776623,-13.5622223701582,1.5));
#8045=CARTESIAN_POINT('Ctrl Pts',(21.9571694776623,-13.5622223701582,-3.5));
#8046=CARTESIAN_POINT('Ctrl Pts',(21.9524840981597,-13.5642188668458,1.5));
#8047=CARTESIAN_POINT('Ctrl Pts',(21.9524840981597,-13.5642188668458,-3.5));
#8048=CARTESIAN_POINT('Ctrl Pts',(20.8449925005647,-14.0361343872236,1.5));
#8049=CARTESIAN_POINT('Ctrl Pts',(20.8449925005647,-14.0361343872236,-3.5));
#8050=CARTESIAN_POINT('Ctrl Pts',(19.6847545604181,-14.470439577953,1.5));
#8051=CARTESIAN_POINT('Ctrl Pts',(19.6847545604181,-14.470439577953,-3.5));
#8052=CARTESIAN_POINT('Ctrl Pts',(18.472173323746,-14.87164970974,1.5));
#8053=CARTESIAN_POINT('Ctrl Pts',(18.472173323746,-14.87164970974,-3.5));
#8054=CARTESIAN_POINT('Ctrl Pts',(14.8334237479639,-16.075612918709,1.5));
#8055=CARTESIAN_POINT('Ctrl Pts',(14.8334237479639,-16.075612918709,-3.5));
#8056=CARTESIAN_POINT('Ctrl Pts',(10.7139787221766,-16.9797363988183,1.5));
#8057=CARTESIAN_POINT('Ctrl Pts',(10.7139787221766,-16.9797363988183,-3.5));
#8058=CARTESIAN_POINT('Ctrl Pts',(6.08278031138471,-17.6333589589994,1.5));
#8059=CARTESIAN_POINT('Ctrl Pts',(6.08278031138471,-17.6333589589994,-3.5));
#8060=CARTESIAN_POINT('Ctrl Pts',(4.77217594026234,-17.8183306463366,1.5));
#8061=CARTESIAN_POINT('Ctrl Pts',(4.77217594026234,-17.8183306463366,-3.5));
#8062=CARTESIAN_POINT('Ctrl Pts',(3.42044429890299,-17.9830485652701,1.5));
#8063=CARTESIAN_POINT('Ctrl Pts',(3.42044429890299,-17.9830485652701,-3.5));
#8064=CARTESIAN_POINT('Ctrl Pts',(2.02710566497669,-18.1278892487634,1.5));
#8065=CARTESIAN_POINT('Ctrl Pts',(2.02710566497669,-18.1278892487634,-3.5));
#8066=CARTESIAN_POINT('Ctrl Pts',(0.634959830249823,-18.2726059380982,1.5));
#8067=CARTESIAN_POINT('Ctrl Pts',(0.634959830249823,-18.2726059380982,-3.5));
#8068=CARTESIAN_POINT('Ctrl Pts',(-0.820929383269039,-18.3990278228025,
1.5));
#8069=CARTESIAN_POINT('Ctrl Pts',(-0.820929383269039,-18.3990278228025,
-3.5));
#8070=CARTESIAN_POINT('Ctrl Pts',(-2.27435668047256,-18.5028565130599,1.5));
#8071=CARTESIAN_POINT('Ctrl Pts',(-2.27435668047256,-18.5028565130599,-3.5));
#8072=CARTESIAN_POINT('Ctrl Pts',(-2.27537061011607,-18.5029289452944,1.5));
#8073=CARTESIAN_POINT('Ctrl Pts',(-2.27537061011607,-18.5029289452944,-3.5));
#8074=CARTESIAN_POINT('Ctrl Pts',(-2.27638453975957,-18.503001377529,1.5));
#8075=CARTESIAN_POINT('Ctrl Pts',(-2.27638453975957,-18.503001377529,-3.5));
#8076=CARTESIAN_POINT('Ctrl Pts',(-2.27739846940327,-18.5030738097636,1.5));
#8077=CARTESIAN_POINT('Ctrl Pts',(-2.27739846940327,-18.5030738097636,-3.5));
#8078=CARTESIAN_POINT('',(21.9782536854189,-13.5532381350662,1.5));
#8079=CARTESIAN_POINT('Origin',(23.668550479235,-12.7815569513107,1.5));
#8080=CARTESIAN_POINT('',(23.668550479235,-12.7815569513106,1.5));
#8081=CARTESIAN_POINT('Ctrl Pts',(35.1340937725496,-1.03745678110061,1.5));
#8082=CARTESIAN_POINT('Ctrl Pts',(35.1340937725496,-1.03745678110061,-3.5));
#8083=CARTESIAN_POINT('Ctrl Pts',(35.0885240456985,-1.16634065536225,1.5));
#8084=CARTESIAN_POINT('Ctrl Pts',(35.0885240456985,-1.16634065536225,-3.5));
#8085=CARTESIAN_POINT('Ctrl Pts',(35.0414135621424,-1.29470340331838,1.5));
#8086=CARTESIAN_POINT('Ctrl Pts',(35.0414135621424,-1.29470340331838,-3.5));
#8087=CARTESIAN_POINT('Ctrl Pts',(34.992755305305,-1.42252007471169,1.5));
#8088=CARTESIAN_POINT('Ctrl Pts',(34.992755305305,-1.42252007471169,-3.5));
#8089=CARTESIAN_POINT('Ctrl Pts',(34.1788002884509,-3.56063655647803,1.5));
#8090=CARTESIAN_POINT('Ctrl Pts',(34.1788002884509,-3.56063655647803,-3.5));
#8091=CARTESIAN_POINT('Ctrl Pts',(32.9390905909515,-5.52174263829297,1.5));
#8092=CARTESIAN_POINT('Ctrl Pts',(32.9390905909515,-5.52174263829297,-3.5));
#8093=CARTESIAN_POINT('Ctrl Pts',(31.3728773849347,-7.22881515695351,1.5));
#8094=CARTESIAN_POINT('Ctrl Pts',(31.3728773849347,-7.22881515695351,-3.5));
#8095=CARTESIAN_POINT('Ctrl Pts',(31.0616945037208,-7.56798465364597,1.5));
#8096=CARTESIAN_POINT('Ctrl Pts',(31.0616945037208,-7.56798465364597,-3.5));
#8097=CARTESIAN_POINT('Ctrl Pts',(30.7380619995329,-7.89700670031723,1.5));
#8098=CARTESIAN_POINT('Ctrl Pts',(30.7380619995329,-7.89700670031723,-3.5));
#8099=CARTESIAN_POINT('Ctrl Pts',(30.4029002501884,-8.21610436774901,1.5));
#8100=CARTESIAN_POINT('Ctrl Pts',(30.4029002501884,-8.21610436774901,-3.5));
#8101=CARTESIAN_POINT('Ctrl Pts',(28.5116664110225,-10.0166926145468,1.5));
#8102=CARTESIAN_POINT('Ctrl Pts',(28.5116664110225,-10.0166926145468,-3.5));
#8103=CARTESIAN_POINT('Ctrl Pts',(26.2594904980453,-11.5140932500028,1.5));
#8104=CARTESIAN_POINT('Ctrl Pts',(26.2594904980453,-11.5140932500028,-3.5));
#8105=CARTESIAN_POINT('Ctrl Pts',(23.6949215440931,-12.7686564722452,1.5));
#8106=CARTESIAN_POINT('Ctrl Pts',(23.6949215440931,-12.7686564722452,-3.5));
#8107=CARTESIAN_POINT('Ctrl Pts',(23.690126805028,-12.7710020138934,1.5));
#8108=CARTESIAN_POINT('Ctrl Pts',(23.690126805028,-12.7710020138934,-3.5));
#8109=CARTESIAN_POINT('Ctrl Pts',(23.6853320659631,-12.7733475555416,1.5));
#8110=CARTESIAN_POINT('Ctrl Pts',(23.6853320659631,-12.7733475555416,-3.5));
#8111=CARTESIAN_POINT('Ctrl Pts',(23.6805373268984,-12.7756930971896,1.5));
#8112=CARTESIAN_POINT('Ctrl Pts',(23.6805373268984,-12.7756930971896,-3.5));
#8113=CARTESIAN_POINT('Ctrl Pts',(23.6765417110106,-12.77764771523,1.5));
#8114=CARTESIAN_POINT('Ctrl Pts',(23.6765417110106,-12.77764771523,-3.5));
#8115=CARTESIAN_POINT('Ctrl Pts',(23.6725460951227,-12.7796023332703,1.5));
#8116=CARTESIAN_POINT('Ctrl Pts',(23.6725460951227,-12.7796023332703,-3.5));
#8117=CARTESIAN_POINT('Ctrl Pts',(23.668550479235,-12.7815569513106,1.5));
#8118=CARTESIAN_POINT('Ctrl Pts',(23.668550479235,-12.7815569513106,-3.5));
#8119=CARTESIAN_POINT('Ctrl Pts',(-4.08680172366249,-18.6212451167428,1.5));
#8120=CARTESIAN_POINT('Ctrl Pts',(-4.08680172366249,-18.6212451167428,-3.5));
#8121=CARTESIAN_POINT('Ctrl Pts',(-4.08779223451866,-18.6213038866316,1.5));
#8122=CARTESIAN_POINT('Ctrl Pts',(-4.08779223451866,-18.6213038866316,-3.5));
#8123=CARTESIAN_POINT('Ctrl Pts',(-4.08878274537537,-18.6213626565204,1.5));
#8124=CARTESIAN_POINT('Ctrl Pts',(-4.08878274537537,-18.6213626565204,-3.5));
#8125=CARTESIAN_POINT('Ctrl Pts',(-4.08977325623209,-18.6214214264093,1.5));
#8126=CARTESIAN_POINT('Ctrl Pts',(-4.08977325623209,-18.6214214264093,-3.5));
#8127=CARTESIAN_POINT('Ctrl Pts',(-5.02623594671563,-18.6769844803966,1.5));
#8128=CARTESIAN_POINT('Ctrl Pts',(-5.02623594671563,-18.6769844803966,-3.5));
#8129=CARTESIAN_POINT('Ctrl Pts',(-6.00586690740985,-18.7264956423784,1.5));
#8130=CARTESIAN_POINT('Ctrl Pts',(-6.00586690740985,-18.7264956423784,-3.5));
#8131=CARTESIAN_POINT('Ctrl Pts',(-6.98909691282346,-18.7675989864614,1.5));
#8132=CARTESIAN_POINT('Ctrl Pts',(-6.98909691282346,-18.7675989864614,-3.5));
#8133=CARTESIAN_POINT('Ctrl Pts',(-9.67684971544953,-18.8799588896867,1.5));
#8134=CARTESIAN_POINT('Ctrl Pts',(-9.67684971544953,-18.8799588896867,-3.5));
#8135=CARTESIAN_POINT('Ctrl Pts',(-12.4901973771948,-18.9355173172395,1.5));
#8136=CARTESIAN_POINT('Ctrl Pts',(-12.4901973771948,-18.9355173172395,-3.5));
#8137=CARTESIAN_POINT('Ctrl Pts',(-15.431228978023,-18.9355077220435,1.5));
#8138=CARTESIAN_POINT('Ctrl Pts',(-15.431228978023,-18.9355077220435,-3.5));
#8139=CARTESIAN_POINT('Ctrl Pts',(-4.099241800168,-18.4216314925452,1.5));
#8140=CARTESIAN_POINT('Ctrl Pts',(-4.10003420183066,-18.4216785080396,1.5));
#8141=CARTESIAN_POINT('Ctrl Pts',(-4.10082660349272,-18.4217255235339,1.5));
#8142=CARTESIAN_POINT('Ctrl Pts',(-4.10280761817927,-18.4218430628947,1.5));
#8143=CARTESIAN_POINT('Ctrl Pts',(-4.10399623120437,-18.4219135867611,1.5));
#8144=CARTESIAN_POINT('Ctrl Pts',(-4.10518484422996,-18.4219841106275,1.5));
#8145=CARTESIAN_POINT('Ctrl Pts',(-7.64549930888921,-18.6320412605115,1.5));
#8146=CARTESIAN_POINT('Ctrl Pts',(-11.4191182212167,-18.7355208116634,1.5));
#8147=CARTESIAN_POINT('Ctrl Pts',(-15.4312283255176,-18.7355077220446,1.5));
#8148=CARTESIAN_POINT('Ctrl Pts',(-4.11503613206652,-18.1554329760373,1.76666666666667));
#8149=CARTESIAN_POINT('Ctrl Pts',(-4.11582853372967,-18.1554799915318,1.76666666666667));
#8150=CARTESIAN_POINT('Ctrl Pts',(-4.11662093539046,-18.155527007026,1.76666666666667));
#8151=CARTESIAN_POINT('Ctrl Pts',(-4.11860195007963,-18.1556445463869,1.76666666666667));
#8152=CARTESIAN_POINT('Ctrl Pts',(-4.11979056310327,-18.1557150702532,1.76666666666667));
#8153=CARTESIAN_POINT('Ctrl Pts',(-4.12097917612876,-18.1557855941197,1.76666666666667));
#8154=CARTESIAN_POINT('Ctrl Pts',(-7.65527852854683,-18.3654874975108,1.76666666666667));
#8155=CARTESIAN_POINT('Ctrl Pts',(-11.4237052295333,-18.4688556760871,1.76666666666667));
#8156=CARTESIAN_POINT('Ctrl Pts',(-15.4312274555104,-18.4688410553793,1.76666666666667));
#8157=CARTESIAN_POINT('Ctrl Pts',(-4.13083046396504,-17.8892344595295,2.03333333333333));
#8158=CARTESIAN_POINT('Ctrl Pts',(-4.13162286562721,-17.8892814750238,2.03333333333333));
#8159=CARTESIAN_POINT('Ctrl Pts',(-4.13241526729113,-17.8893284905183,2.03333333333333));
#8160=CARTESIAN_POINT('Ctrl Pts',(-4.13439628197656,-17.8894460298789,2.03333333333333));
#8161=CARTESIAN_POINT('Ctrl Pts',(-4.13558489500274,-17.8895165537454,2.03333333333333));
#8162=CARTESIAN_POINT('Ctrl Pts',(-4.13677350802757,-17.8895870776118,2.03333333333333));
#8163=CARTESIAN_POINT('Ctrl Pts',(-7.66505415177044,-18.098928578311,2.03333333333333));
#8164=CARTESIAN_POINT('Ctrl Pts',(-11.4282887072119,-18.2021859023513,2.03333333333333));
#8165=CARTESIAN_POINT('Ctrl Pts',(-15.4312265855031,-18.2021743887141,2.03333333333333));
#8166=CARTESIAN_POINT('Ctrl Pts',(-4.14662479586356,-17.6230359430216,2.3));
#8167=CARTESIAN_POINT('Ctrl Pts',(-4.14741719752622,-17.623082958516,2.3));
#8168=CARTESIAN_POINT('Ctrl Pts',(-4.14820959918888,-17.6231299740104,2.3));
#8169=CARTESIAN_POINT('Ctrl Pts',(-4.15019061387692,-17.6232475133712,2.3));
#8170=CARTESIAN_POINT('Ctrl Pts',(-4.15137922690165,-17.6233180372376,2.3));
#8171=CARTESIAN_POINT('Ctrl Pts',(-4.15256783992638,-17.623388561104,2.3));
#8172=CARTESIAN_POINT('Ctrl Pts',(-7.67483337142805,-17.8323748153104,2.3));
#8173=CARTESIAN_POINT('Ctrl Pts',(-11.4328757155285,-17.935520766775,2.3));
#8174=CARTESIAN_POINT('Ctrl Pts',(-15.4312257154958,-17.9355077220488,2.3));
#8175=CARTESIAN_POINT('',(-4.14900200085154,-17.6231769895047,2.3));
#8176=CARTESIAN_POINT('Ctrl Pts',(-4.099241800168,-18.4216314925452,1.5));
#8177=CARTESIAN_POINT('Ctrl Pts',(-4.11582853372918,-18.1554799915317,1.76666666666667));
#8178=CARTESIAN_POINT('Ctrl Pts',(-4.13241526729009,-17.8893284905182,2.03333333333333));
#8179=CARTESIAN_POINT('Ctrl Pts',(-4.14900200085154,-17.6231769895047,2.3));
#8180=CARTESIAN_POINT('Ctrl Pts',(-4.14900200085154,-17.6231769895047,2.3));
#8181=CARTESIAN_POINT('Ctrl Pts',(-4.15019061387692,-17.6232475133712,2.3));
#8182=CARTESIAN_POINT('Ctrl Pts',(-4.15137922690165,-17.6233180372376,2.3));
#8183=CARTESIAN_POINT('Ctrl Pts',(-4.15256783992638,-17.623388561104,2.3));
#8184=CARTESIAN_POINT('Ctrl Pts',(-7.67483337142805,-17.8323748153104,2.3));
#8185=CARTESIAN_POINT('Ctrl Pts',(-11.4328757155285,-17.935520766775,2.3));
#8186=CARTESIAN_POINT('Ctrl Pts',(-15.4312257154958,-17.9355077220488,2.3));
#8187=CARTESIAN_POINT('Origin',(3.18629608395977,-17.8957097934336,1.55));
#8188=CARTESIAN_POINT('',(-2.34561223451826,-17.5053984206983,2.3));
#8189=CARTESIAN_POINT('',(-2.24329162931889,-19.0019115070703,0.8));
#8190=CARTESIAN_POINT('',(3.13741805338268,-17.1473041960956,2.3));
#8191=CARTESIAN_POINT('Ctrl Pts',(21.8975096102634,-13.3702439698773,1.49999996367721));
#8192=CARTESIAN_POINT('Ctrl Pts',(21.894386023929,-13.3715749676687,1.49999996367721));
#8193=CARTESIAN_POINT('Ctrl Pts',(21.8912624375944,-13.3729059654603,1.49999996367721));
#8194=CARTESIAN_POINT('Ctrl Pts',(21.8834534717577,-13.3762334599392,1.49999996367721));
#8195=CARTESIAN_POINT('Ctrl Pts',(21.8787680922559,-13.3782299566265,1.49999996367721));
#8196=CARTESIAN_POINT('Ctrl Pts',(21.8740827127533,-13.380226453314,1.49999996367721));
#8197=CARTESIAN_POINT('Ctrl Pts',(20.7722254014683,-13.8497411363747,1.49999996367721));
#8198=CARTESIAN_POINT('Ctrl Pts',(19.6171842855559,-14.2821333719995,1.49999996367721));
#8199=CARTESIAN_POINT('Ctrl Pts',(18.4093484170727,-14.6817733905942,1.49999996367721));
#8200=CARTESIAN_POINT('Ctrl Pts',(14.7850120744718,-15.8809676529481,1.49999996367721));
#8201=CARTESIAN_POINT('Ctrl Pts',(10.6769905310267,-16.7829746735339,1.49999996367721));
#8202=CARTESIAN_POINT('Ctrl Pts',(6.05483038140883,-17.4353216219005,1.49999996367721));
#8203=CARTESIAN_POINT('Ctrl Pts',(3.4409833817699,-17.8042259996193,1.49999996367721));
#8204=CARTESIAN_POINT('Ctrl Pts',(0.662277536998145,-18.0925621207565,1.49999996367721));
#8205=CARTESIAN_POINT('Ctrl Pts',(-2.28495764196691,-18.3031041747729,1.49999996367721));
#8206=CARTESIAN_POINT('Ctrl Pts',(-2.28617435754284,-18.3031910934547,1.49999996367721));
#8207=CARTESIAN_POINT('Ctrl Pts',(-2.28739107311589,-18.3032780121362,1.49999996367721));
#8208=CARTESIAN_POINT('Ctrl Pts',(-2.28941893995443,-18.3034228771448,1.49999996367721));
#8209=CARTESIAN_POINT('Ctrl Pts',(-2.29023009121769,-18.3034808234716,1.49999996367721));
#8210=CARTESIAN_POINT('Ctrl Pts',(-2.29104124248053,-18.3035387697985,1.49999996367721));
#8211=CARTESIAN_POINT('Ctrl Pts',(21.7929744059903,-13.1249206961423,1.76666664245148));
#8212=CARTESIAN_POINT('Ctrl Pts',(21.7898508196559,-13.1262516939337,1.76666664245148));
#8213=CARTESIAN_POINT('Ctrl Pts',(21.7867272333212,-13.1275826917253,1.76666664245148));
#8214=CARTESIAN_POINT('Ctrl Pts',(21.7789182674847,-13.1309101862041,1.76666664245148));
#8215=CARTESIAN_POINT('Ctrl Pts',(21.7742328879825,-13.1329066828915,1.76666664245148));
#8216=CARTESIAN_POINT('Ctrl Pts',(21.7695475084801,-13.134903179579,1.76666664245148));
#8217=CARTESIAN_POINT('Ctrl Pts',(20.6752041819379,-13.6012173055164,1.76666664245148));
#8218=CARTESIAN_POINT('Ctrl Pts',(19.5270920148893,-14.0310590110738,1.76666664245148));
#8219=CARTESIAN_POINT('Ctrl Pts',(18.3255818558252,-14.4286049075927,1.76666664245148));
#8220=CARTESIAN_POINT('Ctrl Pts',(14.7204945454816,-15.6214751062823,1.76666664245147));
#8221=CARTESIAN_POINT('Ctrl Pts',(10.6276938123003,-16.5206596125368,1.76666664245148));
#8222=CARTESIAN_POINT('Ctrl Pts',(6.0175637996475,-17.171271779158,1.76666664245148));
#8223=CARTESIAN_POINT('Ctrl Pts',(3.41057447193809,-17.539210114736,1.76666664245148));
#8224=CARTESIAN_POINT('Ctrl Pts',(0.637896631660547,-17.8269592655169,1.76666664245148));
#8225=CARTESIAN_POINT('Ctrl Pts',(-2.30395912390678,-18.0371153380662,1.76666664245148));
#8226=CARTESIAN_POINT('Ctrl Pts',(-2.30517583948219,-18.0372022567479,1.76666664245148));
#8227=CARTESIAN_POINT('Ctrl Pts',(-2.30639255505562,-18.0372891754295,1.76666664245148));
#8228=CARTESIAN_POINT('Ctrl Pts',(-2.30842042189402,-18.037434040438,1.76666664245148));
#8229=CARTESIAN_POINT('Ctrl Pts',(-2.30923157315729,-18.0374919867649,1.76666664245148));
#8230=CARTESIAN_POINT('Ctrl Pts',(-2.31004272442014,-18.0375499330918,1.76666664245148));
#8231=CARTESIAN_POINT('Ctrl Pts',(21.6884392017172,-12.8795974224072,2.03333332122574));
#8232=CARTESIAN_POINT('Ctrl Pts',(21.6853156153827,-12.8809284201987,2.03333332122574));
#8233=CARTESIAN_POINT('Ctrl Pts',(21.6821920290484,-12.8822594179901,2.03333332122574));
#8234=CARTESIAN_POINT('Ctrl Pts',(21.6743830632115,-12.8855869124691,2.03333332122574));
#8235=CARTESIAN_POINT('Ctrl Pts',(21.6696976837094,-12.8875834091565,2.03333332122574));
#8236=CARTESIAN_POINT('Ctrl Pts',(21.6650123042069,-12.889579905844,2.03333332122574));
#8237=CARTESIAN_POINT('Ctrl Pts',(20.5781781585355,-13.3526917945791,2.03333332122574));
#8238=CARTESIAN_POINT('Ctrl Pts',(19.4369953954152,-13.7799827381159,2.03333332122574));
#8239=CARTESIAN_POINT('Ctrl Pts',(18.2418152945776,-14.1754364245913,2.03333332122574));
#8240=CARTESIAN_POINT('Ctrl Pts',(14.655882865532,-15.361878959819,2.03333332122574));
#8241=CARTESIAN_POINT('Ctrl Pts',(10.5783344515655,-16.25824265472,2.03333332122574));
#8242=CARTESIAN_POINT('Ctrl Pts',(5.98029721788616,-16.9072219364156,2.03333332122574));
#8243=CARTESIAN_POINT('Ctrl Pts',(3.38016677403181,-17.2741886198771,2.03333332122574));
#8244=CARTESIAN_POINT('Ctrl Pts',(0.613517156829712,-17.5613512355625,2.03333332122574));
#8245=CARTESIAN_POINT('Ctrl Pts',(-2.32296060584665,-17.7711265013595,2.03333332122574));
#8246=CARTESIAN_POINT('Ctrl Pts',(-2.3241773214219,-17.7712134200412,2.03333332122574));
#8247=CARTESIAN_POINT('Ctrl Pts',(-2.32539403699622,-17.7713003387228,2.03333332122574));
#8248=CARTESIAN_POINT('Ctrl Pts',(-2.32742190383407,-17.7714452037313,2.03333332122574));
#8249=CARTESIAN_POINT('Ctrl Pts',(-2.32823305509691,-17.7715031500582,2.03333332122574));
#8250=CARTESIAN_POINT('Ctrl Pts',(-2.32904420635975,-17.771561096385,2.03333332122574));
#8251=CARTESIAN_POINT('Ctrl Pts',(21.583903997444,-12.6342741486722,2.3));
#8252=CARTESIAN_POINT('Ctrl Pts',(21.5807804111097,-12.6356051464636,2.3));
#8253=CARTESIAN_POINT('Ctrl Pts',(21.5776568247753,-12.6369361442551,2.3));
#8254=CARTESIAN_POINT('Ctrl Pts',(21.5698478589385,-12.640263638734,2.3));
#8255=CARTESIAN_POINT('Ctrl Pts',(21.5651624794361,-12.6422601354215,2.3));
#8256=CARTESIAN_POINT('Ctrl Pts',(21.5604770999337,-12.644256632109,2.3));
#8257=CARTESIAN_POINT('Ctrl Pts',(20.4811569390051,-13.1041679637209,2.3));
#8258=CARTESIAN_POINT('Ctrl Pts',(19.3469031247485,-13.5289083771902,2.3));
#8259=CARTESIAN_POINT('Ctrl Pts',(18.1580487333301,-13.9222679415898,2.3));
#8260=CARTESIAN_POINT('Ctrl Pts',(14.5913653365419,-15.1023864131531,2.3));
#8261=CARTESIAN_POINT('Ctrl Pts',(10.5290377328391,-15.9959275937229,2.3));
#8262=CARTESIAN_POINT('Ctrl Pts',(5.94303063612483,-16.6431720936731,2.3));
#8263=CARTESIAN_POINT('Ctrl Pts',(3.3497578642,-17.0091727349938,2.3));
#8264=CARTESIAN_POINT('Ctrl Pts',(0.589136251492114,-17.2957483803228,2.3));
#8265=CARTESIAN_POINT('Ctrl Pts',(-2.34196208778652,-17.5051376646528,2.3));
#8266=CARTESIAN_POINT('Ctrl Pts',(-2.34317880336125,-17.5052245833345,2.3));
#8267=CARTESIAN_POINT('Ctrl Pts',(-2.34439551893596,-17.5053115020161,2.3));
#8268=CARTESIAN_POINT('Ctrl Pts',(-2.34642338577366,-17.5054563670246,2.3));
#8269=CARTESIAN_POINT('Ctrl Pts',(-2.34723453703651,-17.5055143133515,2.3));
#8270=CARTESIAN_POINT('Ctrl Pts',(-2.34804568829936,-17.5055722596783,2.3));
#8271=CARTESIAN_POINT('',(21.5745332384409,-12.6382671420465,2.3));
#8272=CARTESIAN_POINT('Ctrl Pts',(21.5745332384409,-12.6382671420465,2.3));
#8273=CARTESIAN_POINT('Ctrl Pts',(21.6754633686598,-12.867009932169,2.04999995424129));
#8274=CARTESIAN_POINT('Ctrl Pts',(21.7763934988778,-13.095752722292,1.79999990848257));
#8275=CARTESIAN_POINT('Ctrl Pts',(21.8840522847732,-13.3397449871735,1.53333324173222));
#8276=CARTESIAN_POINT('Ctrl Pts',(21.8907809404142,-13.3549944618523,1.51666662082815));
#8277=CARTESIAN_POINT('Ctrl Pts',(21.8975095960246,-13.3702439364617,1.5));
#8278=CARTESIAN_POINT('Ctrl Pts',(21.5745332384409,-12.6382671420465,2.3));
#8279=CARTESIAN_POINT('Ctrl Pts',(21.5698478589385,-12.640263638734,2.3));
#8280=CARTESIAN_POINT('Ctrl Pts',(21.5651624794361,-12.6422601354215,2.3));
#8281=CARTESIAN_POINT('Ctrl Pts',(21.5604770999337,-12.644256632109,2.3));
#8282=CARTESIAN_POINT('Ctrl Pts',(20.4811569390051,-13.1041679637209,2.3));
#8283=CARTESIAN_POINT('Ctrl Pts',(19.3469031247485,-13.5289083771902,2.3));
#8284=CARTESIAN_POINT('Ctrl Pts',(18.1580487333301,-13.9222679415898,2.3));
#8285=CARTESIAN_POINT('Ctrl Pts',(14.5913653365419,-15.1023864131531,2.3));
#8286=CARTESIAN_POINT('Ctrl Pts',(10.5290377328391,-15.9959275937229,2.3));
#8287=CARTESIAN_POINT('Ctrl Pts',(5.94303063612483,-16.6431720936731,2.3));
#8288=CARTESIAN_POINT('Ctrl Pts',(3.3497578642,-17.0091727349938,2.3));
#8289=CARTESIAN_POINT('Ctrl Pts',(0.589136251492114,-17.2957483803228,2.3));
#8290=CARTESIAN_POINT('Ctrl Pts',(-2.34196208778652,-17.5051376646528,2.3));
#8291=CARTESIAN_POINT('Ctrl Pts',(-2.34317880336125,-17.5052245833345,2.3));
#8292=CARTESIAN_POINT('Ctrl Pts',(-2.34439551893596,-17.5053115020161,2.3));
#8293=CARTESIAN_POINT('Ctrl Pts',(-2.34561223451081,-17.5053984206978,2.3));
#8294=CARTESIAN_POINT('Origin',(24.5155883796293,-12.1200327646443,1.55));
#8295=CARTESIAN_POINT('',(23.241108413298,-11.8774157291724,2.3));
#8296=CARTESIAN_POINT('Ctrl Pts',(23.241108413298,-11.8774157291724,2.3));
#8297=CARTESIAN_POINT('Ctrl Pts',(23.3479689074231,-12.1034509874121,2.05000005230913));
#8298=CARTESIAN_POINT('Ctrl Pts',(23.4548294015481,-12.3294862456519,1.80000010461826));
#8299=CARTESIAN_POINT('Ctrl Pts',(23.5688139525077,-12.5705905716467,1.53333343785062));
#8300=CARTESIAN_POINT('Ctrl Pts',(23.5759380092971,-12.5856596393063,1.51666671887952));
#8301=CARTESIAN_POINT('Ctrl Pts',(23.5830620660474,-12.600728706883,1.5));
#8302=CARTESIAN_POINT('',(24.2041111170629,-11.4377704141485,2.3));
#8303=CARTESIAN_POINT('Ctrl Pts',(34.4647954286865,-3.55837501094031,1.12665985794427));
#8304=CARTESIAN_POINT('Ctrl Pts',(34.3642269456756,-3.6888364179402,1.18587333970208));
#8305=CARTESIAN_POINT('Ctrl Pts',(34.1612308701022,-3.94765336807419,1.26517924325457));
#8306=CARTESIAN_POINT('Ctrl Pts',(33.7481436488138,-4.45725048975313,1.36786874178802));
#8307=CARTESIAN_POINT('Ctrl Pts',(33.2190913531126,-5.07986888131579,1.43565095027774));
#8308=CARTESIAN_POINT('Ctrl Pts',(32.347562273525,-6.04768869590044,1.4893523796915));
#8309=CARTESIAN_POINT('Ctrl Pts',(31.6675915039308,-6.74373569272993,1.49569514348524));
#8310=CARTESIAN_POINT('Ctrl Pts',(30.8898189985839,-7.5016485762642,1.49969688605922));
#8311=CARTESIAN_POINT('Ctrl Pts',(30.5711479016944,-7.80208585726457,1.49983622655723));
#8312=CARTESIAN_POINT('Ctrl Pts',(30.052150030501,-8.27674270921827,1.49999426664099));
#8313=CARTESIAN_POINT('Ctrl Pts',(29.8546444689742,-8.45415794448334,1.49998540988057));
#8314=CARTESIAN_POINT('Ctrl Pts',(29.6556245030366,-8.62985777275451,1.49998540988057));
#8315=CARTESIAN_POINT('Ctrl Pts',(29.1576105012534,-9.0695170510471,1.49998540988057));
#8316=CARTESIAN_POINT('Ctrl Pts',(28.3757427290455,-9.70052617246414,1.49998540988057));
#8317=CARTESIAN_POINT('Ctrl Pts',(26.9886359754191,-10.6844392261225,1.49998540988057));
#8318=CARTESIAN_POINT('Ctrl Pts',(25.5190014918486,-11.602416443038,1.49998540988057));
#8319=CARTESIAN_POINT('Ctrl Pts',(24.2581326142625,-12.2705067308572,1.49998540988057));
#8320=CARTESIAN_POINT('Ctrl Pts',(23.6070421726934,-12.5890141046158,1.49998540988057));
#8321=CARTESIAN_POINT('Ctrl Pts',(23.6022474336283,-12.591359646264,1.49998540988057));
#8322=CARTESIAN_POINT('Ctrl Pts',(23.5974526945635,-12.5937051879121,1.49998540988057));
#8323=CARTESIAN_POINT('Ctrl Pts',(23.5894614627884,-12.5976144239925,1.49998540988057));
#8324=CARTESIAN_POINT('Ctrl Pts',(23.5862649700781,-12.5991781184248,1.49998540988057));
#8325=CARTESIAN_POINT('Ctrl Pts',(23.5830684773677,-12.6007418128571,1.49998540988057));
#8326=CARTESIAN_POINT('Ctrl Pts',(34.1322142042193,-3.18165122801888,1.25110657196285));
#8327=CARTESIAN_POINT('Ctrl Pts',(34.0395226501656,-3.32103504631654,1.33238595210891));
#8328=CARTESIAN_POINT('Ctrl Pts',(33.8515743931481,-3.59689706909442,1.44246418725657));
#8329=CARTESIAN_POINT('Ctrl Pts',(33.4658765012208,-4.13751882779298,1.58390504471467));
#8330=CARTESIAN_POINT('Ctrl Pts',(32.9662278297015,-4.79344350280899,1.67788000471655));
#8331=CARTESIAN_POINT('Ctrl Pts',(32.132200875202,-5.80374299270728,1.75186387913053));
#8332=CARTESIAN_POINT('Ctrl Pts',(31.4703237611056,-6.52028516438308,1.76061042308326));
#8333=CARTESIAN_POINT('Ctrl Pts',(30.706031980885,-7.29346803128526,1.76634096474465));
#8334=CARTESIAN_POINT('Ctrl Pts',(30.3909671065239,-7.59799017845672,1.76641161816767));
#8335=CARTESIAN_POINT('Ctrl Pts',(29.875085474458,-8.07617687907958,1.76669508680233));
#8336=CARTESIAN_POINT('Ctrl Pts',(29.6781549923373,-8.25424352240207,1.76663809471379));
#8337=CARTESIAN_POINT('Ctrl Pts',(29.4791357791051,-8.42994420328306,1.76665693992038));
#8338=CARTESIAN_POINT('Ctrl Pts',(28.9870629385607,-8.86435813127868,1.76665693992038));
#8339=CARTESIAN_POINT('Ctrl Pts',(28.2141352356083,-9.48818333881814,1.76665693992038));
#8340=CARTESIAN_POINT('Ctrl Pts',(26.8416366414696,-10.4617475378896,1.76665693992038));
#8341=CARTESIAN_POINT('Ctrl Pts',(25.3861545224372,-11.3709317331985,1.76665693992038));
#8342=CARTESIAN_POINT('Ctrl Pts',(24.1358740047291,-12.0334450315085,1.76665693992038));
#8343=CARTESIAN_POINT('Ctrl Pts',(23.4898589919599,-12.3494691044864,1.76665693992038));
#8344=CARTESIAN_POINT('Ctrl Pts',(23.4850642528947,-12.3518146461348,1.76665693992038));
#8345=CARTESIAN_POINT('Ctrl Pts',(23.4802695138301,-12.3541601877828,1.76665693992038));
#8346=CARTESIAN_POINT('Ctrl Pts',(23.4722782820549,-12.3580694238632,1.76665693992038));
#8347=CARTESIAN_POINT('Ctrl Pts',(23.4690817893446,-12.3596331182955,1.76665693992038));
#8348=CARTESIAN_POINT('Ctrl Pts',(23.4658852966342,-12.3611968127278,1.76665693992038));
#8349=CARTESIAN_POINT('Ctrl Pts',(33.799632979752,-2.80492744509746,1.37555328598143));
#8350=CARTESIAN_POINT('Ctrl Pts',(33.7148201694203,-2.95323573032605,1.48037606467557));
#8351=CARTESIAN_POINT('Ctrl Pts',(33.5419166988981,-3.24613939125066,1.61954849714202));
#8352=CARTESIAN_POINT('Ctrl Pts',(33.1836120269733,-3.81779019400382,1.80085065022765));
#8353=CARTESIAN_POINT('Ctrl Pts',(32.7133637953107,-4.5070175455017,1.91990851579894));
#8354=CARTESIAN_POINT('Ctrl Pts',(31.9168404514704,-5.55979839346032,2.01470296095048));
#8355=CARTESIAN_POINT('Ctrl Pts',(31.2730712206524,-6.29685185617567,2.02589110078911));
#8356=CARTESIAN_POINT('Ctrl Pts',(30.5222343083458,-7.08527541727939,2.03273764309631));
#8357=CARTESIAN_POINT('Ctrl Pts',(30.2107911260519,-7.39389995338849,2.03310492317635));
#8358=CARTESIAN_POINT('Ctrl Pts',(29.6980175992114,-7.87560728918884,2.03331815900658));
#8359=CARTESIAN_POINT('Ctrl Pts',(29.5016677738166,-8.05433165815028,2.03334731516679));
#8360=CARTESIAN_POINT('Ctrl Pts',(29.3026470551737,-8.23003063381162,2.03332846996019));
#8361=CARTESIAN_POINT('Ctrl Pts',(28.8165103477499,-8.65920468193454,2.03332846996019));
#8362=CARTESIAN_POINT('Ctrl Pts',(28.0525290851311,-9.27583955214768,2.03332846996019));
#8363=CARTESIAN_POINT('Ctrl Pts',(26.6946355881635,-10.2390571006477,2.03332846996019));
#8364=CARTESIAN_POINT('Ctrl Pts',(25.2533077059403,-11.1394470792025,2.03332846996019));
#8365=CARTESIAN_POINT('Ctrl Pts',(24.0136148321466,-11.796382262605,2.03332846996019));
#8366=CARTESIAN_POINT('Ctrl Pts',(23.3726758112264,-12.1099241043571,2.03332846996019));
#8367=CARTESIAN_POINT('Ctrl Pts',(23.3678810721617,-12.1122696460052,2.03332846996019));
#8368=CARTESIAN_POINT('Ctrl Pts',(23.3630863330966,-12.1146151876535,2.03332846996019));
#8369=CARTESIAN_POINT('Ctrl Pts',(23.3550951013214,-12.1185244237339,2.03332846996019));
#8370=CARTESIAN_POINT('Ctrl Pts',(23.351898608611,-12.1200881181662,2.03332846996019));
#8371=CARTESIAN_POINT('Ctrl Pts',(23.3487021159007,-12.1216518125985,2.03332846996019));
#8372=CARTESIAN_POINT('Ctrl Pts',(33.4670517552847,-2.42820366217603,1.50000000000001));
#8373=CARTESIAN_POINT('Ctrl Pts',(33.3901158739104,-2.58543435870238,1.6268886770824));
#8374=CARTESIAN_POINT('Ctrl Pts',(33.2322602219439,-2.89538309227089,1.79683344114402));
#8375=CARTESIAN_POINT('Ctrl Pts',(32.9013448793804,-3.49805853204367,2.0168869531543));
#8376=CARTESIAN_POINT('Ctrl Pts',(32.4605002718995,-4.22059216699491,2.16213757023776));
#8377=CARTESIAN_POINT('Ctrl Pts',(31.7014790531473,-5.31585269026717,2.2772144603895));
#8378=CARTESIAN_POINT('Ctrl Pts',(31.0758034778273,-6.07340132782882,2.29080638038713));
#8379=CARTESIAN_POINT('Ctrl Pts',(30.338447290647,-6.87709487230045,2.29938172178174));
#8380=CARTESIAN_POINT('Ctrl Pts',(30.0306103308815,-7.18980427458064,2.29968031478678));
#8381=CARTESIAN_POINT('Ctrl Pts',(29.5209530431684,-7.67504145905015,2.30001897916791));
#8382=CARTESIAN_POINT('Ctrl Pts',(29.3251782971798,-7.854417236069,2.3));
#8383=CARTESIAN_POINT('Ctrl Pts',(29.1261583312422,-8.03011706434017,2.3));
#8384=CARTESIAN_POINT('Ctrl Pts',(28.6459627850572,-8.45404576216613,2.3));
#8385=CARTESIAN_POINT('Ctrl Pts',(27.8909215916939,-9.06349671850169,2.3));
#8386=CARTESIAN_POINT('Ctrl Pts',(26.5476362542139,-10.0163654124148,2.3));
#8387=CARTESIAN_POINT('Ctrl Pts',(25.1204607365289,-10.9079623693629,2.3));
#8388=CARTESIAN_POINT('Ctrl Pts',(23.8913562226133,-11.5593205632563,2.3));
#8389=CARTESIAN_POINT('Ctrl Pts',(23.2554926304929,-11.8703791042278,2.3));
#8390=CARTESIAN_POINT('Ctrl Pts',(23.250697891428,-11.8727246458759,2.3));
#8391=CARTESIAN_POINT('Ctrl Pts',(23.2459031523632,-11.8750701875241,2.3));
#8392=CARTESIAN_POINT('Ctrl Pts',(23.2379119205879,-11.8789794236046,2.3));
#8393=CARTESIAN_POINT('Ctrl Pts',(23.2347154278776,-11.8805431180369,2.3));
#8394=CARTESIAN_POINT('Ctrl Pts',(23.2315189351672,-11.8821068124692,2.3));
#8395=CARTESIAN_POINT('Ctrl Pts',(33.4670517552847,-2.42820366217603,1.50000000000001));
#8396=CARTESIAN_POINT('Ctrl Pts',(33.3901158739104,-2.58543435870238,1.6268886770824));
#8397=CARTESIAN_POINT('Ctrl Pts',(33.2322602219439,-2.89538309227089,1.79683344114402));
#8398=CARTESIAN_POINT('Ctrl Pts',(32.9013448793804,-3.49805853204367,2.0168869531543));
#8399=CARTESIAN_POINT('Ctrl Pts',(32.4605002718995,-4.22059216699491,2.16213757023776));
#8400=CARTESIAN_POINT('Ctrl Pts',(31.7014790531473,-5.31585269026717,2.2772144603895));
#8401=CARTESIAN_POINT('Ctrl Pts',(31.0758034778273,-6.07340132782882,2.29080638038713));
#8402=CARTESIAN_POINT('Ctrl Pts',(30.338447290647,-6.87709487230045,2.29938172178174));
#8403=CARTESIAN_POINT('Ctrl Pts',(30.0306103308815,-7.18980427458064,2.29968031478678));
#8404=CARTESIAN_POINT('Ctrl Pts',(29.5209530431684,-7.67504145905015,2.30001897916791));
#8405=CARTESIAN_POINT('Ctrl Pts',(29.3251782971798,-7.854417236069,2.3));
#8406=CARTESIAN_POINT('Ctrl Pts',(29.1261583312422,-8.03011706434017,2.3));
#8407=CARTESIAN_POINT('Ctrl Pts',(28.6459627850572,-8.45404576216613,2.3));
#8408=CARTESIAN_POINT('Ctrl Pts',(27.8909215916939,-9.06349671850169,2.3));
#8409=CARTESIAN_POINT('Ctrl Pts',(26.5476362542139,-10.0163654124148,2.3));
#8410=CARTESIAN_POINT('Ctrl Pts',(25.1204607365289,-10.9079623693629,2.3));
#8411=CARTESIAN_POINT('Ctrl Pts',(23.8913562226133,-11.5593205632563,2.3));
#8412=CARTESIAN_POINT('Ctrl Pts',(23.2554926304929,-11.8703791042278,2.3));
#8413=CARTESIAN_POINT('Ctrl Pts',(23.250697891428,-11.8727246458759,2.3));
#8414=CARTESIAN_POINT('Ctrl Pts',(23.2459031523632,-11.8750701875241,2.3));
#8415=CARTESIAN_POINT('Ctrl Pts',(23.2411084132982,-11.8774157291723,2.3));
#8416=CARTESIAN_POINT('Origin',(15.395203496434,7.97163306277526,5.4));
#8417=CARTESIAN_POINT('',(21.8179810278712,21.5367741103648,5.));
#8418=CARTESIAN_POINT('',(21.6647145297387,21.1894250386603,5.));
#8419=CARTESIAN_POINT('',(16.3720476855564,9.19461248948648,5.));
#8420=CARTESIAN_POINT('',(22.3024527285219,22.6347361408055,5.));
#8421=CARTESIAN_POINT('',(15.761161177067,7.81015558451373,5.));
#8422=CARTESIAN_POINT('',(21.5746494016312,22.9670102332159,5.8));
#8423=CARTESIAN_POINT('',(23.3573115242896,22.1531469036662,3.84050126533594));
#8424=CARTESIAN_POINT('',(21.0901777009805,21.8690482027751,5.8));
#8425=CARTESIAN_POINT('',(21.5746494016312,22.9670102332159,5.8));
#8426=CARTESIAN_POINT('',(20.9333725005719,21.5010643320351,5.79490739991178));
#8427=CARTESIAN_POINT('',(18.0657303346567,14.7714019142003,5.70177429776293));
#8428=CARTESIAN_POINT('Ctrl Pts',(20.9333725005719,21.5010643320351,5.79490739991177));
#8429=CARTESIAN_POINT('Ctrl Pts',(20.9513811037703,21.4933905102778,5.775333559802));
#8430=CARTESIAN_POINT('Ctrl Pts',(20.9686365147104,21.4860376386285,5.75657837645715));
#8431=CARTESIAN_POINT('Ctrl Pts',(20.9851307791101,21.4790091065638,5.73865049551427));
#8432=CARTESIAN_POINT('Ctrl Pts',(20.9964894955756,21.4741689329763,5.72630452411937));
#8433=CARTESIAN_POINT('Ctrl Pts',(21.0074872505338,21.4694825722214,5.71435088758546));
#8434=CARTESIAN_POINT('Ctrl Pts',(21.018121446279,21.4649511312329,5.70279240940037));
#8435=CARTESIAN_POINT('Ctrl Pts',(21.0211791765356,21.4636481719354,5.69946891326449));
#8436=CARTESIAN_POINT('Ctrl Pts',(21.0242068485074,21.4623580210672,5.69617808796126));
#8437=CARTESIAN_POINT('Ctrl Pts',(21.0272044004392,21.4610807049434,5.69292000061339));
#8438=CARTESIAN_POINT('Ctrl Pts',(21.0290118938647,21.4603104962703,5.69095540697328));
#8439=CARTESIAN_POINT('Ctrl Pts',(21.0308064092276,21.4595458178061,5.689004919398));
#8440=CARTESIAN_POINT('Ctrl Pts',(21.0326041720479,21.4587797555362,5.68705090210904));
#8441=CARTESIAN_POINT('Ctrl Pts',(21.2433076246115,21.3689948499109,5.45803393473936));
#8442=CARTESIAN_POINT('Ctrl Pts',(21.4540110771751,21.2792099442856,5.22901696736968));
#8443=CARTESIAN_POINT('Ctrl Pts',(21.6647145297387,21.1894250386603,5.));
#8444=CARTESIAN_POINT('Origin',(20.9333725005719,21.5010643320351,5.));
#8445=CARTESIAN_POINT('',(20.9333725005719,21.5010643320351,5.8));
#8446=CARTESIAN_POINT('',(21.0901777009805,21.8690482027751,5.8));
#8447=CARTESIAN_POINT('',(20.9333725005719,21.5010643320351,5.));
#8448=CARTESIAN_POINT('Origin',(-46.499718148855,8.52081680079515,5.4));
#8449=CARTESIAN_POINT('',(-53.1646394356505,22.6349823542566,5.));
#8450=CARTESIAN_POINT('',(-52.4368339406686,22.9672516977033,5.8));
#8451=CARTESIAN_POINT('',(-53.8010862839384,22.3444215136509,4.300420947436));
#8452=CARTESIAN_POINT('',(-52.6801748992733,21.5370171626345,5.));
#8453=CARTESIAN_POINT('',(-46.8656768831297,8.35934171043123,5.));
#8454=CARTESIAN_POINT('',(-52.526910667616,21.189667090865,5.));
#8455=CARTESIAN_POINT('',(-47.355439242063,9.46931361115405,5.));
#8456=CARTESIAN_POINT('',(-51.795566605001,21.5013016121865,5.79490739991211));
#8457=CARTESIAN_POINT('Ctrl Pts',(-52.526910667616,21.189667090865,5.));
#8458=CARTESIAN_POINT('Ctrl Pts',(-52.4076915926932,21.2404677758574,5.12958076739962));
#8459=CARTESIAN_POINT('Ctrl Pts',(-52.2884725177704,21.2912684608498,5.25916153479925));
#8460=CARTESIAN_POINT('Ctrl Pts',(-52.1692534428476,21.3420691458422,5.38874230219887));
#8461=CARTESIAN_POINT('Ctrl Pts',(-52.1394486741169,21.3547693170903,5.42113749404878));
#8462=CARTESIAN_POINT('Ctrl Pts',(-52.1096439053862,21.3674694883384,5.45353268589868));
#8463=CARTESIAN_POINT('Ctrl Pts',(-52.0798391366555,21.3801696595865,5.48592787774859));
#8464=CARTESIAN_POINT('Ctrl Pts',(-52.0574855601075,21.3896947880225,5.51022427163602));
#8465=CARTESIAN_POINT('Ctrl Pts',(-52.0351319835594,21.3992199164586,5.53452066552344));
#8466=CARTESIAN_POINT('Ctrl Pts',(-52.0127784070114,21.4087450448947,5.55881705941087));
#8467=CARTESIAN_POINT('Ctrl Pts',(-52.0093046658065,21.4102252478975,5.56259271403129));
#8468=CARTESIAN_POINT('Ctrl Pts',(-52.0058309246017,21.4117054509003,5.5663683686517));
#8469=CARTESIAN_POINT('Ctrl Pts',(-52.0023571833968,21.4131856539031,5.57014402327211));
#8470=CARTESIAN_POINT('Ctrl Pts',(-52.0001665091122,21.4141191266241,5.57252509572304));
#8471=CARTESIAN_POINT('Ctrl Pts',(-51.9979773480798,21.41505195453,5.57490452340046));
#8472=CARTESIAN_POINT('Ctrl Pts',(-51.9957847443035,21.4159862494306,5.57728769304104));
#8473=CARTESIAN_POINT('Ctrl Pts',(-51.9343343537955,21.4421710016011,5.64407892392571));
#8474=CARTESIAN_POINT('Ctrl Pts',(-51.8676148061428,21.4706010051499,5.71659727043188));
#8475=CARTESIAN_POINT('Ctrl Pts',(-51.795566605001,21.5013016121865,5.79490739991211));
#8476=CARTESIAN_POINT('',(-51.9523694042914,21.8692865060812,5.8));
#8477=CARTESIAN_POINT('',(-49.123940084108,15.2315270528922,5.70813901620554));
#8478=CARTESIAN_POINT('',(-52.4368339406686,22.9672516977033,5.8));
#8479=CARTESIAN_POINT('Origin',(-51.9523694042914,21.8692865060812,5.));
#8480=CARTESIAN_POINT('',(-51.795566605001,21.5013016121865,5.8));
#8481=CARTESIAN_POINT('',(-51.795566605001,21.5013016121865,5.));
#8482=CARTESIAN_POINT('',(-51.9523694042914,21.8692865060812,5.8));
#8483=CARTESIAN_POINT('Origin',(-46.2579273408719,2.35639252234169,5.4));
#8484=CARTESIAN_POINT('',(-52.6802817301001,-11.2077895547084,5.));
#8485=CARTESIAN_POINT('',(-52.4983308983774,-11.290858077811,5.2));
#8486=CARTESIAN_POINT('',(-53.3149861261959,-10.9180192014146,4.30233416348086));
#8487=CARTESIAN_POINT('',(-53.1647534307513,-12.3057515851489,5.));
#8488=CARTESIAN_POINT('',(-46.6238850215048,2.5178700006034,5.));
#8489=CARTESIAN_POINT('',(-52.4369501038606,-12.6380256775593,5.8));
#8490=CARTESIAN_POINT('',(-54.2196091913819,-11.8241637336826,3.8405046015527));
#8491=CARTESIAN_POINT('',(-51.9524784032093,-11.5400636471188,5.8));
#8492=CARTESIAN_POINT('',(-51.9524784032093,-11.5400636471188,5.8));
#8493=CARTESIAN_POINT('',(-51.7956732028007,-11.1720797763788,5.79490739991159));
#8494=CARTESIAN_POINT('',(-48.9282364363339,-4.44289938135951,5.70178096856646));
#8495=CARTESIAN_POINT('',(-52.3430083830569,-10.9388494381627,5.2));
#8496=CARTESIAN_POINT('Ctrl Pts',(-51.7956732028007,-11.1720797763788,5.79490739991159));
#8497=CARTESIAN_POINT('Ctrl Pts',(-51.9781182628861,-11.0943363303067,5.59660493327439));
#8498=CARTESIAN_POINT('Ctrl Pts',(-52.1605633229715,-11.0165928842347,5.3983024666372));
#8499=CARTESIAN_POINT('Ctrl Pts',(-52.3430083830569,-10.9388494381627,5.2));
#8500=CARTESIAN_POINT('',(-46.9409912851583,1.30378445213398,5.2));
#8501=CARTESIAN_POINT('Origin',(-51.7956732028007,-11.1720797763788,5.));
#8502=CARTESIAN_POINT('',(-51.7956732028007,-11.1720797763788,5.8));
#8503=CARTESIAN_POINT('',(-51.9524784032093,-11.5400636471188,5.8));
#8504=CARTESIAN_POINT('',(-51.7956732028007,-11.1720797763788,5.));
#8505=CARTESIAN_POINT('Origin',(15.6378405838186,1.80720877879184,5.4));
#8506=CARTESIAN_POINT('',(22.3023387334209,-12.3059977986005,5.));
#8507=CARTESIAN_POINT('',(21.574533238439,-12.6382671420473,5.8));
#8508=CARTESIAN_POINT('',(22.9387825465585,-12.0154383436499,4.30042428365735));
#8509=CARTESIAN_POINT('',(21.8178741970444,-11.2080326069781,5.));
#8510=CARTESIAN_POINT('',(16.0037993180935,1.9686838691555,5.));
#8511=CARTESIAN_POINT('',(21.635922823299,-11.2910999428398,5.2));
#8512=CARTESIAN_POINT('',(22.8604034586948,-10.7320805625363,3.85405727894233));
#8513=CARTESIAN_POINT('',(21.4806026048581,-10.9390902897108,5.2));
#8514=CARTESIAN_POINT('',(16.1997828086398,1.02908464182341,5.2));
#8515=CARTESIAN_POINT('',(20.9332659027721,-11.1723170565302,5.79490739991239));
#8516=CARTESIAN_POINT('Ctrl Pts',(21.4806026048787,-10.939090289702,5.2));
#8517=CARTESIAN_POINT('Ctrl Pts',(21.2981574182393,-11.016832383078,5.39830205280277));
#8518=CARTESIAN_POINT('Ctrl Pts',(21.1157128842425,-11.0945741983551,5.5966033962621));
#8519=CARTESIAN_POINT('Ctrl Pts',(20.9332659027626,-11.1723170565343,5.79490739992279));
#8520=CARTESIAN_POINT('',(21.0900687020625,-11.5403019504249,5.8));
#8521=CARTESIAN_POINT('',(18.2618447787773,-4.90302452278719,5.70814568703696));
#8522=CARTESIAN_POINT('',(21.0900687020625,-11.5403019504249,5.8));
#8523=CARTESIAN_POINT('Origin',(21.0900687020625,-11.5403019504249,5.));
#8524=CARTESIAN_POINT('',(20.9332659027721,-11.1723170565302,5.8));
#8525=CARTESIAN_POINT('',(20.9332659027721,-11.1723170565302,5.));
#8526=CARTESIAN_POINT('',(21.0900687020625,-11.5403019504249,5.8));
#8527=CARTESIAN_POINT('Origin',(-15.4312048505734,-13.9538002378998,5.2));
#8528=CARTESIAN_POINT('',(-2.4274687526338,-16.3081879538184,5.2));
#8529=CARTESIAN_POINT('',(21.0900687020625,-11.5403019504249,5.2));
#8530=CARTESIAN_POINT('Ctrl Pts',(-2.4274687526338,-16.3081879538184,5.2));
#8531=CARTESIAN_POINT('Ctrl Pts',(0.479414431383429,-16.1005285309407,5.2));
#8532=CARTESIAN_POINT('Ctrl Pts',(3.21293162421092,-15.8165911943314,5.2));
#8533=CARTESIAN_POINT('Ctrl Pts',(5.77533102581297,-15.4549478552815,5.2));
#8534=CARTESIAN_POINT('Ctrl Pts',(10.3069700571483,-14.8153765731322,5.2));
#8535=CARTESIAN_POINT('Ctrl Pts',(14.301091219052,-13.9344497632893,5.2));
#8536=CARTESIAN_POINT('Ctrl Pts',(17.781099224831,-12.7830098198096,5.2));
#8537=CARTESIAN_POINT('Ctrl Pts',(18.9414662744232,-12.39907594156,5.2));
#8538=CARTESIAN_POINT('Ctrl Pts',(20.0445711097185,-11.985801077837,5.2));
#8539=CARTESIAN_POINT('Ctrl Pts',(21.0900687020625,-11.5403019504249,5.2));
#8540=CARTESIAN_POINT('',(-4.22364233347102,-16.4254952368186,5.2));
#8541=CARTESIAN_POINT('',(-2.4274687526338,-16.3081879538184,5.2));
#8542=CARTESIAN_POINT('',(-15.431221800463,-16.7355077220552,5.2));
#8543=CARTESIAN_POINT('Ctrl Pts',(-15.4312218004629,-16.7355077220552,5.2));
#8544=CARTESIAN_POINT('Ctrl Pts',(-11.4535185332241,-16.7355206994208,5.2));
#8545=CARTESIAN_POINT('Ctrl Pts',(-7.71882631050502,-16.6328746636647,5.2));
#8546=CARTESIAN_POINT('Ctrl Pts',(-4.22364233347102,-16.4254952368186,5.2));
#8547=CARTESIAN_POINT('',(-26.6387992443679,-16.4254221067566,5.2));
#8548=CARTESIAN_POINT('Ctrl Pts',(-26.6387992443679,-16.4254221067566,5.2));
#8549=CARTESIAN_POINT('Ctrl Pts',(-23.1436166205704,-16.6328243398648,5.2));
#8550=CARTESIAN_POINT('Ctrl Pts',(-19.4089250677018,-16.7354947446896,5.2));
#8551=CARTESIAN_POINT('Ctrl Pts',(-15.431221800463,-16.7355077220552,5.2));
#8552=CARTESIAN_POINT('',(-28.4349720597303,-16.3081031036281,5.2));
#8553=CARTESIAN_POINT('',(-26.6387992443679,-16.4254221067566,5.2));
#8554=CARTESIAN_POINT('',(-51.9524784032093,-11.5400636471188,5.2));
#8555=CARTESIAN_POINT('Ctrl Pts',(-51.9524784032093,-11.5400636471188,5.2));
#8556=CARTESIAN_POINT('Ctrl Pts',(-50.9069837177937,-11.9855695964503,5.2));
#8557=CARTESIAN_POINT('Ctrl Pts',(-49.8038815791629,-12.3988516579839,5.2));
#8558=CARTESIAN_POINT('Ctrl Pts',(-48.6435170347849,-12.7827931076837,5.2));
#8559=CARTESIAN_POINT('Ctrl Pts',(-45.1635165422886,-13.9342557583813,5.2));
#8560=CARTESIAN_POINT('Ctrl Pts',(-41.1694011285656,-14.8152086300644,5.2));
#8561=CARTESIAN_POINT('Ctrl Pts',(-36.6377662705642,-15.4548094813925,5.2));
#8562=CARTESIAN_POINT('Ctrl Pts',(-34.0753692287593,-15.8164695402309,5.2));
#8563=CARTESIAN_POINT('Ctrl Pts',(-31.3418538886966,-16.1004247131831,5.2));
#8564=CARTESIAN_POINT('Ctrl Pts',(-28.4349720597303,-16.3081031036281,5.2));
#8565=CARTESIAN_POINT('',(-36.3855111839608,-18.6470659281538,5.2));
#8566=CARTESIAN_POINT('',(-51.7956732028007,-11.1720797763788,5.2));
#8567=CARTESIAN_POINT('Ctrl Pts',(-51.7956732028056,-11.1720797763767,5.2));
#8568=CARTESIAN_POINT('Ctrl Pts',(-51.9781182628894,-11.0943363303053,5.2));
#8569=CARTESIAN_POINT('Ctrl Pts',(-52.1605633229732,-11.016592884234,5.2));
#8570=CARTESIAN_POINT('Ctrl Pts',(-52.3430083830569,-10.9388494381627,5.2));
#8571=CARTESIAN_POINT('',(-28.4064672347278,-15.9091200526703,5.2));
#8572=CARTESIAN_POINT('Ctrl Pts',(-28.4064672347278,-15.9091200526703,5.2));
#8573=CARTESIAN_POINT('Ctrl Pts',(-31.3052773490362,-15.7020183353779,5.2));
#8574=CARTESIAN_POINT('Ctrl Pts',(-34.0297578882107,-15.4189426576181,5.2));
#8575=CARTESIAN_POINT('Ctrl Pts',(-36.5818638160521,-15.0587351000201,5.2));
#8576=CARTESIAN_POINT('Ctrl Pts',(-41.0953760022836,-14.4216921062105,5.2));
#8577=CARTESIAN_POINT('Ctrl Pts',(-45.0667559628439,-13.5449441731198,5.2));
#8578=CARTESIAN_POINT('Ctrl Pts',(-48.517864720714,-12.4030412203037,5.2));
#8579=CARTESIAN_POINT('Ctrl Pts',(-49.6687335049845,-12.0222417279477,5.2));
#8580=CARTESIAN_POINT('Ctrl Pts',(-50.7614526755663,-11.6127815840791,5.2));
#8581=CARTESIAN_POINT('Ctrl Pts',(-51.7956732028007,-11.1720797763788,5.2));
#8582=CARTESIAN_POINT('',(-26.6151051410804,-16.0261244865916,5.2));
#8583=CARTESIAN_POINT('',(-21.1143002152478,-16.3854145311568,5.2));
#8584=CARTESIAN_POINT('',(-15.431220495452,-16.3355077220573,5.2));
#8585=CARTESIAN_POINT('Ctrl Pts',(-15.431220495452,-16.3355077220573,5.2));
#8586=CARTESIAN_POINT('Ctrl Pts',(-19.402041518448,-16.3354947671452,5.2));
#8587=CARTESIAN_POINT('Ctrl Pts',(-23.1289496986103,-16.2329910516768,5.2));
#8588=CARTESIAN_POINT('Ctrl Pts',(-26.6151051410804,-16.0261244865916,5.2));
#8589=CARTESIAN_POINT('',(-4.24733383131923,-16.0261974620568,5.2));
#8590=CARTESIAN_POINT('Ctrl Pts',(-4.24733383131923,-16.0261974620568,5.2));
#8591=CARTESIAN_POINT('Ctrl Pts',(-7.73349062353069,-16.2330412797828,5.2));
#8592=CARTESIAN_POINT('Ctrl Pts',(-11.460399472456,-16.3355206769694,5.2));
#8593=CARTESIAN_POINT('Ctrl Pts',(-15.431220495452,-16.3355077220573,5.2));
#8594=CARTESIAN_POINT('',(-2.45597097424951,-15.9092047168735,5.2));
#8595=CARTESIAN_POINT('',(-8.85245183184035,-16.3269547288762,5.2));
#8596=CARTESIAN_POINT('',(20.9332659027721,-11.1723170565302,5.2));
#8597=CARTESIAN_POINT('Ctrl Pts',(20.9332659027721,-11.1723170565302,5.2));
#8598=CARTESIAN_POINT('Ctrl Pts',(17.7020096159489,-12.5491943126481,5.2));
#8599=CARTESIAN_POINT('Ctrl Pts',(14.1520414085395,-13.5192469652876,5.2));
#8600=CARTESIAN_POINT('Ctrl Pts',(6.40861981226915,-15.076812152352,5.2));
#8601=CARTESIAN_POINT('Ctrl Pts',(1.89407111309491,-15.5984501484346,5.2));
#8602=CARTESIAN_POINT('Ctrl Pts',(-2.45597097424951,-15.9092047168735,5.2));
#8603=CARTESIAN_POINT('Ctrl Pts',(21.4806026048581,-10.9390902897108,5.2));
#8604=CARTESIAN_POINT('Ctrl Pts',(21.2981570374978,-11.0168325453166,5.2));
#8605=CARTESIAN_POINT('Ctrl Pts',(21.1157114701374,-11.0945748009223,5.2));
#8606=CARTESIAN_POINT('Ctrl Pts',(20.9332659027771,-11.1723170565281,5.2));
#8607=CARTESIAN_POINT('',(6.34211624193957,-18.2732718371545,5.2));
#8608=CARTESIAN_POINT('Ctrl Pts',(-2.45583346750104,26.2381046083266,3.07999999999999));
#8609=CARTESIAN_POINT('Ctrl Pts',(-2.45583346750104,26.2381046083266,7.88000000000001));
#8610=CARTESIAN_POINT('Ctrl Pts',(0.442976646807376,26.0310028910342,3.07999999999999));
#8611=CARTESIAN_POINT('Ctrl Pts',(0.442976646807376,26.0310028910342,7.88000000000001));
#8612=CARTESIAN_POINT('Ctrl Pts',(3.16745718598182,25.7479272132744,3.07999999999999));
#8613=CARTESIAN_POINT('Ctrl Pts',(3.16745718598182,25.7479272132744,7.88000000000001));
#8614=CARTESIAN_POINT('Ctrl Pts',(5.71956311382328,25.3877196556764,3.07999999999999));
#8615=CARTESIAN_POINT('Ctrl Pts',(5.71956311382328,25.3877196556764,7.88000000000001));
#8616=CARTESIAN_POINT('Ctrl Pts',(10.2330753000547,24.7506766618668,3.07999999999999));
#8617=CARTESIAN_POINT('Ctrl Pts',(10.2330753000547,24.7506766618668,7.88000000000001));
#8618=CARTESIAN_POINT('Ctrl Pts',(14.2044552606151,23.8739287287762,3.07999999999999));
#8619=CARTESIAN_POINT('Ctrl Pts',(14.2044552606151,23.8739287287762,7.88000000000001));
#8620=CARTESIAN_POINT('Ctrl Pts',(17.6555640184852,22.7320257759601,3.07999999999999));
#8621=CARTESIAN_POINT('Ctrl Pts',(17.6555640184852,22.7320257759601,7.88000000000001));
#8622=CARTESIAN_POINT('Ctrl Pts',(18.8064328027557,22.3512262836041,3.07999999999999));
#8623=CARTESIAN_POINT('Ctrl Pts',(18.8064328027557,22.3512262836041,7.88000000000001));
#8624=CARTESIAN_POINT('Ctrl Pts',(19.8991519733374,21.9417661397354,3.07999999999999));
#8625=CARTESIAN_POINT('Ctrl Pts',(19.8991519733374,21.9417661397354,7.88000000000001));
#8626=CARTESIAN_POINT('Ctrl Pts',(20.9333725005719,21.5010643320351,3.07999999999999));
#8627=CARTESIAN_POINT('Ctrl Pts',(20.9333725005719,21.5010643320351,7.88000000000001));
#8628=CARTESIAN_POINT('Ctrl Pts',(22.0196243725225,21.0381909399679,3.07999999999999));
#8629=CARTESIAN_POINT('Ctrl Pts',(22.0196243725225,21.0381909399679,7.88000000000001));
#8630=CARTESIAN_POINT('Ctrl Pts',(23.1058762444732,20.5753175479007,3.07999999999999));
#8631=CARTESIAN_POINT('Ctrl Pts',(23.1058762444732,20.5753175479007,7.88000000000001));
#8632=CARTESIAN_POINT('Ctrl Pts',(24.1921281164239,20.1124441558336,3.07999999999999));
#8633=CARTESIAN_POINT('Ctrl Pts',(24.1921281164239,20.1124441558336,7.88000000000001));
#8634=CARTESIAN_POINT('',(-2.45583346750104,26.2381046083266,5.));
#8635=CARTESIAN_POINT('',(20.9333725005719,21.5010643320351,5.));
#8636=CARTESIAN_POINT('Ctrl Pts',(-2.45583346750104,26.2381046083266,5.));
#8637=CARTESIAN_POINT('Ctrl Pts',(0.442976646807376,26.0310028910342,5.));
#8638=CARTESIAN_POINT('Ctrl Pts',(3.16745718598182,25.7479272132744,5.));
#8639=CARTESIAN_POINT('Ctrl Pts',(5.71956311382328,25.3877196556764,5.));
#8640=CARTESIAN_POINT('Ctrl Pts',(10.2330753000547,24.7506766618668,5.));
#8641=CARTESIAN_POINT('Ctrl Pts',(14.2044552606151,23.8739287287762,5.));
#8642=CARTESIAN_POINT('Ctrl Pts',(17.6555640184852,22.7320257759601,5.));
#8643=CARTESIAN_POINT('Ctrl Pts',(18.8064328027557,22.3512262836041,5.));
#8644=CARTESIAN_POINT('Ctrl Pts',(19.8991519733374,21.9417661397354,5.));
#8645=CARTESIAN_POINT('Ctrl Pts',(20.9333725005719,21.5010643320351,5.));
#8646=CARTESIAN_POINT('Ctrl Pts',(20.9333725005768,21.501064332033,5.));
#8647=CARTESIAN_POINT('Ctrl Pts',(21.1771531769641,21.3971845675754,5.));
#8648=CARTESIAN_POINT('Ctrl Pts',(21.4209338533514,21.2933048031179,5.));
#8649=CARTESIAN_POINT('Ctrl Pts',(21.6647145297387,21.1894250386603,5.));
#8650=CARTESIAN_POINT('',(-2.45583346750104,26.2381046083266,5.8));
#8651=CARTESIAN_POINT('Ctrl Pts',(-2.45583346750104,26.2381046083266,5.8));
#8652=CARTESIAN_POINT('Ctrl Pts',(0.442976646807376,26.0310028910342,5.8));
#8653=CARTESIAN_POINT('Ctrl Pts',(3.16745718598182,25.7479272132744,5.8));
#8654=CARTESIAN_POINT('Ctrl Pts',(5.71956311382328,25.3877196556764,5.8));
#8655=CARTESIAN_POINT('Ctrl Pts',(10.2330753000547,24.7506766618668,5.8));
#8656=CARTESIAN_POINT('Ctrl Pts',(14.2044552606151,23.8739287287762,5.8));
#8657=CARTESIAN_POINT('Ctrl Pts',(17.6555640184852,22.7320257759601,5.8));
#8658=CARTESIAN_POINT('Ctrl Pts',(18.8064328027557,22.3512262836041,5.8));
#8659=CARTESIAN_POINT('Ctrl Pts',(19.8991519733374,21.9417661397354,5.8));
#8660=CARTESIAN_POINT('Ctrl Pts',(20.9333725005719,21.5010643320351,5.8));
#8661=CARTESIAN_POINT('',(-2.45583346750104,26.2381046083266,5.));
#8662=CARTESIAN_POINT('Origin',(-4.24719556114846,26.355109042248,5.));
#8663=CARTESIAN_POINT('',(-4.24719556114846,26.355109042248,5.));
#8664=CARTESIAN_POINT('',(-4.24719556114846,26.355109042248,5.));
#8665=CARTESIAN_POINT('',(-4.24719556114846,26.355109042248,5.8));
#8666=CARTESIAN_POINT('',(-4.24719556114846,26.355109042248,5.8));
#8667=CARTESIAN_POINT('',(-4.24719556114846,26.355109042248,5.));
#8668=CARTESIAN_POINT('Ctrl Pts',(-14.3337452122839,26.6622156574238,5.));
#8669=CARTESIAN_POINT('Ctrl Pts',(-14.3337452122839,26.6622156574238,5.8));
#8670=CARTESIAN_POINT('Ctrl Pts',(-14.1995235491738,26.6613209484665,5.));
#8671=CARTESIAN_POINT('Ctrl Pts',(-14.1995235491738,26.6613209484665,5.8));
#8672=CARTESIAN_POINT('Ctrl Pts',(-14.0653018860636,26.6604262395091,5.));
#8673=CARTESIAN_POINT('Ctrl Pts',(-14.0653018860636,26.6604262395091,5.8));
#8674=CARTESIAN_POINT('Ctrl Pts',(-13.9310802229534,26.6595315305518,5.));
#8675=CARTESIAN_POINT('Ctrl Pts',(-13.9310802229534,26.6595315305518,5.8));
#8676=CARTESIAN_POINT('Ctrl Pts',(-10.5181924850231,26.6367815425189,5.));
#8677=CARTESIAN_POINT('Ctrl Pts',(-10.5181924850231,26.6367815425189,5.8));
#8678=CARTESIAN_POINT('Ctrl Pts',(-7.29093205795185,26.5357227080781,5.));
#8679=CARTESIAN_POINT('Ctrl Pts',(-7.29093205795185,26.5357227080781,5.8));
#8680=CARTESIAN_POINT('Ctrl Pts',(-4.24719556114846,26.355109042248,5.));
#8681=CARTESIAN_POINT('Ctrl Pts',(-4.24719556114846,26.355109042248,5.8));
#8682=CARTESIAN_POINT('',(-14.3337452122839,26.6622156574238,5.));
#8683=CARTESIAN_POINT('Ctrl Pts',(-14.3337452122839,26.6622156574238,5.));
#8684=CARTESIAN_POINT('Ctrl Pts',(-14.1995235491738,26.6613209484665,5.));
#8685=CARTESIAN_POINT('Ctrl Pts',(-14.0653018860636,26.6604262395091,5.));
#8686=CARTESIAN_POINT('Ctrl Pts',(-13.9310802229534,26.6595315305518,5.));
#8687=CARTESIAN_POINT('Ctrl Pts',(-10.5181924850231,26.6367815425189,5.));
#8688=CARTESIAN_POINT('Ctrl Pts',(-7.29093205795185,26.5357227080781,5.));
#8689=CARTESIAN_POINT('Ctrl Pts',(-4.24719556114846,26.355109042248,5.));
#8690=CARTESIAN_POINT('',(-14.3337452122839,26.6622156574238,5.8));
#8691=CARTESIAN_POINT('Ctrl Pts',(-14.3337452122839,26.6622156574238,5.8));
#8692=CARTESIAN_POINT('Ctrl Pts',(-14.1995235491738,26.6613209484665,5.8));
#8693=CARTESIAN_POINT('Ctrl Pts',(-14.0653018860636,26.6604262395091,5.8));
#8694=CARTESIAN_POINT('Ctrl Pts',(-13.9310802229534,26.6595315305518,5.8));
#8695=CARTESIAN_POINT('Ctrl Pts',(-10.5181924850231,26.6367815425189,5.8));
#8696=CARTESIAN_POINT('Ctrl Pts',(-7.29093205795185,26.5357227080781,5.8));
#8697=CARTESIAN_POINT('Ctrl Pts',(-4.24719556114846,26.355109042248,5.8));
#8698=CARTESIAN_POINT('',(-14.3337452122839,26.6622156574238,5.));
#8699=CARTESIAN_POINT('Origin',(-16.5284152161015,26.6622228175947,5.));
#8700=CARTESIAN_POINT('',(-16.5284152161015,26.6622228175947,5.));
#8701=CARTESIAN_POINT('',(-16.5284152161015,26.6622228175947,5.));
#8702=CARTESIAN_POINT('',(-16.5284152161015,26.6622228175947,5.8));
#8703=CARTESIAN_POINT('',(-16.5284152161015,26.6622228175947,5.8));
#8704=CARTESIAN_POINT('',(-16.5284152161015,26.6622228175947,5.));
#8705=CARTESIAN_POINT('Ctrl Pts',(-26.6149668709096,26.3551820177132,5.));
#8706=CARTESIAN_POINT('Ctrl Pts',(-26.6149668709096,26.3551820177132,5.8));
#8707=CARTESIAN_POINT('Ctrl Pts',(-23.571229195657,26.5357758229925,5.));
#8708=CARTESIAN_POINT('Ctrl Pts',(-23.571229195657,26.5357758229925,5.8));
#8709=CARTESIAN_POINT('Ctrl Pts',(-20.3439681092401,26.6368135993804,5.));
#8710=CARTESIAN_POINT('Ctrl Pts',(-20.3439681092401,26.6368135993804,5.8));
#8711=CARTESIAN_POINT('Ctrl Pts',(-16.9310802229375,26.6595413181338,5.));
#8712=CARTESIAN_POINT('Ctrl Pts',(-16.9310802229375,26.6595413181338,5.8));
#8713=CARTESIAN_POINT('Ctrl Pts',(-16.7968585539922,26.6604351512874,5.));
#8714=CARTESIAN_POINT('Ctrl Pts',(-16.7968585539922,26.6604351512874,5.8));
#8715=CARTESIAN_POINT('Ctrl Pts',(-16.6626368850469,26.6613289844411,5.));
#8716=CARTESIAN_POINT('Ctrl Pts',(-16.6626368850469,26.6613289844411,5.8));
#8717=CARTESIAN_POINT('Ctrl Pts',(-16.5284152161015,26.6622228175947,5.));
#8718=CARTESIAN_POINT('Ctrl Pts',(-16.5284152161015,26.6622228175947,5.8));
#8719=CARTESIAN_POINT('',(-26.6149668709096,26.3551820177132,5.));
#8720=CARTESIAN_POINT('Ctrl Pts',(-26.6149668709096,26.3551820177132,5.));
#8721=CARTESIAN_POINT('Ctrl Pts',(-23.571229195657,26.5357758229925,5.));
#8722=CARTESIAN_POINT('Ctrl Pts',(-20.3439681092401,26.6368135993804,5.));
#8723=CARTESIAN_POINT('Ctrl Pts',(-16.9310802229375,26.6595413181338,5.));
#8724=CARTESIAN_POINT('Ctrl Pts',(-16.7968585539922,26.6604351512874,5.));
#8725=CARTESIAN_POINT('Ctrl Pts',(-16.6626368850469,26.6613289844411,5.));
#8726=CARTESIAN_POINT('Ctrl Pts',(-16.5284152161015,26.6622228175947,5.));
#8727=CARTESIAN_POINT('',(-26.6149668709096,26.3551820177132,5.8));
#8728=CARTESIAN_POINT('Ctrl Pts',(-26.6149668709096,26.3551820177132,5.8));
#8729=CARTESIAN_POINT('Ctrl Pts',(-23.571229195657,26.5357758229925,5.8));
#8730=CARTESIAN_POINT('Ctrl Pts',(-20.3439681092401,26.6368135993804,5.8));
#8731=CARTESIAN_POINT('Ctrl Pts',(-16.9310802229375,26.6595413181338,5.8));
#8732=CARTESIAN_POINT('Ctrl Pts',(-16.7968585539922,26.6604351512874,5.8));
#8733=CARTESIAN_POINT('Ctrl Pts',(-16.6626368850469,26.6613289844411,5.8));
#8734=CARTESIAN_POINT('Ctrl Pts',(-16.5284152161015,26.6622228175947,5.8));
#8735=CARTESIAN_POINT('',(-26.6149668709096,26.3551820177132,5.));
#8736=CARTESIAN_POINT('Origin',(-28.4063297279793,26.2381892725299,5.));
#8737=CARTESIAN_POINT('',(-28.4063297279793,26.2381892725299,5.));
#8738=CARTESIAN_POINT('',(-28.4063297279793,26.2381892725299,5.));
#8739=CARTESIAN_POINT('',(-28.4063297279793,26.2381892725299,5.8));
#8740=CARTESIAN_POINT('',(-28.4063297279793,26.2381892725299,5.8));
#8741=CARTESIAN_POINT('',(-28.4063297279793,26.2381892725299,5.));
#8742=CARTESIAN_POINT('Ctrl Pts',(-55.0542894490783,20.1127205249175,3.07999999999999));
#8743=CARTESIAN_POINT('Ctrl Pts',(-55.0542894490783,20.1127205249175,7.88000000000002));
#8744=CARTESIAN_POINT('Ctrl Pts',(-53.9680485010525,20.5755808873405,3.07999999999999));
#8745=CARTESIAN_POINT('Ctrl Pts',(-53.9680485010525,20.5755808873405,7.88000000000002));
#8746=CARTESIAN_POINT('Ctrl Pts',(-52.8818075530268,21.0384412497635,3.07999999999999));
#8747=CARTESIAN_POINT('Ctrl Pts',(-52.8818075530268,21.0384412497635,7.88000000000002));
#8748=CARTESIAN_POINT('Ctrl Pts',(-51.795566605001,21.5013016121865,3.07999999999999));
#8749=CARTESIAN_POINT('Ctrl Pts',(-51.795566605001,21.5013016121865,7.88000000000002));
#8750=CARTESIAN_POINT('Ctrl Pts',(-50.7613432021852,21.941996671532,3.07999999999999));
#8751=CARTESIAN_POINT('Ctrl Pts',(-50.7613432021852,21.941996671532,7.88000000000002));
#8752=CARTESIAN_POINT('Ctrl Pts',(-49.6686213598769,22.3514496853396,3.07999999999999));
#8753=CARTESIAN_POINT('Ctrl Pts',(-49.6686213598769,22.3514496853396,7.88000000000002));
#8754=CARTESIAN_POINT('Ctrl Pts',(-48.5177500908934,22.7322416682058,3.07999999999999));
#8755=CARTESIAN_POINT('Ctrl Pts',(-48.5177500908934,22.7322416682058,7.88000000000002));
#8756=CARTESIAN_POINT('Ctrl Pts',(-45.0666338821176,23.8741221023243,3.07999999999999));
#8757=CARTESIAN_POINT('Ctrl Pts',(-45.0666338821176,23.8741221023243,7.88000000000002));
#8758=CARTESIAN_POINT('Ctrl Pts',(-41.0952482008136,24.750844121925,3.07999999999999));
#8759=CARTESIAN_POINT('Ctrl Pts',(-41.0952482008136,24.750844121925,7.88000000000002));
#8760=CARTESIAN_POINT('Ctrl Pts',(-36.5817318579378,25.3878576648073,3.07999999999999));
#8761=CARTESIAN_POINT('Ctrl Pts',(-36.5817318579378,25.3878576648073,7.88000000000002));
#8762=CARTESIAN_POINT('Ctrl Pts',(-34.0296235797767,25.748048569767,3.07999999999999));
#8763=CARTESIAN_POINT('Ctrl Pts',(-34.0296235797767,25.748048569767,7.88000000000002));
#8764=CARTESIAN_POINT('Ctrl Pts',(-31.305141193576,26.0311064701363,3.07999999999999));
#8765=CARTESIAN_POINT('Ctrl Pts',(-31.305141193576,26.0311064701363,7.88000000000002));
#8766=CARTESIAN_POINT('Ctrl Pts',(-28.4063297279793,26.2381892725299,3.07999999999999));
#8767=CARTESIAN_POINT('Ctrl Pts',(-28.4063297279793,26.2381892725299,7.88000000000002));
#8768=CARTESIAN_POINT('',(-51.795566605001,21.5013016121865,5.));
#8769=CARTESIAN_POINT('Ctrl Pts',(-51.795566605001,21.5013016121865,5.));
#8770=CARTESIAN_POINT('Ctrl Pts',(-50.7613432021852,21.941996671532,5.));
#8771=CARTESIAN_POINT('Ctrl Pts',(-49.6686213598769,22.3514496853396,5.));
#8772=CARTESIAN_POINT('Ctrl Pts',(-48.5177500908934,22.7322416682058,5.));
#8773=CARTESIAN_POINT('Ctrl Pts',(-45.0666338821176,23.8741221023243,5.));
#8774=CARTESIAN_POINT('Ctrl Pts',(-41.0952482008136,24.750844121925,5.));
#8775=CARTESIAN_POINT('Ctrl Pts',(-36.5817318579378,25.3878576648073,5.));
#8776=CARTESIAN_POINT('Ctrl Pts',(-34.0296235797767,25.748048569767,5.));
#8777=CARTESIAN_POINT('Ctrl Pts',(-31.305141193576,26.0311064701363,5.));
#8778=CARTESIAN_POINT('Ctrl Pts',(-28.4063297279793,26.2381892725299,5.));
#8779=CARTESIAN_POINT('Ctrl Pts',(-51.795566605001,21.5013016121865,5.8));
#8780=CARTESIAN_POINT('Ctrl Pts',(-50.7613432021852,21.941996671532,5.8));
#8781=CARTESIAN_POINT('Ctrl Pts',(-49.6686213598769,22.3514496853396,5.8));
#8782=CARTESIAN_POINT('Ctrl Pts',(-48.5177500908934,22.7322416682058,5.8));
#8783=CARTESIAN_POINT('Ctrl Pts',(-45.0666338821176,23.8741221023243,5.8));
#8784=CARTESIAN_POINT('Ctrl Pts',(-41.0952482008136,24.750844121925,5.8));
#8785=CARTESIAN_POINT('Ctrl Pts',(-36.5817318579378,25.3878576648073,5.8));
#8786=CARTESIAN_POINT('Ctrl Pts',(-34.0296235797767,25.748048569767,5.8));
#8787=CARTESIAN_POINT('Ctrl Pts',(-31.305141193576,26.0311064701363,5.8));
#8788=CARTESIAN_POINT('Ctrl Pts',(-28.4063297279793,26.2381892725299,5.8));
#8789=CARTESIAN_POINT('Ctrl Pts',(-52.526910667616,21.1896670908649,5.));
#8790=CARTESIAN_POINT('Ctrl Pts',(-52.2831293134127,21.2935452646381,5.));
#8791=CARTESIAN_POINT('Ctrl Pts',(-52.0393479592093,21.3974234384113,5.));
#8792=CARTESIAN_POINT('Ctrl Pts',(-51.7955666050059,21.5013016121844,5.));
#8793=CARTESIAN_POINT('Origin',(-15.4310922695187,24.8816391467455,5.8));
#8794=CARTESIAN_POINT('',(-2.34546431251906,27.8342975920205,5.8));
#8795=CARTESIAN_POINT('Ctrl Pts',(21.5746494016311,22.9670102332159,5.8));
#8796=CARTESIAN_POINT('Ctrl Pts',(21.5699640351563,22.9690067604756,5.8));
#8797=CARTESIAN_POINT('Ctrl Pts',(21.5652786686813,22.9710032877354,5.8));
#8798=CARTESIAN_POINT('Ctrl Pts',(21.5605933022064,22.9729998149952,5.8));
#8799=CARTESIAN_POINT('Ctrl Pts',(20.4812761422472,23.4329181892204,5.8));
#8800=CARTESIAN_POINT('Ctrl Pts',(19.3470250994692,23.8576660037487,5.8));
#8801=CARTESIAN_POINT('Ctrl Pts',(18.1581732747687,24.2510333254799,5.8));
#8802=CARTESIAN_POINT('Ctrl Pts',(14.5914975783939,25.4311750698222,5.8));
#8803=CARTESIAN_POINT('Ctrl Pts',(10.5291758051827,26.3247427572826,5.8));
#8804=CARTESIAN_POINT('Ctrl Pts',(5.9431729318718,26.972017181166,5.8));
#8805=CARTESIAN_POINT('Ctrl Pts',(3.34990254817635,27.3380347437255,5.8));
#8806=CARTESIAN_POINT('Ctrl Pts',(0.589282805448966,27.6246284022553,5.8));
#8807=CARTESIAN_POINT('Ctrl Pts',(-2.34181416749093,27.8340368121577,5.8));
#8808=CARTESIAN_POINT('Ctrl Pts',(-2.34303088250009,27.8341237387786,5.8));
#8809=CARTESIAN_POINT('Ctrl Pts',(-2.34424759750925,27.8342106653995,5.8));
#8810=CARTESIAN_POINT('Ctrl Pts',(-2.34546431251881,27.8342975920204,5.8));
#8811=CARTESIAN_POINT('',(-4.1488533102987,27.952087928041,5.8));
#8812=CARTESIAN_POINT('',(-2.34546431251906,27.8342975920205,5.8));
#8813=CARTESIAN_POINT('',(-14.3270774526942,28.2622067578116,5.8));
#8814=CARTESIAN_POINT('Ctrl Pts',(-4.1488533102987,27.952087928041,5.8));
#8815=CARTESIAN_POINT('Ctrl Pts',(-4.15004192286435,27.9521584596632,5.8));
#8816=CARTESIAN_POINT('Ctrl Pts',(-4.1512305354313,27.9522289912855,5.8));
#8817=CARTESIAN_POINT('Ctrl Pts',(-4.15241914799826,27.9522995229078,5.8));
#8818=CARTESIAN_POINT('Ctrl Pts',(-7.22768258798608,28.1347839803741,5.8));
#8819=CARTESIAN_POINT('Ctrl Pts',(-10.4826695735718,28.2365802971836,5.8));
#8820=CARTESIAN_POINT('Ctrl Pts',(-13.9204150106843,28.2594959842967,5.8));
#8821=CARTESIAN_POINT('Ctrl Pts',(-14.0546366737945,28.2603906932541,5.8));
#8822=CARTESIAN_POINT('Ctrl Pts',(-14.1888583369046,28.2612854022114,5.8));
#8823=CARTESIAN_POINT('Ctrl Pts',(-14.3230800000148,28.2621801111687,5.8));
#8824=CARTESIAN_POINT('Ctrl Pts',(-14.3244124842416,28.262188993383,5.8));
#8825=CARTESIAN_POINT('Ctrl Pts',(-14.3257449684685,28.2621978755973,5.8));
#8826=CARTESIAN_POINT('Ctrl Pts',(-14.3270774526941,28.2622067578116,5.8));
#8827=CARTESIAN_POINT('',(-16.5350725356658,28.2622139614558,5.8));
#8828=CARTESIAN_POINT('',(-14.3270774526942,28.2622067578116,5.8));
#8829=CARTESIAN_POINT('',(-26.713298701444,27.9521615451571,5.8));
#8830=CARTESIAN_POINT('Ctrl Pts',(-16.5350725356658,28.2622139614558,5.8));
#8831=CARTESIAN_POINT('Ctrl Pts',(-16.5364050199478,28.2622050879361,5.8));
#8832=CARTESIAN_POINT('Ctrl Pts',(-16.5377375042312,28.2621962144164,5.8));
#8833=CARTESIAN_POINT('Ctrl Pts',(-16.5390699885147,28.2621873408966,5.8));
#8834=CARTESIAN_POINT('Ctrl Pts',(-16.6732916574603,28.261293507743,5.8));
#8835=CARTESIAN_POINT('Ctrl Pts',(-16.8075133264056,28.2603996745894,5.8));
#8836=CARTESIAN_POINT('Ctrl Pts',(-16.9417349953509,28.2595058414357,5.8));
#8837=CARTESIAN_POINT('Ctrl Pts',(-20.3794805819163,28.2366125858,5.8));
#8838=CARTESIAN_POINT('Ctrl Pts',(-23.6344682316592,28.1348375079607,5.8));
#8839=CARTESIAN_POINT('Ctrl Pts',(-26.7097328623024,27.9523731167603,5.8));
#8840=CARTESIAN_POINT('Ctrl Pts',(-26.7109214753186,27.9523025928944,5.8));
#8841=CARTESIAN_POINT('Ctrl Pts',(-26.7121100883348,27.9522320690285,5.8));
#8842=CARTESIAN_POINT('Ctrl Pts',(-26.7132987013514,27.9521615451626,5.8));
#8843=CARTESIAN_POINT('',(-28.5166884677206,27.8343829763539,5.8));
#8844=CARTESIAN_POINT('',(-26.713298701444,27.9521615451571,5.8));
#8845=CARTESIAN_POINT('Ctrl Pts',(-28.516688467737,27.8343829763527,5.8));
#8846=CARTESIAN_POINT('Ctrl Pts',(-28.5179051833052,27.8342960576716,5.8));
#8847=CARTESIAN_POINT('Ctrl Pts',(-28.5191218988738,27.8342091389904,5.8));
#8848=CARTESIAN_POINT('Ctrl Pts',(-28.5203386144425,27.8341222203091,5.8));
#8849=CARTESIAN_POINT('Ctrl Pts',(-31.4514369537209,27.6247329359791,5.8));
#8850=CARTESIAN_POINT('Ctrl Pts',(-34.2120585664288,27.3381572906502,5.8));
#8851=CARTESIAN_POINT('Ctrl Pts',(-36.8053313383537,26.9721566493294,5.8));
#8852=CARTESIAN_POINT('Ctrl Pts',(-41.391338435068,26.3249121493793,5.8));
#8853=CARTESIAN_POINT('Ctrl Pts',(-45.4536660387707,25.4313709688095,5.8));
#8854=CARTESIAN_POINT('Ctrl Pts',(-49.0203494355589,24.2512524972461,5.8));
#8855=CARTESIAN_POINT('Ctrl Pts',(-50.2092038269773,23.8578929328465,5.8));
#8856=CARTESIAN_POINT('Ctrl Pts',(-51.3434576412339,23.4331525193772,5.8));
#8857=CARTESIAN_POINT('Ctrl Pts',(-52.4227778021626,22.9732411877653,5.8));
#8858=CARTESIAN_POINT('Ctrl Pts',(-52.4274631816647,22.971244691078,5.8));
#8859=CARTESIAN_POINT('Ctrl Pts',(-52.4321485611668,22.9692481943906,5.8));
#8860=CARTESIAN_POINT('Ctrl Pts',(-52.4368339406686,22.9672516977033,5.8));
#8861=CARTESIAN_POINT('Origin',(-15.4310922695187,24.8816391467455,5.));
#8862=CARTESIAN_POINT('',(-2.42732864249851,26.6370876592844,5.));
#8863=CARTESIAN_POINT('',(21.0901777009805,21.8690482027751,5.));
#8864=CARTESIAN_POINT('Ctrl Pts',(-2.42732864249851,26.6370876592844,5.));
#8865=CARTESIAN_POINT('Ctrl Pts',(0.479553186467774,26.4294092688395,5.));
#8866=CARTESIAN_POINT('Ctrl Pts',(3.21306852653045,26.1454540958872,5.));
#8867=CARTESIAN_POINT('Ctrl Pts',(5.77546556833541,25.7837940370488,5.));
#8868=CARTESIAN_POINT('Ctrl Pts',(10.3071004263367,25.1441931857208,5.));
#8869=CARTESIAN_POINT('Ctrl Pts',(14.3012158400598,24.2632403140377,5.));
#8870=CARTESIAN_POINT('Ctrl Pts',(17.7812163325561,23.11177766334,5.));
#8871=CARTESIAN_POINT('Ctrl Pts',(18.9415808769341,22.7278362136402,5.));
#8872=CARTESIAN_POINT('Ctrl Pts',(20.0446830155649,22.3145541521066,5.));
#8873=CARTESIAN_POINT('Ctrl Pts',(21.0901777009805,21.8690482027751,5.));
#8874=CARTESIAN_POINT('',(22.7282820532568,21.1211818262207,5.));
#8875=CARTESIAN_POINT('',(-51.9523694042914,21.8692865060812,5.));
#8876=CARTESIAN_POINT('',(-51.9523694042914,21.8692865060812,5.));
#8877=CARTESIAN_POINT('',(-28.434831949595,26.6371725094747,5.));
#8878=CARTESIAN_POINT('Ctrl Pts',(-51.9523694042914,21.8692865060812,5.));
#8879=CARTESIAN_POINT('Ctrl Pts',(-50.9068718119474,22.3147856334933,5.));
#8880=CARTESIAN_POINT('Ctrl Pts',(-49.803766976652,22.7280604972163,5.));
#8881=CARTESIAN_POINT('Ctrl Pts',(-48.6433999270598,23.1119943754659,5.));
#8882=CARTESIAN_POINT('Ctrl Pts',(-45.1633919212808,24.2634343189456,5.));
#8883=CARTESIAN_POINT('Ctrl Pts',(-41.1692707593772,25.1443611287886,5.));
#8884=CARTESIAN_POINT('Ctrl Pts',(-36.6376317280418,25.7839324109378,5.));
#8885=CARTESIAN_POINT('Ctrl Pts',(-34.0752323264398,26.1455757499878,5.));
#8886=CARTESIAN_POINT('Ctrl Pts',(-31.3417151336122,26.429513086597,5.));
#8887=CARTESIAN_POINT('Ctrl Pts',(-28.434831949595,26.6371725094747,5.));
#8888=CARTESIAN_POINT('',(-26.6386583687578,26.754479792475,5.));
#8889=CARTESIAN_POINT('',(-28.434831949595,26.6371725094747,5.));
#8890=CARTESIAN_POINT('',(-16.5310789092049,27.0622139484202,5.));
#8891=CARTESIAN_POINT('Ctrl Pts',(-26.6386583687578,26.754479792475,5.));
#8892=CARTESIAN_POINT('Ctrl Pts',(-23.5870389546576,26.9355412442345,5.));
#8893=CARTESIAN_POINT('Ctrl Pts',(-20.3528462274092,27.0367633459853,5.));
#8894=CARTESIAN_POINT('Ctrl Pts',(-16.9337439160408,27.0595324489593,5.));
#8895=CARTESIAN_POINT('Ctrl Pts',(-16.7995222470955,27.0604262821129,5.));
#8896=CARTESIAN_POINT('Ctrl Pts',(-16.6653005781502,27.0613201152665,5.));
#8897=CARTESIAN_POINT('Ctrl Pts',(-16.5310789092049,27.0622139484202,5.));
#8898=CARTESIAN_POINT('',(-14.3310789092166,27.0622067708601,5.));
#8899=CARTESIAN_POINT('',(-14.3310789092166,27.0622067708601,5.));
#8900=CARTESIAN_POINT('',(-4.22350145786094,26.7544066624129,5.));
#8901=CARTESIAN_POINT('Ctrl Pts',(-14.3310789092166,27.0622067708601,5.));
#8902=CARTESIAN_POINT('Ctrl Pts',(-14.1968572461065,27.0613120619027,5.));
#8903=CARTESIAN_POINT('Ctrl Pts',(-14.0626355829963,27.0604173529454,5.));
#8904=CARTESIAN_POINT('Ctrl Pts',(-13.9284139198862,27.059522643988,5.));
#8905=CARTESIAN_POINT('Ctrl Pts',(-10.5093117571602,27.0367312311851,5.));
#8906=CARTESIAN_POINT('Ctrl Pts',(-7.27511969046041,26.9354880261521,5.));
#8907=CARTESIAN_POINT('Ctrl Pts',(-4.22350145786095,26.7544066624129,5.));
#8908=CARTESIAN_POINT('',(-2.42732864249851,26.6370876592844,5.));
#8909=CARTESIAN_POINT('Origin',(-15.4311503511144,5.16334659734044,5.));
#8910=CARTESIAN_POINT('',(-54.1034091155239,22.2064002848301,5.));
#8911=CARTESIAN_POINT('',(-52.4368339406701,22.9672516977027,5.));
#8912=CARTESIAN_POINT('',(-66.031150350845,5.16465736171101,5.));
#8913=CARTESIAN_POINT('Ctrl Pts',(-54.1034091155218,22.2064002848312,5.));
#8914=CARTESIAN_POINT('Ctrl Pts',(-54.1082038545886,22.2040547431821,5.));
#8915=CARTESIAN_POINT('Ctrl Pts',(-54.1129985936553,22.2017092015331,5.));
#8916=CARTESIAN_POINT('Ctrl Pts',(-54.117793332722,22.199363659884,5.));
#8917=CARTESIAN_POINT('Ctrl Pts',(-56.6078284196888,20.9812617104755,5.));
#8918=CARTESIAN_POINT('Ctrl Pts',(-58.7710547576525,19.5389539301529,5.));
#8919=CARTESIAN_POINT('Ctrl Pts',(-60.5756636322679,17.8208387704048,5.));
#8920=CARTESIAN_POINT('Ctrl Pts',(-60.8950315597478,17.5167779373573,5.));
#8921=CARTESIAN_POINT('Ctrl Pts',(-61.2028410905555,17.2038054279719,5.));
#8922=CARTESIAN_POINT('Ctrl Pts',(-61.4983243299254,16.8817475397385,5.));
#8923=CARTESIAN_POINT('Ctrl Pts',(-62.9843353417996,15.2620902982772,5.));
#8924=CARTESIAN_POINT('Ctrl Pts',(-64.1543205487882,13.4083070525799,5.));
#8925=CARTESIAN_POINT('Ctrl Pts',(-64.9204860604857,11.395725184539,5.));
#8926=CARTESIAN_POINT('Ctrl Pts',(-65.668260676544,9.43145296047879,5.));
#8927=CARTESIAN_POINT('Ctrl Pts',(-66.0311433149016,7.32125029069371,5.));
#8928=CARTESIAN_POINT('Ctrl Pts',(-66.031150350845,5.16465736171101,5.));
#8929=CARTESIAN_POINT('',(-54.1035203140843,-11.8771633902076,5.));
#8930=CARTESIAN_POINT('Ctrl Pts',(-66.031150350845,5.16465736171103,5.));
#8931=CARTESIAN_POINT('Ctrl Pts',(-66.0311573867884,3.00806443272833,5.));
#8932=CARTESIAN_POINT('Ctrl Pts',(-65.6682885176262,0.897859395159125,5.));
#8933=CARTESIAN_POINT('Ctrl Pts',(-64.9205267185674,-1.06641770812945,5.));
#8934=CARTESIAN_POINT('Ctrl Pts',(-64.1543743390929,-3.07900457539938,5.));
#8935=CARTESIAN_POINT('Ctrl Pts',(-62.9844012281663,-4.93279545527467,5.));
#8936=CARTESIAN_POINT('Ctrl Pts',(-61.4984007846757,-6.55246239300455,5.));
#8937=CARTESIAN_POINT('Ctrl Pts',(-61.2029196467575,-6.87452220927541,5.));
#8938=CARTESIAN_POINT('Ctrl Pts',(-60.895112158119,-7.18749672712812,5.));
#8939=CARTESIAN_POINT('Ctrl Pts',(-60.5757462146595,-7.49155964406238,5.));
#8940=CARTESIAN_POINT('Ctrl Pts',(-58.7711485508778,-9.20968657894545,5.));
#8941=CARTESIAN_POINT('Ctrl Pts',(-56.6079316240972,-10.6520084744075,5.));
#8942=CARTESIAN_POINT('Ctrl Pts',(-54.1179044853651,-11.8701266714051,5.));
#8943=CARTESIAN_POINT('Ctrl Pts',(-54.1131097616048,-11.8724722443393,5.));
#8944=CARTESIAN_POINT('Ctrl Pts',(-54.1083150378445,-11.8748178172735,5.));
#8945=CARTESIAN_POINT('Ctrl Pts',(-54.1035203140843,-11.8771633902076,5.));
#8946=CARTESIAN_POINT('',(-54.1035203140846,-11.8771633902075,5.));
#8947=CARTESIAN_POINT('',(-53.5905827554857,-10.7921972705643,5.));
#8948=CARTESIAN_POINT('',(-53.5905827554857,-10.7921972705643,5.));
#8949=CARTESIAN_POINT('',(-64.8311503508514,5.16465344667823,5.));
#8950=CARTESIAN_POINT('Ctrl Pts',(-53.5905827554857,-10.7921972705643,5.));
#8951=CARTESIAN_POINT('Ctrl Pts',(-55.9911938463647,-9.61782129360083,5.));
#8952=CARTESIAN_POINT('Ctrl Pts',(-58.0476533075686,-8.24161779437322,5.));
#8953=CARTESIAN_POINT('Ctrl Pts',(-59.7482957595717,-6.62246485960273,5.));
#8954=CARTESIAN_POINT('Ctrl Pts',(-60.0487092660635,-6.33644623757663,5.));
#8955=CARTESIAN_POINT('Ctrl Pts',(-60.3375293379152,-6.04273125611176,5.));
#8956=CARTESIAN_POINT('Ctrl Pts',(-60.614170982476,-5.74120555518945,5.));
#8957=CARTESIAN_POINT('Ctrl Pts',(-62.0039484785733,-4.22641686781706,5.));
#8958=CARTESIAN_POINT('Ctrl Pts',(-63.0902482817261,-2.50139723658316,5.));
#8959=CARTESIAN_POINT('Ctrl Pts',(-63.7990399963571,-0.639489690887642,
5.));
#8960=CARTESIAN_POINT('Ctrl Pts',(-64.4910534307626,1.1783434025945,5.));
#8961=CARTESIAN_POINT('Ctrl Pts',(-64.8311569477836,3.14262220752214,5.));
#8962=CARTESIAN_POINT('Ctrl Pts',(-64.8311503508514,5.16465344667823,5.));
#8963=CARTESIAN_POINT('',(-53.590478636402,21.1214308182631,5.));
#8964=CARTESIAN_POINT('Ctrl Pts',(-64.8311503508514,5.16465344667822,5.));
#8965=CARTESIAN_POINT('Ctrl Pts',(-64.8311437539192,7.18668468583431,5.));
#8966=CARTESIAN_POINT('Ctrl Pts',(-64.4910274198789,9.1509612715261,5.));
#8967=CARTESIAN_POINT('Ctrl Pts',(-63.7990021240279,10.9687898495441,5.));
#8968=CARTESIAN_POINT('Ctrl Pts',(-63.0901982603635,12.8306927702953,5.));
#8969=CARTESIAN_POINT('Ctrl Pts',(-62.0038872013863,14.5557053133268,5.));
#8970=CARTESIAN_POINT('Ctrl Pts',(-60.6140998212396,16.0704849322929,5.));
#8971=CARTESIAN_POINT('Ctrl Pts',(-60.3374562092131,16.3720088281069,5.));
#8972=CARTESIAN_POINT('Ctrl Pts',(-60.0486342208613,16.6657219249988,5.));
#8973=CARTESIAN_POINT('Ctrl Pts',(-59.7482188480887,16.9517385868042,5.));
#8974=CARTESIAN_POINT('Ctrl Pts',(-58.0475658310604,18.5708804247553,5.));
#8975=CARTESIAN_POINT('Ctrl Pts',(-55.9910973900974,19.9470705054432,5.));
#8976=CARTESIAN_POINT('Ctrl Pts',(-53.590478636402,21.1214308182631,5.));
#8977=CARTESIAN_POINT('',(-51.9523694042914,21.8692865060812,5.));
#8978=CARTESIAN_POINT('Origin',(-15.4311503511144,5.16334659734044,5.));
#8979=CARTESIAN_POINT('',(22.7282820532568,21.1211818262207,5.));
#8980=CARTESIAN_POINT('',(22.7282820532568,21.1211818262207,5.));
#8981=CARTESIAN_POINT('',(33.9688496486226,5.16433110897811,5.));
#8982=CARTESIAN_POINT('Ctrl Pts',(22.7282820532568,21.1211818262207,5.));
#8983=CARTESIAN_POINT('Ctrl Pts',(25.1288931441359,19.9468058492572,5.));
#8984=CARTESIAN_POINT('Ctrl Pts',(27.1853526053397,18.5706023500296,5.));
#8985=CARTESIAN_POINT('Ctrl Pts',(28.8859950573428,16.9514494152591,5.));
#8986=CARTESIAN_POINT('Ctrl Pts',(29.1864085638347,16.665430793233,5.));
#8987=CARTESIAN_POINT('Ctrl Pts',(29.4752286356863,16.3717158117681,5.));
#8988=CARTESIAN_POINT('Ctrl Pts',(29.7518702802471,16.0701901108458,5.));
#8989=CARTESIAN_POINT('Ctrl Pts',(31.1416477763444,14.5554014234734,5.));
#8990=CARTESIAN_POINT('Ctrl Pts',(32.2279475794973,12.8303817922395,5.));
#8991=CARTESIAN_POINT('Ctrl Pts',(32.9367392941283,10.968474246544,5.));
#8992=CARTESIAN_POINT('Ctrl Pts',(33.6287527285338,9.15064115306184,5.));
#8993=CARTESIAN_POINT('Ctrl Pts',(33.9688562455547,7.1863623481342,5.));
#8994=CARTESIAN_POINT('Ctrl Pts',(33.9688496486226,5.16433110897811,5.));
#8995=CARTESIAN_POINT('',(22.728177934173,-10.7924462626068,5.));
#8996=CARTESIAN_POINT('Ctrl Pts',(33.9688496486226,5.16433110897811,5.));
#8997=CARTESIAN_POINT('Ctrl Pts',(33.9688430516904,3.14229986982202,5.));
#8998=CARTESIAN_POINT('Ctrl Pts',(33.6287267176501,1.17802328413024,5.));
#8999=CARTESIAN_POINT('Ctrl Pts',(32.9367014217991,-0.639805293887725,5.));
#9000=CARTESIAN_POINT('Ctrl Pts',(32.2278975581346,-2.50170821463892,5.));
#9001=CARTESIAN_POINT('Ctrl Pts',(31.1415864991575,-4.22672075767051,5.));
#9002=CARTESIAN_POINT('Ctrl Pts',(29.7517991190108,-5.74150037663653,5.));
#9003=CARTESIAN_POINT('Ctrl Pts',(29.4751555069842,-6.04302427245056,5.));
#9004=CARTESIAN_POINT('Ctrl Pts',(29.1863335186324,-6.33673736934243,5.));
#9005=CARTESIAN_POINT('Ctrl Pts',(28.8859181458598,-6.62275403114789,5.));
#9006=CARTESIAN_POINT('Ctrl Pts',(27.1852651288315,-8.24189586909895,5.));
#9007=CARTESIAN_POINT('Ctrl Pts',(25.1287966878685,-9.61808594978688,5.));
#9008=CARTESIAN_POINT('Ctrl Pts',(22.728177934173,-10.7924462626068,5.));
#9009=CARTESIAN_POINT('',(21.0900687020625,-11.5403019504249,5.));
#9010=CARTESIAN_POINT('',(23.241108413298,-11.8774157291724,5.));
#9011=CARTESIAN_POINT('',(21.5745332384398,-12.638267142047,5.));
#9012=CARTESIAN_POINT('',(35.1688496486162,5.16432719394532,5.));
#9013=CARTESIAN_POINT('Ctrl Pts',(23.2411084132982,-11.8774157291723,5.));
#9014=CARTESIAN_POINT('Ctrl Pts',(23.2459031523631,-11.8750701875241,5.));
#9015=CARTESIAN_POINT('Ctrl Pts',(23.250697891428,-11.872724645876,5.));
#9016=CARTESIAN_POINT('Ctrl Pts',(23.2554926304929,-11.8703791042278,5.));
#9017=CARTESIAN_POINT('Ctrl Pts',(25.7455277174599,-10.6522771548192,5.));
#9018=CARTESIAN_POINT('Ctrl Pts',(27.9087540554236,-9.20996937449659,5.));
#9019=CARTESIAN_POINT('Ctrl Pts',(29.713362930039,-7.4918542147485,5.));
#9020=CARTESIAN_POINT('Ctrl Pts',(30.032730857519,-7.18779338170093,5.));
#9021=CARTESIAN_POINT('Ctrl Pts',(30.3405403883267,-6.87482087231558,5.));
#9022=CARTESIAN_POINT('Ctrl Pts',(30.6360236276966,-6.55276298408215,5.));
#9023=CARTESIAN_POINT('Ctrl Pts',(32.1220346395708,-4.93310574262086,5.));
#9024=CARTESIAN_POINT('Ctrl Pts',(33.2920198465593,-3.07932249692353,5.));
#9025=CARTESIAN_POINT('Ctrl Pts',(34.0581853582568,-1.06674062888261,5.));
#9026=CARTESIAN_POINT('Ctrl Pts',(34.8059599743152,0.897531595177547,5.));
#9027=CARTESIAN_POINT('Ctrl Pts',(35.1688426126728,3.00773426496262,5.));
#9028=CARTESIAN_POINT('Ctrl Pts',(35.1688496486162,5.16432719394531,5.));
#9029=CARTESIAN_POINT('',(23.2412196118566,22.2061479458634,5.));
#9030=CARTESIAN_POINT('Ctrl Pts',(35.1688496486162,5.16432719394531,5.));
#9031=CARTESIAN_POINT('Ctrl Pts',(35.1688566845595,7.32092012292801,5.));
#9032=CARTESIAN_POINT('Ctrl Pts',(34.8059878153974,9.43112516049721,5.));
#9033=CARTESIAN_POINT('Ctrl Pts',(34.0582260163386,11.3954022637858,5.));
#9034=CARTESIAN_POINT('Ctrl Pts',(33.2920736368641,13.4079891310557,5.));
#9035=CARTESIAN_POINT('Ctrl Pts',(32.1221005259374,15.261780010931,5.));
#9036=CARTESIAN_POINT('Ctrl Pts',(30.6361000824469,16.8814469486609,5.));
#9037=CARTESIAN_POINT('Ctrl Pts',(30.3406189445287,17.2035067649317,5.));
#9038=CARTESIAN_POINT('Ctrl Pts',(30.0328114558902,17.5164812827844,5.));
#9039=CARTESIAN_POINT('Ctrl Pts',(29.7134455124306,17.8205441997187,5.));
#9040=CARTESIAN_POINT('Ctrl Pts',(27.9088478486489,19.5386711346018,5.));
#9041=CARTESIAN_POINT('Ctrl Pts',(25.7456309218684,20.9809930300638,5.));
#9042=CARTESIAN_POINT('Ctrl Pts',(23.2556037831363,22.1991112270615,5.));
#9043=CARTESIAN_POINT('Ctrl Pts',(23.2508090593764,22.2014567999954,5.));
#9044=CARTESIAN_POINT('Ctrl Pts',(23.2460143356165,22.2038023729294,5.));
#9045=CARTESIAN_POINT('Ctrl Pts',(23.2412196118566,22.2061479458634,5.));
#9046=CARTESIAN_POINT('',(23.2412196118557,22.2061479458639,5.));
#9047=CARTESIAN_POINT('Ctrl Pts',(-28.4064672347278,-15.9091200526703,2.91999999999999));
#9048=CARTESIAN_POINT('Ctrl Pts',(-28.4064672347278,-15.9091200526703,7.72000000000001));
#9049=CARTESIAN_POINT('Ctrl Pts',(-31.3052773490362,-15.7020183353779,2.91999999999999));
#9050=CARTESIAN_POINT('Ctrl Pts',(-31.3052773490362,-15.7020183353779,7.72000000000001));
#9051=CARTESIAN_POINT('Ctrl Pts',(-34.0297578882107,-15.4189426576181,2.91999999999999));
#9052=CARTESIAN_POINT('Ctrl Pts',(-34.0297578882107,-15.4189426576181,7.72000000000001));
#9053=CARTESIAN_POINT('Ctrl Pts',(-36.5818638160521,-15.0587351000201,2.91999999999999));
#9054=CARTESIAN_POINT('Ctrl Pts',(-36.5818638160521,-15.0587351000201,7.72000000000001));
#9055=CARTESIAN_POINT('Ctrl Pts',(-41.0953760022836,-14.4216921062105,2.91999999999999));
#9056=CARTESIAN_POINT('Ctrl Pts',(-41.0953760022836,-14.4216921062105,7.72000000000001));
#9057=CARTESIAN_POINT('Ctrl Pts',(-45.0667559628439,-13.5449441731198,2.91999999999999));
#9058=CARTESIAN_POINT('Ctrl Pts',(-45.0667559628439,-13.5449441731198,7.72000000000001));
#9059=CARTESIAN_POINT('Ctrl Pts',(-48.517864720714,-12.4030412203037,2.91999999999999));
#9060=CARTESIAN_POINT('Ctrl Pts',(-48.517864720714,-12.4030412203037,7.72000000000001));
#9061=CARTESIAN_POINT('Ctrl Pts',(-49.6687335049845,-12.0222417279477,2.91999999999999));
#9062=CARTESIAN_POINT('Ctrl Pts',(-49.6687335049845,-12.0222417279477,7.72000000000001));
#9063=CARTESIAN_POINT('Ctrl Pts',(-50.7614526755663,-11.6127815840791,2.91999999999999));
#9064=CARTESIAN_POINT('Ctrl Pts',(-50.7614526755663,-11.6127815840791,7.72000000000001));
#9065=CARTESIAN_POINT('Ctrl Pts',(-51.7956732028007,-11.1720797763788,2.91999999999999));
#9066=CARTESIAN_POINT('Ctrl Pts',(-51.7956732028007,-11.1720797763788,7.72000000000001));
#9067=CARTESIAN_POINT('Ctrl Pts',(-52.8820517303634,-10.709152413852,2.91999999999999));
#9068=CARTESIAN_POINT('Ctrl Pts',(-52.8820517303634,-10.709152413852,7.72000000000001));
#9069=CARTESIAN_POINT('Ctrl Pts',(-53.9684302579261,-10.2462250513253,2.91999999999999));
#9070=CARTESIAN_POINT('Ctrl Pts',(-53.9684302579261,-10.2462250513253,7.72000000000001));
#9071=CARTESIAN_POINT('Ctrl Pts',(-55.0548087854887,-9.78329768879851,2.91999999999999));
#9072=CARTESIAN_POINT('Ctrl Pts',(-55.0548087854887,-9.78329768879851,7.72000000000001));
#9073=CARTESIAN_POINT('',(-28.4064672347278,-15.9091200526703,5.8));
#9074=CARTESIAN_POINT('Ctrl Pts',(-28.4064672347278,-15.9091200526703,5.8));
#9075=CARTESIAN_POINT('Ctrl Pts',(-31.3052773490362,-15.7020183353779,5.8));
#9076=CARTESIAN_POINT('Ctrl Pts',(-34.0297578882107,-15.4189426576181,5.8));
#9077=CARTESIAN_POINT('Ctrl Pts',(-36.5818638160521,-15.0587351000201,5.8));
#9078=CARTESIAN_POINT('Ctrl Pts',(-41.0953760022836,-14.4216921062105,5.8));
#9079=CARTESIAN_POINT('Ctrl Pts',(-45.0667559628439,-13.5449441731198,5.8));
#9080=CARTESIAN_POINT('Ctrl Pts',(-48.517864720714,-12.4030412203037,5.8));
#9081=CARTESIAN_POINT('Ctrl Pts',(-49.6687335049845,-12.0222417279477,5.8));
#9082=CARTESIAN_POINT('Ctrl Pts',(-50.7614526755663,-11.6127815840791,5.8));
#9083=CARTESIAN_POINT('Ctrl Pts',(-51.7956732028007,-11.1720797763788,5.8));
#9084=CARTESIAN_POINT('',(-28.4064672347278,-15.9091200526703,5.));
#9085=CARTESIAN_POINT('Origin',(-26.6151051410804,-16.0261244865916,5.));
#9086=CARTESIAN_POINT('',(-26.6151051410804,-16.0261244865916,5.8));
#9087=CARTESIAN_POINT('',(-26.6151051410804,-16.0261244865916,5.8));
#9088=CARTESIAN_POINT('',(-26.6151051410804,-16.0261244865916,5.));
#9089=CARTESIAN_POINT('Ctrl Pts',(-15.431220495452,-16.3355077220573,5.));
#9090=CARTESIAN_POINT('Ctrl Pts',(-15.431220495452,-16.3355077220573,5.8));
#9091=CARTESIAN_POINT('Ctrl Pts',(-19.402041518448,-16.3354947671452,5.));
#9092=CARTESIAN_POINT('Ctrl Pts',(-19.402041518448,-16.3354947671452,5.8));
#9093=CARTESIAN_POINT('Ctrl Pts',(-23.1289496986103,-16.2329910516768,5.));
#9094=CARTESIAN_POINT('Ctrl Pts',(-23.1289496986103,-16.2329910516768,5.8));
#9095=CARTESIAN_POINT('Ctrl Pts',(-26.6151051410804,-16.0261244865916,5.));
#9096=CARTESIAN_POINT('Ctrl Pts',(-26.6151051410804,-16.0261244865916,5.8));
#9097=CARTESIAN_POINT('',(-15.431220495452,-16.3355077220573,5.8));
#9098=CARTESIAN_POINT('Ctrl Pts',(-15.431220495452,-16.3355077220573,5.8));
#9099=CARTESIAN_POINT('Ctrl Pts',(-19.402041518448,-16.3354947671452,5.8));
#9100=CARTESIAN_POINT('Ctrl Pts',(-23.1289496986103,-16.2329910516768,5.8));
#9101=CARTESIAN_POINT('Ctrl Pts',(-26.6151051410804,-16.0261244865916,5.8));
#9102=CARTESIAN_POINT('',(-15.431220495452,-16.3355077220573,5.));
#9103=CARTESIAN_POINT('Ctrl Pts',(-4.24733383131923,-16.0261974620568,5.));
#9104=CARTESIAN_POINT('Ctrl Pts',(-4.24733383131923,-16.0261974620568,5.8));
#9105=CARTESIAN_POINT('Ctrl Pts',(-7.73349062353069,-16.2330412797828,5.));
#9106=CARTESIAN_POINT('Ctrl Pts',(-7.73349062353069,-16.2330412797828,5.8));
#9107=CARTESIAN_POINT('Ctrl Pts',(-11.460399472456,-16.3355206769694,5.));
#9108=CARTESIAN_POINT('Ctrl Pts',(-11.460399472456,-16.3355206769694,5.8));
#9109=CARTESIAN_POINT('Ctrl Pts',(-15.431220495452,-16.3355077220573,5.));
#9110=CARTESIAN_POINT('Ctrl Pts',(-15.431220495452,-16.3355077220573,5.8));
#9111=CARTESIAN_POINT('',(-4.24733383131923,-16.0261974620568,5.8));
#9112=CARTESIAN_POINT('Ctrl Pts',(-4.24733383131923,-16.0261974620568,5.8));
#9113=CARTESIAN_POINT('Ctrl Pts',(-7.73349062353069,-16.2330412797828,5.8));
#9114=CARTESIAN_POINT('Ctrl Pts',(-11.460399472456,-16.3355206769694,5.8));
#9115=CARTESIAN_POINT('Ctrl Pts',(-15.431220495452,-16.3355077220573,5.8));
#9116=CARTESIAN_POINT('',(-4.24733383131923,-16.0261974620568,5.));
#9117=CARTESIAN_POINT('Origin',(-2.45597097424951,-15.9092047168735,5.));
#9118=CARTESIAN_POINT('',(-2.45597097424951,-15.9092047168735,5.8));
#9119=CARTESIAN_POINT('',(-2.45597097424951,-15.9092047168735,5.8));
#9120=CARTESIAN_POINT('',(-2.45597097424951,-15.9092047168735,5.));
#9121=CARTESIAN_POINT('Ctrl Pts',(24.1923687253702,-9.7835740558329,2.91999999999998));
#9122=CARTESIAN_POINT('Ctrl Pts',(24.1923687253702,-9.7835740558329,7.72000000000001));
#9123=CARTESIAN_POINT('Ctrl Pts',(23.1060011178375,-10.2464883893987,2.91999999999998));
#9124=CARTESIAN_POINT('Ctrl Pts',(23.1060011178375,-10.2464883893987,7.72000000000001));
#9125=CARTESIAN_POINT('Ctrl Pts',(22.0196335103048,-10.7094027229644,2.91999999999998));
#9126=CARTESIAN_POINT('Ctrl Pts',(22.0196335103048,-10.7094027229644,7.72000000000001));
#9127=CARTESIAN_POINT('Ctrl Pts',(20.9332659027721,-11.1723170565302,2.91999999999998));
#9128=CARTESIAN_POINT('Ctrl Pts',(20.9332659027721,-11.1723170565302,7.72000000000001));
#9129=CARTESIAN_POINT('Ctrl Pts',(19.8990424999563,-11.6130121158757,2.91999999999998));
#9130=CARTESIAN_POINT('Ctrl Pts',(19.8990424999563,-11.6130121158757,7.72000000000001));
#9131=CARTESIAN_POINT('Ctrl Pts',(18.8063206576481,-12.0224651296833,2.91999999999998));
#9132=CARTESIAN_POINT('Ctrl Pts',(18.8063206576481,-12.0224651296833,7.72000000000001));
#9133=CARTESIAN_POINT('Ctrl Pts',(17.6554493886646,-12.4032571125495,2.91999999999998));
#9134=CARTESIAN_POINT('Ctrl Pts',(17.6554493886646,-12.4032571125495,7.72000000000001));
#9135=CARTESIAN_POINT('Ctrl Pts',(14.2043331798887,-13.545137546668,2.91999999999998));
#9136=CARTESIAN_POINT('Ctrl Pts',(14.2043331798887,-13.545137546668,7.72000000000001));
#9137=CARTESIAN_POINT('Ctrl Pts',(10.2329474985847,-14.4218595662687,2.91999999999998));
#9138=CARTESIAN_POINT('Ctrl Pts',(10.2329474985847,-14.4218595662687,7.72000000000001));
#9139=CARTESIAN_POINT('Ctrl Pts',(5.71943115570902,-15.058873109151,2.91999999999998));
#9140=CARTESIAN_POINT('Ctrl Pts',(5.71943115570902,-15.058873109151,7.72000000000001));
#9141=CARTESIAN_POINT('Ctrl Pts',(3.1673228775479,-15.4190640141107,2.91999999999998));
#9142=CARTESIAN_POINT('Ctrl Pts',(3.1673228775479,-15.4190640141107,7.72000000000001));
#9143=CARTESIAN_POINT('Ctrl Pts',(0.442840491347201,-15.70212191448,2.91999999999998));
#9144=CARTESIAN_POINT('Ctrl Pts',(0.442840491347201,-15.70212191448,7.72000000000001));
#9145=CARTESIAN_POINT('Ctrl Pts',(-2.45597097424951,-15.9092047168735,2.91999999999998));
#9146=CARTESIAN_POINT('Ctrl Pts',(-2.45597097424951,-15.9092047168735,7.72000000000001));
#9147=CARTESIAN_POINT('Ctrl Pts',(20.9332659027721,-11.1723170565302,5.8));
#9148=CARTESIAN_POINT('Ctrl Pts',(19.8990424999563,-11.6130121158757,5.8));
#9149=CARTESIAN_POINT('Ctrl Pts',(18.8063206576481,-12.0224651296833,5.8));
#9150=CARTESIAN_POINT('Ctrl Pts',(17.6554493886646,-12.4032571125495,5.8));
#9151=CARTESIAN_POINT('Ctrl Pts',(14.2043331798887,-13.545137546668,5.8));
#9152=CARTESIAN_POINT('Ctrl Pts',(10.2329474985847,-14.4218595662687,5.8));
#9153=CARTESIAN_POINT('Ctrl Pts',(5.71943115570902,-15.058873109151,5.8));
#9154=CARTESIAN_POINT('Ctrl Pts',(3.1673228775479,-15.4190640141107,5.8));
#9155=CARTESIAN_POINT('Ctrl Pts',(0.4428404913472,-15.70212191448,5.8));
#9156=CARTESIAN_POINT('Ctrl Pts',(-2.45597097424951,-15.9092047168735,5.8));
#9157=CARTESIAN_POINT('Origin',(-15.4312084327099,-14.5538002715769,5.8));
#9158=CARTESIAN_POINT('',(-28.5168363897546,-17.5053130363609,5.8));
#9159=CARTESIAN_POINT('Ctrl Pts',(-52.4369501038573,-12.6380256775607,5.8));
#9160=CARTESIAN_POINT('Ctrl Pts',(-52.4322647373831,-12.6400222048202,5.8));
#9161=CARTESIAN_POINT('Ctrl Pts',(-52.4275793709091,-12.6420187320795,5.8));
#9162=CARTESIAN_POINT('Ctrl Pts',(-52.422894004435,-12.6440152593389,5.8));
#9163=CARTESIAN_POINT('Ctrl Pts',(-51.343576844476,-13.103933633564,5.8));
#9164=CARTESIAN_POINT('Ctrl Pts',(-50.209325801698,-13.5286814480924,5.8));
#9165=CARTESIAN_POINT('Ctrl Pts',(-49.0204739769976,-13.9220487698235,5.8));
#9166=CARTESIAN_POINT('Ctrl Pts',(-45.4537982806228,-15.1021905141658,5.8));
#9167=CARTESIAN_POINT('Ctrl Pts',(-41.3914765074116,-15.9957582016263,5.8));
#9168=CARTESIAN_POINT('Ctrl Pts',(-36.8054736341006,-16.6430326255096,5.8));
#9169=CARTESIAN_POINT('Ctrl Pts',(-34.2122032504052,-17.0090501880691,5.8));
#9170=CARTESIAN_POINT('Ctrl Pts',(-31.4515835076778,-17.2956438465989,5.8));
#9171=CARTESIAN_POINT('Ctrl Pts',(-28.5204865347379,-17.5050522565014,5.8));
#9172=CARTESIAN_POINT('Ctrl Pts',(-28.5192698197318,-17.5051391831221,5.8));
#9173=CARTESIAN_POINT('Ctrl Pts',(-28.5180531047256,-17.5052261097428,5.8));
#9174=CARTESIAN_POINT('Ctrl Pts',(-28.516836389721,-17.5053130363633,5.8));
#9175=CARTESIAN_POINT('',(-26.7134473919297,-17.6231033723847,5.8));
#9176=CARTESIAN_POINT('',(-28.5168363897546,-17.5053130363609,5.8));
#9177=CARTESIAN_POINT('',(-15.4312257154957,-17.9355077220488,5.8));
#9178=CARTESIAN_POINT('Ctrl Pts',(-26.7134473919297,-17.6231033723847,5.8));
#9179=CARTESIAN_POINT('Ctrl Pts',(-26.712258779363,-17.623173904007,5.8));
#9180=CARTESIAN_POINT('Ctrl Pts',(-26.7110701667967,-17.6232444356292,5.8));
#9181=CARTESIAN_POINT('Ctrl Pts',(-26.7098815542305,-17.6233149672515,5.8));
#9182=CARTESIAN_POINT('Ctrl Pts',(-23.1876173864505,-17.8323242044285,5.8));
#9183=CARTESIAN_POINT('Ctrl Pts',(-19.429575715463,-17.9354946773227,5.8));
#9184=CARTESIAN_POINT('Ctrl Pts',(-15.4312257154958,-17.9355077220488,5.8));
#9185=CARTESIAN_POINT('',(-4.14900200084709,-17.6231769895045,5.8));
#9186=CARTESIAN_POINT('Ctrl Pts',(-15.4312257154957,-17.9355077220488,5.8));
#9187=CARTESIAN_POINT('Ctrl Pts',(-11.4328757155284,-17.935520766775,5.8));
#9188=CARTESIAN_POINT('Ctrl Pts',(-7.67483337142802,-17.8323748153103,5.8));
#9189=CARTESIAN_POINT('Ctrl Pts',(-4.15256783992637,-17.623388561104,5.8));
#9190=CARTESIAN_POINT('Ctrl Pts',(-4.15137922690165,-17.6233180372376,5.8));
#9191=CARTESIAN_POINT('Ctrl Pts',(-4.15019061387692,-17.6232475133712,5.8));
#9192=CARTESIAN_POINT('Ctrl Pts',(-4.14900200085154,-17.6231769895047,5.8));
#9193=CARTESIAN_POINT('',(-2.34561223451081,-17.5053984206978,5.8));
#9194=CARTESIAN_POINT('',(-4.14900200084709,-17.6231769895045,5.8));
#9195=CARTESIAN_POINT('Ctrl Pts',(-2.34561223451081,-17.5053984206978,5.8));
#9196=CARTESIAN_POINT('Ctrl Pts',(-2.34439551893596,-17.5053115020161,5.8));
#9197=CARTESIAN_POINT('Ctrl Pts',(-2.34317880336125,-17.5052245833345,5.8));
#9198=CARTESIAN_POINT('Ctrl Pts',(-2.34196208778652,-17.5051376646528,5.8));
#9199=CARTESIAN_POINT('Ctrl Pts',(0.589136251492114,-17.2957483803228,5.8));
#9200=CARTESIAN_POINT('Ctrl Pts',(3.3497578642,-17.0091727349938,5.8));
#9201=CARTESIAN_POINT('Ctrl Pts',(5.94303063612483,-16.6431720936731,5.8));
#9202=CARTESIAN_POINT('Ctrl Pts',(10.5290377328391,-15.9959275937229,5.8));
#9203=CARTESIAN_POINT('Ctrl Pts',(14.5913653365419,-15.1023864131531,5.8));
#9204=CARTESIAN_POINT('Ctrl Pts',(18.1580487333301,-13.9222679415898,5.8));
#9205=CARTESIAN_POINT('Ctrl Pts',(19.3469031247485,-13.5289083771902,5.8));
#9206=CARTESIAN_POINT('Ctrl Pts',(20.4811569390051,-13.1041679637209,5.8));
#9207=CARTESIAN_POINT('Ctrl Pts',(21.5604770999337,-12.644256632109,5.8));
#9208=CARTESIAN_POINT('Ctrl Pts',(21.5651624794361,-12.6422601354215,5.8));
#9209=CARTESIAN_POINT('Ctrl Pts',(21.5698478589385,-12.640263638734,5.8));
#9210=CARTESIAN_POINT('Ctrl Pts',(21.5745332384409,-12.6382671420465,5.8));
#9211=CARTESIAN_POINT('Ctrl Pts',(-66.6015215720411,14.1145280444091,0.8));
#9212=CARTESIAN_POINT('Ctrl Pts',(-66.4669347515911,14.2437601925793,0.8));
#9213=CARTESIAN_POINT('Ctrl Pts',(-66.1977611106912,14.5022244889196,0.8));
#9214=CARTESIAN_POINT('Ctrl Pts',(-65.6594138288914,15.0191530816002,0.8));
#9215=CARTESIAN_POINT('Ctrl Pts',(-64.9864797266416,15.665313822451,0.8));
#9216=CARTESIAN_POINT('Ctrl Pts',(-63.9097851630418,16.6991710078123,0.8));
#9217=CARTESIAN_POINT('Ctrl Pts',(-63.1022642403421,17.4745638968332,0.8));
#9218=CARTESIAN_POINT('Ctrl Pts',(-62.2681466405638,18.2754952873327,0.8));
#9219=CARTESIAN_POINT('Ctrl Pts',(-61.9723763225853,18.5594980851514,0.8));
#9220=CARTESIAN_POINT('Ctrl Pts',(-61.6766060046069,18.8435008829702,0.8));
#9221=CARTESIAN_POINT('Ctrl Pts',(-61.6544425520608,18.8647825402218,0.8));
#9222=CARTESIAN_POINT('Ctrl Pts',(-61.6322303327391,18.8860202213192,0.8));
#9223=CARTESIAN_POINT('Ctrl Pts',(-61.6099696124919,18.9072139999056,0.8));
#9224=CARTESIAN_POINT('Ctrl Pts',(-61.0572420920801,19.4334496542835,0.8));
#9225=CARTESIAN_POINT('Ctrl Pts',(-59.8922305206267,20.4345553291691,0.8));
#9226=CARTESIAN_POINT('Ctrl Pts',(-57.9757404603462,21.7895818886109,0.8));
#9227=CARTESIAN_POINT('Ctrl Pts',(-56.2448320879114,22.8041266996406,0.8));
#9228=CARTESIAN_POINT('Ctrl Pts',(-55.1486275441855,23.364952017816,0.8));
#9229=CARTESIAN_POINT('Ctrl Pts',(-54.7769367031219,23.5467797119102,0.8));
#9230=CARTESIAN_POINT('Ctrl Pts',(-54.7721419640553,23.5491252535592,0.8));
#9231=CARTESIAN_POINT('Ctrl Pts',(-54.7673472249875,23.5514707952088,0.8));
#9232=CARTESIAN_POINT('Ctrl Pts',(-54.7565590620923,23.5567482639168,0.8));
#9233=CARTESIAN_POINT('Ctrl Pts',(-54.7505656382629,23.5596801909761,0.8));
#9234=CARTESIAN_POINT('Ctrl Pts',(-54.7445722144337,23.5626121180353,0.8));
#9235=CARTESIAN_POINT('Ctrl Pts',(-65.9489308800563,13.4348975690739,1.03333333333332));
#9236=CARTESIAN_POINT('Ctrl Pts',(-65.8323755530115,13.5829083369585,1.08126646244211));
#9237=CARTESIAN_POINT('Ctrl Pts',(-65.5973844661516,13.8769715251245,1.14479484400636));
#9238=CARTESIAN_POINT('Ctrl Pts',(-65.1202421892585,14.457641122831,1.22075910884188));
#9239=CARTESIAN_POINT('Ctrl Pts',(-64.5111153189966,15.170252917824,1.26759388236037));
#9240=CARTESIAN_POINT('Ctrl Pts',(-63.5116703631832,16.2845605115409,1.29883372593112));
#9241=CARTESIAN_POINT('Ctrl Pts',(-62.7361184475827,17.0932470281874,1.29891908113259));
#9242=CARTESIAN_POINT('Ctrl Pts',(-61.9189592007214,17.91183943285,1.30024361504212));
#9243=CARTESIAN_POINT('Ctrl Pts',(-61.6260630060348,18.1988354418853,1.29985740121822));
#9244=CARTESIAN_POINT('Ctrl Pts',(-61.3302999295648,18.4828457812609,1.3));
#9245=CARTESIAN_POINT('Ctrl Pts',(-61.3086489917578,18.5036353146898,1.3));
#9246=CARTESIAN_POINT('Ctrl Pts',(-61.2869492503193,18.5243830070994,1.3));
#9247=CARTESIAN_POINT('Ctrl Pts',(-61.2652009524172,18.5450889234053,1.3));
#9248=CARTESIAN_POINT('Ctrl Pts',(-60.724848860618,19.0595396520607,1.3));
#9249=CARTESIAN_POINT('Ctrl Pts',(-59.5849230293214,20.0391964924572,1.3));
#9250=CARTESIAN_POINT('Ctrl Pts',(-57.7053186689748,21.3682992495697,1.3));
#9251=CARTESIAN_POINT('Ctrl Pts',(-56.003442497721,22.3659442195045,1.3));
#9252=CARTESIAN_POINT('Ctrl Pts',(-54.9235883288699,22.9184175555813,1.3));
#9253=CARTESIAN_POINT('Ctrl Pts',(-54.557222246322,23.0976410279015,1.3));
#9254=CARTESIAN_POINT('Ctrl Pts',(-54.5524275072563,23.09998656955,1.3));
#9255=CARTESIAN_POINT('Ctrl Pts',(-54.547632768187,23.1023321112003,1.3));
#9256=CARTESIAN_POINT('Ctrl Pts',(-54.5368446052929,23.1076095799077,1.3));
#9257=CARTESIAN_POINT('Ctrl Pts',(-54.5308511814628,23.1105415069674,1.3));
#9258=CARTESIAN_POINT('Ctrl Pts',(-54.524857757634,23.1134734340265,1.3));
#9259=CARTESIAN_POINT('Ctrl Pts',(-65.2963401880715,12.7552670937386,1.26666666666664));
#9260=CARTESIAN_POINT('Ctrl Pts',(-65.1978218753483,12.9220622310106,1.36676889689847));
#9261=CARTESIAN_POINT('Ctrl Pts',(-64.9970049806858,13.2517156026907,1.48920703254395));
#9262=CARTESIAN_POINT('Ctrl Pts',(-64.5810788145315,13.89613777142,1.64413789064794));
#9263=CARTESIAN_POINT('Ctrl Pts',(-64.0357530196247,14.6751942088253,1.73492674703487));
#9264=CARTESIAN_POINT('Ctrl Pts',(-63.1135569422886,15.8699514513702,1.79863555366047));
#9265=CARTESIAN_POINT('Ctrl Pts',(-62.3700337596261,16.7119937961927,1.79905441156616));
#9266=CARTESIAN_POINT('Ctrl Pts',(-61.5697419066953,17.5481524871897,1.79993678746895));
#9267=CARTESIAN_POINT('Ctrl Pts',(-61.2797714140096,17.8381954232897,1.80014259878178));
#9268=CARTESIAN_POINT('Ctrl Pts',(-60.9839938545228,18.1221906795516,1.8));
#9269=CARTESIAN_POINT('Ctrl Pts',(-60.9628554314387,18.1424880891703,1.8));
#9270=CARTESIAN_POINT('Ctrl Pts',(-60.9416681678831,18.1627457928926,1.8));
#9271=CARTESIAN_POINT('Ctrl Pts',(-60.9204322923425,18.1829638469051,1.8));
#9272=CARTESIAN_POINT('Ctrl Pts',(-60.3924543281256,18.68563881827,1.8));
#9273=CARTESIAN_POINT('Ctrl Pts',(-59.2776137268255,19.6438379678109,1.8));
#9274=CARTESIAN_POINT('Ctrl Pts',(-57.4348977306464,20.9470191219748,1.8));
#9275=CARTESIAN_POINT('Ctrl Pts',(-55.7620514165463,21.9277609956083,1.8));
#9276=CARTESIAN_POINT('Ctrl Pts',(-54.6985518461758,22.4718835579175,1.8));
#9277=CARTESIAN_POINT('Ctrl Pts',(-54.337507789522,22.6485023438927,1.8));
#9278=CARTESIAN_POINT('Ctrl Pts',(-54.3327130504542,22.6508478855423,1.8));
#9279=CARTESIAN_POINT('Ctrl Pts',(-54.3279183113891,22.6531934271906,1.8));
#9280=CARTESIAN_POINT('Ctrl Pts',(-54.317130148492,22.6584708958994,1.8));
#9281=CARTESIAN_POINT('Ctrl Pts',(-54.3111367246636,22.6614028229583,1.8));
#9282=CARTESIAN_POINT('Ctrl Pts',(-54.3051433008342,22.6643347500177,1.8));
#9283=CARTESIAN_POINT('Ctrl Pts',(-64.6437494960867,12.0756366184034,1.49999999999996));
#9284=CARTESIAN_POINT('Ctrl Pts',(-64.5632626767686,12.2612103753898,1.64803535934058));
#9285=CARTESIAN_POINT('Ctrl Pts',(-64.3966283361462,12.6264626388956,1.83400187655031));
#9286=CARTESIAN_POINT('Ctrl Pts',(-64.0419071748986,13.3346258126508,2.06489699948981));
#9287=CARTESIAN_POINT('Ctrl Pts',(-63.5603886119797,14.1801333041982,2.20252062939524));
#9288=CARTESIAN_POINT('Ctrl Pts',(-62.71544214243,15.4553409550989,2.29746927959159));
#9289=CARTESIAN_POINT('Ctrl Pts',(-62.0038879668667,16.3306769275469,2.29797349269875));
#9290=CARTESIAN_POINT('Ctrl Pts',(-61.2205544668529,17.1844966327071,2.30018040251107));
#9291=CARTESIAN_POINT('Ctrl Pts',(-60.9334580974591,17.4775327800235,2.3));
#9292=CARTESIAN_POINT('Ctrl Pts',(-60.6376877794807,17.7615355778423,2.3));
#9293=CARTESIAN_POINT('Ctrl Pts',(-60.6170618711357,17.7813408636383,2.3));
#9294=CARTESIAN_POINT('Ctrl Pts',(-60.5963870854633,17.8011085786728,2.3));
#9295=CARTESIAN_POINT('Ctrl Pts',(-60.5756636322679,17.8208387704048,2.3));
#9296=CARTESIAN_POINT('Ctrl Pts',(-60.0600610966635,18.3117288160471,2.3));
#9297=CARTESIAN_POINT('Ctrl Pts',(-58.9703062355203,19.248479131099,2.3));
#9298=CARTESIAN_POINT('Ctrl Pts',(-57.164475939275,20.5257364829336,2.3));
#9299=CARTESIAN_POINT('Ctrl Pts',(-55.5206618263559,21.4895785154722,2.3));
#9300=CARTESIAN_POINT('Ctrl Pts',(-54.4735126308601,22.0253490956828,2.3));
#9301=CARTESIAN_POINT('Ctrl Pts',(-54.117793332722,22.199363659884,2.3));
#9302=CARTESIAN_POINT('Ctrl Pts',(-54.1129985936553,22.201709201533,2.3));
#9303=CARTESIAN_POINT('Ctrl Pts',(-54.1082038545886,22.2040547431821,2.3));
#9304=CARTESIAN_POINT('Ctrl Pts',(-54.0974156916927,22.2093322118904,2.3));
#9305=CARTESIAN_POINT('Ctrl Pts',(-54.0914222678636,22.2122641389496,2.3));
#9306=CARTESIAN_POINT('Ctrl Pts',(-54.0854288440345,22.2151960660088,2.3));
#9307=CARTESIAN_POINT('',(-54.1034091155239,22.2064002848301,2.3));
#9308=CARTESIAN_POINT('Ctrl Pts',(-64.6437494960867,12.0756366184034,1.49999999999996));
#9309=CARTESIAN_POINT('Ctrl Pts',(-64.5632626767686,12.2612103753898,1.64803535934058));
#9310=CARTESIAN_POINT('Ctrl Pts',(-64.3966283361462,12.6264626388956,1.83400187655031));
#9311=CARTESIAN_POINT('Ctrl Pts',(-64.0419071748986,13.3346258126508,2.06489699948981));
#9312=CARTESIAN_POINT('Ctrl Pts',(-63.5603886119797,14.1801333041982,2.20252062939524));
#9313=CARTESIAN_POINT('Ctrl Pts',(-62.71544214243,15.4553409550989,2.29746927959159));
#9314=CARTESIAN_POINT('Ctrl Pts',(-62.0038879668667,16.3306769275469,2.29797349269875));
#9315=CARTESIAN_POINT('Ctrl Pts',(-61.2205544668529,17.1844966327071,2.30018040251107));
#9316=CARTESIAN_POINT('Ctrl Pts',(-60.9334580974591,17.4775327800235,2.3));
#9317=CARTESIAN_POINT('Ctrl Pts',(-60.6376877794807,17.7615355778423,2.3));
#9318=CARTESIAN_POINT('Ctrl Pts',(-60.6170618711357,17.7813408636383,2.3));
#9319=CARTESIAN_POINT('Ctrl Pts',(-60.5963870854633,17.8011085786728,2.3));
#9320=CARTESIAN_POINT('Ctrl Pts',(-60.5756636322679,17.8208387704048,2.3));
#9321=CARTESIAN_POINT('Ctrl Pts',(-60.0600610966635,18.3117288160471,2.3));
#9322=CARTESIAN_POINT('Ctrl Pts',(-58.9703062355203,19.248479131099,2.3));
#9323=CARTESIAN_POINT('Ctrl Pts',(-57.164475939275,20.5257364829336,2.3));
#9324=CARTESIAN_POINT('Ctrl Pts',(-55.5206618263559,21.4895785154722,2.3));
#9325=CARTESIAN_POINT('Ctrl Pts',(-54.4735126308601,22.0253490956828,2.3));
#9326=CARTESIAN_POINT('Ctrl Pts',(-54.117793332722,22.199363659884,2.3));
#9327=CARTESIAN_POINT('Ctrl Pts',(-54.1129985936553,22.201709201533,2.3));
#9328=CARTESIAN_POINT('Ctrl Pts',(-54.1082038545886,22.2040547431821,2.3));
#9329=CARTESIAN_POINT('Ctrl Pts',(-54.1034091155239,22.2064002848302,2.3));
#9330=CARTESIAN_POINT('',(-54.7445754155942,23.5626105520575,0.8));
#9331=CARTESIAN_POINT('Ctrl Pts',(-54.1034091155239,22.2064002848301,2.3));
#9332=CARTESIAN_POINT('Ctrl Pts',(-54.2102695814418,22.4324354834052,2.05000011829962));
#9333=CARTESIAN_POINT('Ctrl Pts',(-54.3171300473597,22.6584706819803,1.80000023659924));
#9334=CARTESIAN_POINT('Ctrl Pts',(-54.5308510803279,23.1105412930495,1.30000023659925));
#9335=CARTESIAN_POINT('Ctrl Pts',(-54.6377116372207,23.3365766840452,1.05000014207473));
#9336=CARTESIAN_POINT('Ctrl Pts',(-54.7445722042711,23.5626120965393,0.800000023775128));
#9337=CARTESIAN_POINT('Ctrl Pts',(-54.7445786167512,23.5626089860813,0.8));
#9338=CARTESIAN_POINT('Ctrl Pts',(-54.7505699064745,23.5596781030068,0.8));
#9339=CARTESIAN_POINT('Ctrl Pts',(-54.7565611961981,23.5567472199321,0.8));
#9340=CARTESIAN_POINT('Ctrl Pts',(-54.7673472249875,23.5514707952088,0.8));
#9341=CARTESIAN_POINT('Ctrl Pts',(-54.7721419640553,23.5491252535592,0.8));
#9342=CARTESIAN_POINT('Ctrl Pts',(-54.7769367031219,23.5467797119102,0.8));
#9343=CARTESIAN_POINT('Ctrl Pts',(-55.1486275441855,23.364952017816,0.8));
#9344=CARTESIAN_POINT('Ctrl Pts',(-56.2067569577947,22.8236061819001,0.8));
#9345=CARTESIAN_POINT('Ctrl Pts',(-57.2111627347931,22.2376285758226,0.8));
#9346=CARTESIAN_POINT('Ctrl Pts',(-57.8447224262626,21.833480232515,0.8));
#9347=CARTESIAN_POINT('Ctrl Pts',(-60.6365901685399,18.8533069787986,1.49999999999998));
#9348=CARTESIAN_POINT('Ctrl Pts',(-60.6365319337275,18.9426145375273,1.43351095589402));
#9349=CARTESIAN_POINT('Ctrl Pts',(-60.6364823118249,19.0318416442176,1.36683597495551));
#9350=CARTESIAN_POINT('Ctrl Pts',(-60.6364418332043,19.1209677675353,1.29999975293236));
#9351=CARTESIAN_POINT('Origin',(-26.2214424229203,35.759982207763,1.55));
#9352=CARTESIAN_POINT('',(-53.0424174272877,24.3397069015585,0.8));
#9353=CARTESIAN_POINT('',(-26.5329196854867,36.4422445582589,0.8));
#9354=CARTESIAN_POINT('',(-52.4368339406686,22.9672516977033,2.3));
#9355=CARTESIAN_POINT('',(-25.909965160354,35.0777198572671,2.3));
#9356=CARTESIAN_POINT('Ctrl Pts',(-52.4368339406683,22.9672516977035,2.3));
#9357=CARTESIAN_POINT('Ctrl Pts',(-52.5377640852181,23.1959945203036,2.04999991874527));
#9358=CARTESIAN_POINT('Ctrl Pts',(-52.6386942297704,23.4247373429027,1.79999983749056));
#9359=CARTESIAN_POINT('Ctrl Pts',(-52.8405544532612,23.8822228394117,1.29999983749056));
#9360=CARTESIAN_POINT('Ctrl Pts',(-52.9414845242465,24.1109654952895,1.04999993845199));
#9361=CARTESIAN_POINT('Ctrl Pts',(-53.0424146031878,24.3397081691982,0.800000019706734));
#9362=CARTESIAN_POINT('Ctrl Pts',(-53.0424174581859,24.3397069740703,0.8));
#9363=CARTESIAN_POINT('Ctrl Pts',(-53.0365597847937,24.3422029993161,0.8));
#9364=CARTESIAN_POINT('Ctrl Pts',(-53.0307021114017,24.3446990245619,0.8));
#9365=CARTESIAN_POINT('Ctrl Pts',(-53.0201590585078,24.3491915464948,0.8));
#9366=CARTESIAN_POINT('Ctrl Pts',(-53.0154736790043,24.3511880431828,0.8));
#9367=CARTESIAN_POINT('Ctrl Pts',(-51.8892109835734,24.8311021546313,0.8));
#9368=CARTESIAN_POINT('Ctrl Pts',(-50.7159809804818,25.2701897339908,0.8));
#9369=CARTESIAN_POINT('Ctrl Pts',(-47.408938273816,26.3644001671062,0.8));
#9370=CARTESIAN_POINT('Ctrl Pts',(-45.1741959804859,26.9548463196574,0.8));
#9371=CARTESIAN_POINT('Ctrl Pts',(-40.9060969040524,27.8504904216948,0.8));
#9372=CARTESIAN_POINT('Ctrl Pts',(-39.030465765074,28.2440843699939,0.80000000000002));
#9373=CARTESIAN_POINT('Ctrl Pts',(-34.9721959591554,29.0956966102567,0.799999999999979));
#9374=CARTESIAN_POINT('Ctrl Pts',(-32.2692630700181,29.6628966346736,0.800000000000099));
#9375=CARTESIAN_POINT('Ctrl Pts',(-29.5663301808812,30.2300966590874,0.800000000000025));
#9376=CARTESIAN_POINT('Ctrl Pts',(-29.044853091582,30.339526611629,0.8));
#9377=CARTESIAN_POINT('Ctrl Pts',(-29.0436702244793,30.3397748317207,0.8));
#9378=CARTESIAN_POINT('Ctrl Pts',(-29.0424873573766,30.3400230518124,0.8));
#9379=CARTESIAN_POINT('Ctrl Pts',(-52.9024149588191,24.0111490330931,1.15714285714286));
#9380=CARTESIAN_POINT('Ctrl Pts',(-52.896557285427,24.0136450583389,1.15714285714286));
#9381=CARTESIAN_POINT('Ctrl Pts',(-52.8906996120346,24.0161410835847,1.15714285714286));
#9382=CARTESIAN_POINT('Ctrl Pts',(-52.8801565591413,24.0206336055175,1.15714285714286));
#9383=CARTESIAN_POINT('Ctrl Pts',(-52.8754711796388,24.022630102205,1.15714285714286));
#9384=CARTESIAN_POINT('Ctrl Pts',(-51.7592718561734,24.4982577534156,1.15714285714286));
#9385=CARTESIAN_POINT('Ctrl Pts',(-50.5953216948888,24.9339294444469,1.15714285714286));
#9386=CARTESIAN_POINT('Ctrl Pts',(-47.3113435767086,26.0205136557073,1.15714285714286));
#9387=CARTESIAN_POINT('Ctrl Pts',(-45.0895088597721,26.6077018885544,1.15714285714286));
#9388=CARTESIAN_POINT('Ctrl Pts',(-40.8327351983305,27.500892821794,1.15621731523372));
#9389=CARTESIAN_POINT('Ctrl Pts',(-38.9535075633184,27.8773480412557,1.15896913550803));
#9390=CARTESIAN_POINT('Ctrl Pts',(-34.8816937333902,28.6644176398211,1.14739344343142));
#9391=CARTESIAN_POINT('Ctrl Pts',(-32.1652918749763,29.1674326880858,1.13848210348199));
#9392=CARTESIAN_POINT('Ctrl Pts',(-29.4447066146264,29.6505121683015,1.06913922503943));
#9393=CARTESIAN_POINT('Ctrl Pts',(-28.9196802219419,29.7430282836772,1.0529947998918));
#9394=CARTESIAN_POINT('Ctrl Pts',(-28.9184867404479,29.743225921988,1.05238770161594));
#9395=CARTESIAN_POINT('Ctrl Pts',(-28.9172971455492,29.7434420814654,1.05264427943755));
#9396=CARTESIAN_POINT('Ctrl Pts',(-52.7484122095156,23.6497352980182,1.55));
#9397=CARTESIAN_POINT('Ctrl Pts',(-52.7425545361232,23.652231323264,1.55));
#9398=CARTESIAN_POINT('Ctrl Pts',(-52.7366968627315,23.6547273485096,1.55));
#9399=CARTESIAN_POINT('Ctrl Pts',(-52.7261538098367,23.659219870443,1.55));
#9400=CARTESIAN_POINT('Ctrl Pts',(-52.7214684303327,23.6612163671312,1.55));
#9401=CARTESIAN_POINT('Ctrl Pts',(-51.6163305290468,24.1321260138344,1.55));
#9402=CARTESIAN_POINT('Ctrl Pts',(-50.4625889787652,24.5640398275709,1.55));
#9403=CARTESIAN_POINT('Ctrl Pts',(-47.2039651222873,25.6422205670869,1.55));
#9404=CARTESIAN_POINT('Ctrl Pts',(-44.9963328860997,26.2258243927787,1.55));
#9405=CARTESIAN_POINT('Ctrl Pts',(-40.7520922029226,27.1165969910749,1.55163278880546));
#9406=CARTESIAN_POINT('Ctrl Pts',(-38.8688406875989,27.473876826247,1.55310852124648));
#9407=CARTESIAN_POINT('Ctrl Pts',(-34.7821492220149,28.1900485951337,1.52913971209421));
#9408=CARTESIAN_POINT('Ctrl Pts',(-32.0509469771435,28.6225339367494,1.51804835909404));
#9409=CARTESIAN_POINT('Ctrl Pts',(-29.3109219898244,29.0129754142926,1.36609054252473));
#9410=CARTESIAN_POINT('Ctrl Pts',(-28.7819853490047,29.0868576477336,1.3302413838946));
#9411=CARTESIAN_POINT('Ctrl Pts',(-28.7807900526002,29.0870466372764,1.33115713459167));
#9412=CARTESIAN_POINT('Ctrl Pts',(-28.7795879125391,29.0872030140838,1.33055298681885));
#9413=CARTESIAN_POINT('Ctrl Pts',(-52.5804092102754,23.2554657688455,1.97857142857143));
#9414=CARTESIAN_POINT('Ctrl Pts',(-52.5745515368831,23.2579617940913,1.97857142857143));
#9415=CARTESIAN_POINT('Ctrl Pts',(-52.5686938634911,23.260457819337,1.97857142857143));
#9416=CARTESIAN_POINT('Ctrl Pts',(-52.5581508105968,23.2649503412702,1.97857142857143));
#9417=CARTESIAN_POINT('Ctrl Pts',(-52.5534654310941,23.2669468379578,1.97857142857143));
#9418=CARTESIAN_POINT('Ctrl Pts',(-51.460403603343,23.73271274188,1.97857142857143));
#9419=CARTESIAN_POINT('Ctrl Pts',(-50.3177978606552,24.1605274909349,1.97857142857143));
#9420=CARTESIAN_POINT('Ctrl Pts',(-47.0868515654066,25.2295568121946,1.97857142857143));
#9421=CARTESIAN_POINT('Ctrl Pts',(-44.8947084072926,25.8092511365222,1.97857142857143));
#9422=CARTESIAN_POINT('Ctrl Pts',(-40.6640579760813,26.6970790135423,1.97908183864849));
#9423=CARTESIAN_POINT('Ctrl Pts',(-38.7764908876445,27.0337934326339,1.98387386685615));
#9424=CARTESIAN_POINT('Ctrl Pts',(-34.6735465250684,27.6725137065758,1.94601311175227));
#9425=CARTESIAN_POINT('Ctrl Pts',(-31.9261814663012,28.0279768348992,1.9242031539204));
#9426=CARTESIAN_POINT('Ctrl Pts',(-29.1649737060617,28.3174740050637,1.68905466713779));
#9427=CARTESIAN_POINT('Ctrl Pts',(-28.6317779209032,28.371059727896,1.63383857955032));
#9428=CARTESIAN_POINT('Ctrl Pts',(-28.6305698548915,28.3711878652001,1.63401862833473));
#9429=CARTESIAN_POINT('Ctrl Pts',(-28.6293596583462,28.3713058496675,1.63372612214391));
#9430=CARTESIAN_POINT('Ctrl Pts',(-52.5384084604654,23.1568983865523,2.08571428571429));
#9431=CARTESIAN_POINT('Ctrl Pts',(-52.5325507870731,23.1593944117981,2.08571428571429));
#9432=CARTESIAN_POINT('Ctrl Pts',(-52.526693113681,23.1618904370439,2.08571428571429));
#9433=CARTESIAN_POINT('Ctrl Pts',(-52.5161500607868,23.166382958977,2.08571428571429));
#9434=CARTESIAN_POINT('Ctrl Pts',(-52.5114646812842,23.1683794556646,2.08571428571429));
#9435=CARTESIAN_POINT('Ctrl Pts',(-51.4214215130047,23.6328592983674,2.08571428571429));
#9436=CARTESIAN_POINT('Ctrl Pts',(-50.2815997562147,24.059649263922,2.08571428571429));
#9437=CARTESIAN_POINT('Ctrl Pts',(-47.0575721242817,25.1263900970865,2.08571428571429));
#9438=CARTESIAN_POINT('Ctrl Pts',(-44.8693014152819,25.7051070159516,2.08571428571429));
#9439=CARTESIAN_POINT('Ctrl Pts',(-40.6420517962817,26.5922108460804,2.08609899742448));
#9440=CARTESIAN_POINT('Ctrl Pts',(-38.7534028809537,26.9237699313243,2.09153373121214));
#9441=CARTESIAN_POINT('Ctrl Pts',(-34.6463961945846,27.5431316225549,2.05021472138681));
#9442=CARTESIAN_POINT('Ctrl Pts',(-31.8949911027768,27.8793423924353,2.02605524383485));
#9443=CARTESIAN_POINT('Ctrl Pts',(-29.1284866913412,28.1435989206681,1.76983459835016));
#9444=CARTESIAN_POINT('Ctrl Pts',(-28.5942258596118,28.1921092745278,1.70969250238375));
#9445=CARTESIAN_POINT('Ctrl Pts',(-28.5930150282782,28.1922242339774,1.70978350382582));
#9446=CARTESIAN_POINT('Ctrl Pts',(-28.591802594798,28.1923315585634,1.70951940597517));
#9447=CARTESIAN_POINT('Ctrl Pts',(-52.5034078356236,23.074758901308,2.175));
#9448=CARTESIAN_POINT('Ctrl Pts',(-52.4975501622314,23.0772549265538,2.175));
#9449=CARTESIAN_POINT('Ctrl Pts',(-52.4916924888392,23.0797509517995,2.175));
#9450=CARTESIAN_POINT('Ctrl Pts',(-52.4811494359451,23.0842434737326,2.175));
#9451=CARTESIAN_POINT('Ctrl Pts',(-52.4764640564427,23.0862399704202,2.175));
#9452=CARTESIAN_POINT('Ctrl Pts',(-51.3889364906949,23.5496481139664,2.175));
#9453=CARTESIAN_POINT('Ctrl Pts',(-50.2514347171351,23.9755840958284,2.175));
#9454=CARTESIAN_POINT('Ctrl Pts',(-47.0331727452624,25.0404179490837,2.175));
#9455=CARTESIAN_POINT('Ctrl Pts',(-44.8481290506843,25.6183203678423,2.175));
#9456=CARTESIAN_POINT('Ctrl Pts',(-40.6237129623052,26.5048190347796,2.17525710180236));
#9457=CARTESIAN_POINT('Ctrl Pts',(-38.7341629575422,26.8320840717774,2.18125492982618));
#9458=CARTESIAN_POINT('Ctrl Pts',(-34.6237708684467,27.4353129774329,2.13705186679332));
#9459=CARTESIAN_POINT('Ctrl Pts',(-31.8689989834886,27.7554796437426,2.1108857317758));
#9460=CARTESIAN_POINT('Ctrl Pts',(-29.0980808374433,27.9987029774638,1.83714546640353));
#9461=CARTESIAN_POINT('Ctrl Pts',(-28.5629325053501,28.0429840403872,1.7729108018363));
#9462=CARTESIAN_POINT('Ctrl Pts',(-28.5617193065485,28.0430877179138,1.77291359402119));
#9463=CARTESIAN_POINT('Ctrl Pts',(-28.5605050418412,28.0431863159767,1.77268047583456));
#9464=CARTESIAN_POINT('Ctrl Pts',(-52.4789073982344,23.017261261637,2.2375));
#9465=CARTESIAN_POINT('Ctrl Pts',(-52.4730497248422,23.0197572868828,2.2375));
#9466=CARTESIAN_POINT('Ctrl Pts',(-52.46719205145,23.0222533121285,2.2375));
#9467=CARTESIAN_POINT('Ctrl Pts',(-52.4566489985559,23.0267458340616,2.2375));
#9468=CARTESIAN_POINT('Ctrl Pts',(-52.4519636190537,23.0287423307491,2.2375));
#9469=CARTESIAN_POINT('Ctrl Pts',(-51.3661970433325,23.4914003087567,2.2375));
#9470=CARTESIAN_POINT('Ctrl Pts',(-50.2303192515682,23.9167385053296,2.2375));
#9471=CARTESIAN_POINT('Ctrl Pts',(-47.0160933799899,24.9802375931272,2.2375));
#9472=CARTESIAN_POINT('Ctrl Pts',(-44.8333085613534,25.5575698675395,2.2375));
#9473=CARTESIAN_POINT('Ctrl Pts',(-40.6108753265037,26.4436426128245,2.23763831818055));
#9474=CARTESIAN_POINT('Ctrl Pts',(-38.7206951170224,26.7679044745988,2.24406575390605));
#9475=CARTESIAN_POINT('Ctrl Pts',(-34.6079330747786,27.359839614326,2.19784105208277));
#9476=CARTESIAN_POINT('Ctrl Pts',(-31.8508043071187,27.6687748005647,2.1702074756191));
#9477=CARTESIAN_POINT('Ctrl Pts',(-29.0767967290233,27.897275766272,1.88425567640307));
#9478=CARTESIAN_POINT('Ctrl Pts',(-28.5410271962122,27.9385965616022,1.81717224063814));
#9479=CARTESIAN_POINT('Ctrl Pts',(-28.5398122589652,27.9386919547471,1.81709524333481));
#9480=CARTESIAN_POINT('Ctrl Pts',(-28.5385967547714,27.938784646166,1.81689322473613));
#9481=CARTESIAN_POINT('Ctrl Pts',(-52.4649071482977,22.9844054675392,2.27321428571429));
#9482=CARTESIAN_POINT('Ctrl Pts',(-52.4590494749055,22.986901492785,2.27321428571429));
#9483=CARTESIAN_POINT('Ctrl Pts',(-52.4531918015133,22.9893975180308,2.27321428571429));
#9484=CARTESIAN_POINT('Ctrl Pts',(-52.4426487486193,22.9938900399639,2.27321428571429));
#9485=CARTESIAN_POINT('Ctrl Pts',(-52.4379633691171,22.9958865366513,2.27321428571429));
#9486=CARTESIAN_POINT('Ctrl Pts',(-51.3532030987168,23.4581158574871,2.27321428571429));
#9487=CARTESIAN_POINT('Ctrl Pts',(-50.2182532941527,23.883112463688,2.27321428571429));
#9488=CARTESIAN_POINT('Ctrl Pts',(-47.0063338168574,24.945848873035,2.27321428571429));
#9489=CARTESIAN_POINT('Ctrl Pts',(-44.8248397718105,25.5228553528017,2.27321428571429));
#9490=CARTESIAN_POINT('Ctrl Pts',(-40.6035393670297,26.4086838588008,2.27327380635338));
#9491=CARTESIAN_POINT('Ctrl Pts',(-38.712999247405,26.7312306061151,2.27995987236189));
#9492=CARTESIAN_POINT('Ctrl Pts',(-34.5988828827314,27.316711862767,2.23257890968839));
#9493=CARTESIAN_POINT('Ctrl Pts',(-31.8404072776864,27.6192288351342,2.20408351886301));
#9494=CARTESIAN_POINT('Ctrl Pts',(-29.0646343773908,27.8393173409871,1.91117305369854));
#9495=CARTESIAN_POINT('Ctrl Pts',(-28.5285098911069,27.8789466423567,1.84246769068747));
#9496=CARTESIAN_POINT('Ctrl Pts',(-28.5272939303506,27.8790371580741,1.84233840987227));
#9497=CARTESIAN_POINT('Ctrl Pts',(-28.5260777335886,27.8791265491313,1.84215765267989));
#9498=CARTESIAN_POINT('Ctrl Pts',(-52.4579070233294,22.9679775704904,2.29107142857143));
#9499=CARTESIAN_POINT('Ctrl Pts',(-52.4520493499372,22.9704735957362,2.29107142857143));
#9500=CARTESIAN_POINT('Ctrl Pts',(-52.4461916765449,22.972969620982,2.29107142857143));
#9501=CARTESIAN_POINT('Ctrl Pts',(-52.435648623651,22.977462142915,2.29107142857143));
#9502=CARTESIAN_POINT('Ctrl Pts',(-52.4309632441488,22.9794586396024,2.29107142857143));
#9503=CARTESIAN_POINT('Ctrl Pts',(-51.3467061194189,23.4414736294076,2.29107142857143));
#9504=CARTESIAN_POINT('Ctrl Pts',(-50.2122203091172,23.8662994400851,2.29107142857143));
#9505=CARTESIAN_POINT('Ctrl Pts',(-47.0014540148048,24.9286544978684,2.29107142857143));
#9506=CARTESIAN_POINT('Ctrl Pts',(-44.8206053600504,25.5054980797258,2.29107142857143));
#9507=CARTESIAN_POINT('Ctrl Pts',(-40.5998714335841,26.3912047023861,2.29109456711916));
#9508=CARTESIAN_POINT('Ctrl Pts',(-38.7091513017543,26.7128936202066,2.29790631865675));
#9509=CARTESIAN_POINT('Ctrl Pts',(-34.5943577934026,27.2951480188906,2.2499475124663));
#9510=CARTESIAN_POINT('Ctrl Pts',(-31.835208782722,27.5944559465438,2.2210276439277));
#9511=CARTESIAN_POINT('Ctrl Pts',(-29.0585532026695,27.8103381335624,1.92463249994341));
#9512=CARTESIAN_POINT('Ctrl Pts',(-28.5222512345761,27.8491216637763,1.8551145319914));
#9513=CARTESIAN_POINT('Ctrl Pts',(-28.5210347703827,27.8492097804165,1.85496095721706));
#9514=CARTESIAN_POINT('Ctrl Pts',(-28.5198182229973,27.8492975006139,1.85478986665176));
#9515=CARTESIAN_POINT('Ctrl Pts',(-52.4544069608452,22.9597636219659,2.3));
#9516=CARTESIAN_POINT('Ctrl Pts',(-52.448549287453,22.9622596472117,2.3));
#9517=CARTESIAN_POINT('Ctrl Pts',(-52.4426916140608,22.9647556724575,2.3));
#9518=CARTESIAN_POINT('Ctrl Pts',(-52.4321485611668,22.9692481943906,2.3));
#9519=CARTESIAN_POINT('Ctrl Pts',(-52.4274631816647,22.971244691078,2.3));
#9520=CARTESIAN_POINT('Ctrl Pts',(-51.3434576412339,23.4331525193772,2.3));
#9521=CARTESIAN_POINT('Ctrl Pts',(-50.2092038269773,23.8578929328465,2.3));
#9522=CARTESIAN_POINT('Ctrl Pts',(-46.9990141473772,24.9200573350835,2.3));
#9523=CARTESIAN_POINT('Ctrl Pts',(-44.8184881820326,25.4968194689482,2.3));
#9524=CARTESIAN_POINT('Ctrl Pts',(-40.598037390941,26.3824647623886,2.3));
#9525=CARTESIAN_POINT('Ctrl Pts',(-38.7072273467104,26.7037252119881,2.30688054704445));
#9526=CARTESIAN_POINT('Ctrl Pts',(-34.5920952377585,27.2843660446297,2.25863234855208));
#9527=CARTESIAN_POINT('Ctrl Pts',(-31.832609502846,27.5820693478791,2.22948969651475));
#9528=CARTESIAN_POINT('Ctrl Pts',(-29.0555126135131,27.7958485212928,1.9313609805694));
#9529=CARTESIAN_POINT('Ctrl Pts',(-28.5191219128351,27.8342092055775,1.8614394019887));
#9530=CARTESIAN_POINT('Ctrl Pts',(-28.5179051832819,27.8342960576732,1.86127064975746));
#9531=CARTESIAN_POINT('Ctrl Pts',(-28.5166884677016,27.8343829763553,1.8611059736377));
#9532=CARTESIAN_POINT('',(-28.516688467737,27.8343829763527,1.86110597364249));
#9533=CARTESIAN_POINT('Ctrl Pts',(-52.4368339406686,22.9672516977033,2.3));
#9534=CARTESIAN_POINT('Ctrl Pts',(-52.4321485611665,22.9692481943907,2.3));
#9535=CARTESIAN_POINT('Ctrl Pts',(-52.4274631816647,22.971244691078,2.3));
#9536=CARTESIAN_POINT('Ctrl Pts',(-52.4227778021626,22.9732411877653,2.3));
#9537=CARTESIAN_POINT('Ctrl Pts',(-51.8523372131434,23.2163127993209,2.3));
#9538=CARTESIAN_POINT('Ctrl Pts',(-51.2665519120834,23.4495600577082,2.3));
#9539=CARTESIAN_POINT('Ctrl Pts',(-49.7334064981841,24.0208603362022,2.3));
#9540=CARTESIAN_POINT('Ctrl Pts',(-48.7647921725604,24.3461049879792,2.3));
#9541=CARTESIAN_POINT('Ctrl Pts',(-47.7591786999442,24.650401717532,2.3));
#9542=CARTESIAN_POINT('Ctrl Pts',(-46.9293665271352,24.9015013071903,2.3));
#9543=CARTESIAN_POINT('Ctrl Pts',(-46.0742151973575,25.1382828117828,2.3));
#9544=CARTESIAN_POINT('Ctrl Pts',(-44.3125924114781,25.5841317956856,2.3));
#9545=CARTESIAN_POINT('Ctrl Pts',(-43.4061209553764,25.7931992749959,2.3));
#9546=CARTESIAN_POINT('Ctrl Pts',(-42.4736685299194,25.9888708140898,2.3));
#9547=CARTESIAN_POINT('Ctrl Pts',(-42.2674234119394,26.0321505553012,2.3));
#9548=CARTESIAN_POINT('Ctrl Pts',(-42.060992983143,26.0745472170367,2.30000077615295));
#9549=CARTESIAN_POINT('Ctrl Pts',(-41.6477745999197,26.157636789197,2.29999445322427));
#9550=CARTESIAN_POINT('Ctrl Pts',(-41.4409866441588,26.1983296932641,2.29998728381223));
#9551=CARTESIAN_POINT('Ctrl Pts',(-41.2340261618361,26.2382004398949,2.29996272813236));
#9552=CARTESIAN_POINT('Ctrl Pts',(-38.9300119719173,26.6820666551693,2.29968935886779));
#9553=CARTESIAN_POINT('Ctrl Pts',(-36.6049884285926,27.025814975775,2.30422271368498));
#9554=CARTESIAN_POINT('Ctrl Pts',(-33.095269146923,27.4357220642712,2.21494725631888));
#9555=CARTESIAN_POINT('Ctrl Pts',(-31.9215912392817,27.5543851616633,2.16889430168998));
#9556=CARTESIAN_POINT('Ctrl Pts',(-30.0032585144293,27.722474757758,2.03023884666252));
#9557=CARTESIAN_POINT('Ctrl Pts',(-29.2603553329048,27.781257541907,1.96175741242426));
#9558=CARTESIAN_POINT('Ctrl Pts',(-28.516688467737,27.8343829763527,1.8611059736425));
#9559=CARTESIAN_POINT('Ctrl Pts',(-28.5166884677016,27.8343829763553,1.8611059736377));
#9560=CARTESIAN_POINT('Ctrl Pts',(-29.1459140310608,27.7932885398156,1.9445517919979));
#9561=CARTESIAN_POINT('Ctrl Pts',(-30.0375027918628,27.7350592816865,2.03734351349248));
#9562=CARTESIAN_POINT('Ctrl Pts',(-32.1999365652856,27.5938317114034,2.13373458405853));
#9563=CARTESIAN_POINT('Ctrl Pts',(-33.1644434522208,27.5308402034604,2.14331502798132));
#9564=CARTESIAN_POINT('Ctrl Pts',(-35.7180422222274,27.3640658244259,2.09694945561813));
#9565=CARTESIAN_POINT('Ctrl Pts',(-37.293026651109,27.2612043047777,1.99318213446109));
#9566=CARTESIAN_POINT('Ctrl Pts',(-38.991482715738,27.1502789085005,1.81961360112369));
#9567=CARTESIAN_POINT('Ctrl Pts',(-39.0833729654546,27.1442775979126,1.81004808679792));
#9568=CARTESIAN_POINT('Ctrl Pts',(-39.1780038277007,27.1380972991617,1.80000000000012));
#9569=CARTESIAN_POINT('Ctrl Pts',(-48.5114216946716,25.9888905124229,0.8));
#9570=CARTESIAN_POINT('Ctrl Pts',(-49.4322898995725,25.7041034258391,0.8));
#9571=CARTESIAN_POINT('Ctrl Pts',(-50.3245266650812,25.401346958627,0.8));
#9572=CARTESIAN_POINT('Ctrl Pts',(-51.8108033323574,24.8475115127286,0.8));
#9573=CARTESIAN_POINT('Ctrl Pts',(-52.4180140255751,24.6057728037941,0.8));
#9574=CARTESIAN_POINT('Ctrl Pts',(-53.0107882995016,24.3531845398705,0.8));
#9575=CARTESIAN_POINT('Ctrl Pts',(-53.0213313523977,24.3486920179365,0.8));
#9576=CARTESIAN_POINT('Ctrl Pts',(-53.0318744052901,24.3441994960042,0.8));
#9577=CARTESIAN_POINT('Ctrl Pts',(-53.0424174581859,24.3397069740703,0.8));
#9578=CARTESIAN_POINT('Origin',(7.19409214844727,32.7814603214425,0.8));
#9579=CARTESIAN_POINT('Ctrl Pts',(-1.8196490734168,30.3399342365562,0.8));
#9580=CARTESIAN_POINT('Ctrl Pts',(-1.81846620793755,30.3396860087471,0.8));
#9581=CARTESIAN_POINT('Ctrl Pts',(-1.81728334245829,30.3394377809379,0.8));
#9582=CARTESIAN_POINT('Ctrl Pts',(-1.29580696720884,30.2300044257317,0.800000000000007));
#9583=CARTESIAN_POINT('Ctrl Pts',(1.40712222085957,29.6627867645421,0.800000000000026));
#9584=CARTESIAN_POINT('Ctrl Pts',(4.1100514089281,29.0955691033574,0.799999999999992));
#9585=CARTESIAN_POINT('Ctrl Pts',(8.16831565794273,28.2439303826788,0.800000000000005));
#9586=CARTESIAN_POINT('Ctrl Pts',(10.0439442286592,27.8503241957932,0.8));
#9587=CARTESIAN_POINT('Ctrl Pts',(14.312037460875,26.9546522441951,0.8));
#9588=CARTESIAN_POINT('Ctrl Pts',(16.5467759014641,26.3641915098408,0.8));
#9589=CARTESIAN_POINT('Ctrl Pts',(19.8538114682767,25.2699594981143,0.8));
#9590=CARTESIAN_POINT('Ctrl Pts',(21.0270386062728,24.8308642633742,0.8));
#9591=CARTESIAN_POINT('Ctrl Pts',(22.1532981702138,24.3509428030104,0.8));
#9592=CARTESIAN_POINT('Ctrl Pts',(22.157983536687,24.3489462757514,0.8));
#9593=CARTESIAN_POINT('Ctrl Pts',(22.1685256111788,24.3444540894496,0.8));
#9594=CARTESIAN_POINT('Ctrl Pts',(22.1743823191948,24.341958430408,0.8));
#9595=CARTESIAN_POINT('Ctrl Pts',(22.1802390272103,24.3394627713666,0.8));
#9596=CARTESIAN_POINT('Ctrl Pts',(-1.89476553614566,29.9819861444797,0.951586567662743));
#9597=CARTESIAN_POINT('Ctrl Pts',(-1.89357863386329,29.9817571530126,0.951432620969708));
#9598=CARTESIAN_POINT('Ctrl Pts',(-1.89238939955123,29.9815392742304,0.951796879935144));
#9599=CARTESIAN_POINT('Ctrl Pts',(-1.36878337605248,29.8822542074278,0.961483535023669));
#9600=CARTESIAN_POINT('Ctrl Pts',(1.34473756407823,29.3655088036464,1.00308926208916));
#9601=CARTESIAN_POINT('Ctrl Pts',(4.05574838499884,28.8368020754207,1.00843606605886));
#9602=CARTESIAN_POINT('Ctrl Pts',(8.12213930110557,28.0238888867345,1.01538148130481));
#9603=CARTESIAN_POINT('Ctrl Pts',(9.99992583654084,27.6405659230707,1.01373038914023));
#9604=CARTESIAN_POINT('Ctrl Pts',(14.261223829366,26.7463659170906,1.01428571428571));
#9605=CARTESIAN_POINT('Ctrl Pts',(16.488217736874,26.1578599850924,1.01428571428571));
#9606=CARTESIAN_POINT('Ctrl Pts',(19.7814145804523,25.0682037967774,1.01428571428571));
#9607=CARTESIAN_POINT('Ctrl Pts',(20.9490738267377,24.631158131365,1.01428571428571));
#9608=CARTESIAN_POINT('Ctrl Pts',(22.0692953842807,24.1538085865425,1.01428571428571));
#9609=CARTESIAN_POINT('Ctrl Pts',(22.0739807507536,24.1518120592836,1.01428571428571));
#9610=CARTESIAN_POINT('Ctrl Pts',(22.0845228252457,24.1473198729817,1.01428571428571));
#9611=CARTESIAN_POINT('Ctrl Pts',(22.0903795332615,24.1448242139402,1.01428571428571));
#9612=CARTESIAN_POINT('Ctrl Pts',(22.0962362412771,24.1423285548987,1.01428571428571));
#9613=CARTESIAN_POINT('Ctrl Pts',(-2.03247905114857,29.3257479756727,1.22949527504444));
#9614=CARTESIAN_POINT('Ctrl Pts',(-2.0312813009505,29.3255706771447,1.22982490556384));
#9615=CARTESIAN_POINT('Ctrl Pts',(-2.03008699723436,29.3253769552976,1.22938930260377));
#9616=CARTESIAN_POINT('Ctrl Pts',(-1.5025728916042,29.2447148439941,1.25805957661393));
#9617=CARTESIAN_POINT('Ctrl Pts',(1.23037980791491,28.8205664681638,1.37986792041027));
#9618=CARTESIAN_POINT('Ctrl Pts',(3.95619662344182,28.3624138811727,1.38998564894752));
#9619=CARTESIAN_POINT('Ctrl Pts',(8.03747298402101,27.6204334315311,1.40970764405439));
#9620=CARTESIAN_POINT('Ctrl Pts',(9.91926222371133,27.2561843206442,1.40796573202335));
#9621=CARTESIAN_POINT('Ctrl Pts',(14.1680520099492,26.3644951739041,1.40714285714286));
#9622=CARTESIAN_POINT('Ctrl Pts',(16.3808448284072,25.779573512233,1.40714285714286));
#9623=CARTESIAN_POINT('Ctrl Pts',(19.6486819262501,24.6983161343628,1.40714285714286));
#9624=CARTESIAN_POINT('Ctrl Pts',(20.8061328450875,24.2650282808212,1.40714285714286));
#9625=CARTESIAN_POINT('Ctrl Pts',(21.9152902767362,23.7923958563516,1.40714285714286));
#9626=CARTESIAN_POINT('Ctrl Pts',(21.919975643211,23.7903993290919,1.40714285714286));
#9627=CARTESIAN_POINT('Ctrl Pts',(21.9305177177015,23.7859071427907,1.40714285714286));
#9628=CARTESIAN_POINT('Ctrl Pts',(21.9363744257174,23.7834114837491,1.40714285714286));
#9629=CARTESIAN_POINT('Ctrl Pts',(21.9422311337328,23.7809158247077,1.40714285714286));
#9630=CARTESIAN_POINT('Ctrl Pts',(-2.17645227137888,28.6396807991927,1.52003619639803));
#9631=CARTESIAN_POINT('Ctrl Pts',(-2.1752455359623,28.6395463174015,1.52034802192303));
#9632=CARTESIAN_POINT('Ctrl Pts',(-2.17404141727858,28.6393993662461,1.52007921785224));
#9633=CARTESIAN_POINT('Ctrl Pts',(-1.64244413648888,28.5781945710207,1.56775899713038));
#9634=CARTESIAN_POINT('Ctrl Pts',(1.11081432588663,28.2508080608132,1.77073284493969));
#9635=CARTESIAN_POINT('Ctrl Pts',(3.85211719694898,27.8664502696802,1.7892769618719));
#9636=CARTESIAN_POINT('Ctrl Pts',(7.9489648016745,27.198670560209,1.82232668618615));
#9637=CARTESIAN_POINT('Ctrl Pts',(9.83490695223594,26.8542110729128,1.81848321407476));
#9638=CARTESIAN_POINT('Ctrl Pts',(14.0706543304181,25.9652751964342,1.81785714285714));
#9639=CARTESIAN_POINT('Ctrl Pts',(16.2686024545615,25.384100407995,1.81785714285714));
#9640=CARTESIAN_POINT('Ctrl Pts',(19.5099194047535,24.3116169066917,1.81785714285714));
#9641=CARTESIAN_POINT('Ctrl Pts',(20.656698340717,23.8822574914274,1.81785714285714));
#9642=CARTESIAN_POINT('Ctrl Pts',(21.7542849370309,23.4145552747881,1.81785714285714));
#9643=CARTESIAN_POINT('Ctrl Pts',(21.758970303506,23.4125587475283,1.81785714285714));
#9644=CARTESIAN_POINT('Ctrl Pts',(21.7695123779962,23.4080665612272,1.81785714285714));
#9645=CARTESIAN_POINT('Ctrl Pts',(21.7753690860119,23.4055709021857,1.81785714285714));
#9646=CARTESIAN_POINT('Ctrl Pts',(21.7812257940274,23.4030752431443,1.81785714285714));
#9647=CARTESIAN_POINT('Ctrl Pts',(-2.25156873410774,28.2817327071161,1.67162276406077));
#9648=CARTESIAN_POINT('Ctrl Pts',(-2.25035747779576,28.2816197684837,1.67188818923415));
#9649=CARTESIAN_POINT('Ctrl Pts',(-2.2491479180987,28.2814987450714,1.67177753300264));
#9650=CARTESIAN_POINT('Ctrl Pts',(-1.7154204656602,28.2304447323747,1.7293159643825));
#9651=CARTESIAN_POINT('Ctrl Pts',(1.04843165127877,27.9535395454533,1.97444680690997));
#9652=CARTESIAN_POINT('Ctrl Pts',(3.79781470418602,27.6076857728792,1.99763112599542));
#9653=CARTESIAN_POINT('Ctrl Pts',(7.90278708783769,26.9786225978335,2.03763234896703));
#9654=CARTESIAN_POINT('Ctrl Pts',(9.79089372426673,26.6444774086084,2.03255012524204));
#9655=CARTESIAN_POINT('Ctrl Pts',(14.0198388037513,25.7569871171558,2.03214285714286));
#9656=CARTESIAN_POINT('Ctrl Pts',(16.210042004631,25.1777671965161,2.03214285714286));
#9657=CARTESIAN_POINT('Ctrl Pts',(19.437521811033,24.1098608950002,2.03214285714286));
#9658=CARTESIAN_POINT('Ctrl Pts',(20.5787327814204,23.6825510867145,2.03214285714286));
#9659=CARTESIAN_POINT('Ctrl Pts',(21.6702821510978,23.2174210583203,2.03214285714286));
#9660=CARTESIAN_POINT('Ctrl Pts',(21.6749675175728,23.2154245310604,2.03214285714286));
#9661=CARTESIAN_POINT('Ctrl Pts',(21.685509592063,23.2109323447593,2.03214285714286));
#9662=CARTESIAN_POINT('Ctrl Pts',(21.6913663000787,23.2084366857179,2.03214285714286));
#9663=CARTESIAN_POINT('Ctrl Pts',(21.6972230080941,23.2059410266765,2.03214285714286));
#9664=CARTESIAN_POINT('Ctrl Pts',(-2.27660755501736,28.1624166764239,1.72215161994835));
#9665=CARTESIAN_POINT('Ctrl Pts',(-2.27539491708692,28.1623103215373,1.72237373121729));
#9666=CARTESIAN_POINT('Ctrl Pts',(-2.27418330347719,28.1621990855151,1.72236915956666));
#9667=CARTESIAN_POINT('Ctrl Pts',(-1.73974592934697,28.1145280211874,1.78314927289301));
#9668=CARTESIAN_POINT('Ctrl Pts',(1.0276369131626,27.8544475945879,2.04218970650951));
#9669=CARTESIAN_POINT('Ctrl Pts',(3.77971373572942,27.5214302852218,2.0671037210162));
#9670=CARTESIAN_POINT('Ctrl Pts',(7.88739486792852,26.9052749514035,2.10942053502092));
#9671=CARTESIAN_POINT('Ctrl Pts',(9.77622131111683,26.5745598152824,2.10381862619127));
#9672=CARTESIAN_POINT('Ctrl Pts',(14.0029007855781,25.6875582110891,2.10357142857143));
#9673=CARTESIAN_POINT('Ctrl Pts',(16.1905224464004,25.1089898961038,2.10357142857143));
#9674=CARTESIAN_POINT('Ctrl Pts',(19.4133894625715,24.0426089714636,2.10357142857143));
#9675=CARTESIAN_POINT('Ctrl Pts',(20.5527444635596,23.615982355755,2.10357142857143));
#9676=CARTESIAN_POINT('Ctrl Pts',(21.6422812224534,23.151709652831,2.10357142857143));
#9677=CARTESIAN_POINT('Ctrl Pts',(21.6469665889284,23.1497131255712,2.10357142857143));
#9678=CARTESIAN_POINT('Ctrl Pts',(21.6575086634187,23.1452209392701,2.10357142857143));
#9679=CARTESIAN_POINT('Ctrl Pts',(21.6633653714342,23.1427252802286,2.10357142857143));
#9680=CARTESIAN_POINT('Ctrl Pts',(21.6692220794497,23.1402296211872,2.10357142857143));
#9681=CARTESIAN_POINT('Ctrl Pts',(-2.30164637592698,28.0431006457318,1.77268047583593));
#9682=CARTESIAN_POINT('Ctrl Pts',(-2.30043215580569,28.0430018303668,1.77290383252862));
#9683=CARTESIAN_POINT('Ctrl Pts',(-2.29921887270373,28.0428985498783,1.77291994810183));
#9684=CARTESIAN_POINT('Ctrl Pts',(-1.76407136002337,27.9986114673025,1.8370130063415));
#9685=CARTESIAN_POINT('Ctrl Pts',(1.00684299631397,27.7553595572609,2.11019143599262));
#9686=CARTESIAN_POINT('Ctrl Pts',(3.76161298734924,27.4351758462816,2.13654238187269));
#9687=CARTESIAN_POINT('Ctrl Pts',(7.87200208577806,26.8319246257579,2.18117730743074));
#9688=CARTESIAN_POINT('Ctrl Pts',(9.76155103761215,26.5046524178828,2.17522655722479));
#9689=CARTESIAN_POINT('Ctrl Pts',(13.9859619821904,25.6181285790499,2.175));
#9690=CARTESIAN_POINT('Ctrl Pts',(16.1710019412922,25.040211896834,2.175));
#9691=CARTESIAN_POINT('Ctrl Pts',(19.3892568216383,23.9753569193388,2.175));
#9692=CARTESIAN_POINT('Ctrl Pts',(20.5267558226227,23.5494135118072,2.175));
#9693=CARTESIAN_POINT('Ctrl Pts',(21.614280293809,23.0859982473417,2.175));
#9694=CARTESIAN_POINT('Ctrl Pts',(21.618965660284,23.0840017200819,2.175));
#9695=CARTESIAN_POINT('Ctrl Pts',(21.6295077347743,23.0795095337808,2.175));
#9696=CARTESIAN_POINT('Ctrl Pts',(21.6353644427898,23.0770138747393,2.175));
#9697=CARTESIAN_POINT('Ctrl Pts',(21.6412211508053,23.0745182156979,2.175));
#9698=CARTESIAN_POINT('Ctrl Pts',(-2.3266851968366,27.9237846150396,1.82320933172351));
#9699=CARTESIAN_POINT('Ctrl Pts',(-2.32546958924484,27.9236924113066,1.82339067459949));
#9700=CARTESIAN_POINT('Ctrl Pts',(-2.32425426344627,27.923598864761,1.8235103831528));
#9701=CARTESIAN_POINT('Ctrl Pts',(-1.788396822747,27.8826947607047,1.89084720254691));
#9702=CARTESIAN_POINT('Ctrl Pts',(0.986048282159567,27.6562677205791,2.17794188735679));
#9703=CARTESIAN_POINT('Ctrl Pts',(3.74351202531371,27.3489203892221,2.20601398681142));
#9704=CARTESIAN_POINT('Ctrl Pts',(7.85660984946463,26.7585769011576,2.25296457694269));
#9705=CARTESIAN_POINT('Ctrl Pts',(9.74687868688973,26.4347351220388,2.2464991262637));
#9706=CARTESIAN_POINT('Ctrl Pts',(13.9690239411074,25.5486996518018,2.24642857142857));
#9707=CARTESIAN_POINT('Ctrl Pts',(16.151482355435,24.9714345760315,2.24642857142857));
#9708=CARTESIAN_POINT('Ctrl Pts',(19.3651244646434,23.9081049920504,2.24642857142857));
#9709=CARTESIAN_POINT('Ctrl Pts',(20.5007674953356,23.4828447775511,2.24642857142857));
#9710=CARTESIAN_POINT('Ctrl Pts',(21.5862793651646,23.0202868418524,2.24642857142857));
#9711=CARTESIAN_POINT('Ctrl Pts',(21.5909647316396,23.0182903145926,2.24642857142857));
#9712=CARTESIAN_POINT('Ctrl Pts',(21.6015068061299,23.0137981282915,2.24642857142857));
#9713=CARTESIAN_POINT('Ctrl Pts',(21.6073635141454,23.01130246925,2.24642857142857));
#9714=CARTESIAN_POINT('Ctrl Pts',(21.6132202221608,23.0088068102086,2.24642857142857));
#9715=CARTESIAN_POINT('Ctrl Pts',(-2.33920460729141,27.8641265996935,1.8484737596673));
#9716=CARTESIAN_POINT('Ctrl Pts',(-2.33798822868237,27.8640380700441,1.84865126467762));
#9717=CARTESIAN_POINT('Ctrl Pts',(-2.33677202965557,27.863948684642,1.84878986548009));
#9718=CARTESIAN_POINT('Ctrl Pts',(-1.80055954138968,27.8247364680156,1.91777602360597));
#9719=CARTESIAN_POINT('Ctrl Pts',(0.975651241522892,27.6067233101539,2.21191684213045));
#9720=CARTESIAN_POINT('Ctrl Pts',(3.73446162909304,27.305793064771,2.24073671419328));
#9721=CARTESIAN_POINT('Ctrl Pts',(7.84891351467214,26.7219020065357,2.28884610778646));
#9722=CARTESIAN_POINT('Ctrl Pts',(9.73954333594985,26.3997804026836,2.28218913423831));
#9723=CARTESIAN_POINT('Ctrl Pts',(13.9605546180168,25.5139849084551,2.28214285714286));
#9724=CARTESIAN_POINT('Ctrl Pts',(16.1417221976673,24.9370456463552,2.28214285714286));
#9725=CARTESIAN_POINT('Ctrl Pts',(19.3530581734545,23.8744789788602,2.28214285714286));
#9726=CARTESIAN_POINT('Ctrl Pts',(20.4877732072085,23.4495603668878,2.28214285714286));
#9727=CARTESIAN_POINT('Ctrl Pts',(21.5722789008424,22.9874311391077,2.28214285714286));
#9728=CARTESIAN_POINT('Ctrl Pts',(21.5769642673174,22.9854346118479,2.28214285714286));
#9729=CARTESIAN_POINT('Ctrl Pts',(21.5875063418077,22.9809424255468,2.28214285714286));
#9730=CARTESIAN_POINT('Ctrl Pts',(21.5933630498232,22.9784467665054,2.28214285714286));
#9731=CARTESIAN_POINT('Ctrl Pts',(21.5992197578386,22.975951107464,2.28214285714286));
#9732=CARTESIAN_POINT('Ctrl Pts',(-2.34546431251881,27.8342975920204,1.8611059736392));
#9733=CARTESIAN_POINT('Ctrl Pts',(-2.34424759750952,27.8342106653995,1.86127064975843));
#9734=CARTESIAN_POINT('Ctrl Pts',(-2.34303086774665,27.834123809083,1.86143960547469));
#9735=CARTESIAN_POINT('Ctrl Pts',(-1.80664090879332,27.795757283157,1.93123298485794));
#9736=CARTESIAN_POINT('Ctrl Pts',(0.970452520124448,27.5819501467459,2.22884094730454));
#9737=CARTESIAN_POINT('Ctrl Pts',(3.72993637709893,27.2842291457762,2.25810638636485));
#9738=CARTESIAN_POINT('Ctrl Pts',(7.84506548493571,26.703565215207,2.30679456456186));
#9739=CARTESIAN_POINT('Ctrl Pts',(9.73587513660665,26.3823005466234,2.3));
#9740=CARTESIAN_POINT('Ctrl Pts',(13.9563201487244,25.4966277145298,2.3));
#9741=CARTESIAN_POINT('Ctrl Pts',(16.1368423506181,24.9198513526262,2.3));
#9742=CARTESIAN_POINT('Ctrl Pts',(19.3470250994692,23.8576660037487,2.3));
#9743=CARTESIAN_POINT('Ctrl Pts',(20.4812761422472,23.4329181892204,2.3));
#9744=CARTESIAN_POINT('Ctrl Pts',(21.5652786686813,22.9710032877354,2.3));
#9745=CARTESIAN_POINT('Ctrl Pts',(21.5699640351563,22.9690067604756,2.3));
#9746=CARTESIAN_POINT('Ctrl Pts',(21.5805061096466,22.9645145741745,2.3));
#9747=CARTESIAN_POINT('Ctrl Pts',(21.586362817662,22.9620189151331,2.3));
#9748=CARTESIAN_POINT('Ctrl Pts',(21.5922195256775,22.9595232560917,2.3));
#9749=CARTESIAN_POINT('',(8.31584650394919,27.1379423491755,1.8));
#9750=CARTESIAN_POINT('Ctrl Pts',(8.31584650394919,27.1379423491755,1.8));
#9751=CARTESIAN_POINT('Ctrl Pts',(8.73029384478675,27.0638594256332,1.8));
#9752=CARTESIAN_POINT('Ctrl Pts',(9.14260037622986,26.9877823778405,1.80000000001591));
#9753=CARTESIAN_POINT('Ctrl Pts',(11.0658961084606,26.6224755085773,1.80000000001591));
#9754=CARTESIAN_POINT('Ctrl Pts',(12.500772628883,26.3237412934547,1.8));
#9755=CARTESIAN_POINT('Ctrl Pts',(13.8778619924039,25.9886869656814,1.8));
#9756=CARTESIAN_POINT('',(-2.34546431251881,27.8342975920204,1.8611059736392));
#9757=CARTESIAN_POINT('Ctrl Pts',(8.31584650394919,27.1379423491755,1.8));
#9758=CARTESIAN_POINT('Ctrl Pts',(6.79741930204905,27.2371200920557,1.96122958684812));
#9759=CARTESIAN_POINT('Ctrl Pts',(5.17111434139336,27.3433439894087,2.08553155934892));
#9760=CARTESIAN_POINT('Ctrl Pts',(2.53016613769687,27.5158404262338,2.14166949486358));
#9761=CARTESIAN_POINT('Ctrl Pts',(1.64022962151951,27.5739676086702,2.13756825556236));
#9762=CARTESIAN_POINT('Ctrl Pts',(0.259907074760839,27.6641248940921,2.08851992225524));
#9763=CARTESIAN_POINT('Ctrl Pts',(-0.244882799660826,27.6970957999899,2.06163846830356));
#9764=CARTESIAN_POINT('Ctrl Pts',(-1.21089298959316,27.7601918181045,1.98911605270161));
#9765=CARTESIAN_POINT('Ctrl Pts',(-1.76882785080423,27.7966339472545,1.93757763142302));
#9766=CARTESIAN_POINT('Ctrl Pts',(-2.34546431251153,27.8342975920199,1.86110597364018));
#9767=CARTESIAN_POINT('',(21.5746494016312,22.9670102332159,2.3));
#9768=CARTESIAN_POINT('Ctrl Pts',(-2.34546431251881,27.8342975920204,1.8611059736392));
#9769=CARTESIAN_POINT('Ctrl Pts',(-1.60003846679916,27.7810416122647,1.96199552831201));
#9770=CARTESIAN_POINT('Ctrl Pts',(-0.855382816220745,27.7221016448581,2.0305694879227));
#9771=CARTESIAN_POINT('Ctrl Pts',(1.06410160954442,27.5538214199347,2.16910923443074));
#9772=CARTESIAN_POINT('Ctrl Pts',(2.23718721405162,27.4351676221354,2.21508604096208));
#9773=CARTESIAN_POINT('Ctrl Pts',(5.74513875087325,27.0253338540522,2.30421093418234));
#9774=CARTESIAN_POINT('Ctrl Pts',(8.06899559925654,26.681692939183,2.29968949459386));
#9775=CARTESIAN_POINT('Ctrl Pts',(10.3718629661595,26.2380320742705,2.29996272813236));
#9776=CARTESIAN_POINT('Ctrl Pts',(10.5788231883183,26.1981599772123,2.29998728381223));
#9777=CARTESIAN_POINT('Ctrl Pts',(10.7856108785507,26.1574657238435,2.29999445322427));
#9778=CARTESIAN_POINT('Ctrl Pts',(11.1988287195999,26.0743734554126,2.30000077615295));
#9779=CARTESIAN_POINT('Ctrl Pts',(11.4052588717507,26.0319754467083,2.3));
#9780=CARTESIAN_POINT('Ctrl Pts',(11.6115037073231,25.9886943597373,2.3));
#9781=CARTESIAN_POINT('Ctrl Pts',(12.5439548559928,25.7930167363445,2.3));
#9782=CARTESIAN_POINT('Ctrl Pts',(13.4504249478985,25.5839433422628,2.3));
#9783=CARTESIAN_POINT('Ctrl Pts',(15.2120448245516,25.1380828636845,2.3));
#9784=CARTESIAN_POINT('Ctrl Pts',(16.0671946092989,24.9012957791878,2.3));
#9785=CARTESIAN_POINT('Ctrl Pts',(16.8970051436518,24.650190774965,2.3));
#9786=CARTESIAN_POINT('Ctrl Pts',(17.902616630688,24.3458874837377,2.3));
#9787=CARTESIAN_POINT('Ctrl Pts',(18.8712288340466,24.0206365117081,2.3));
#9788=CARTESIAN_POINT('Ctrl Pts',(20.4043705201483,23.4493262293691,2.3));
#9789=CARTESIAN_POINT('Ctrl Pts',(20.99015429925,23.2160751487036,2.3));
#9790=CARTESIAN_POINT('Ctrl Pts',(21.5605933022064,22.9729998149952,2.3));
#9791=CARTESIAN_POINT('Ctrl Pts',(21.5652786686814,22.9710032877354,2.3));
#9792=CARTESIAN_POINT('Ctrl Pts',(21.5699640351562,22.9690067604756,2.3));
#9793=CARTESIAN_POINT('Ctrl Pts',(21.5746494016312,22.9670102332159,2.3));
#9794=CARTESIAN_POINT('Ctrl Pts',(21.5746494016311,22.9670102332159,2.3));
#9795=CARTESIAN_POINT('Ctrl Pts',(21.6755809731287,23.1957522485461,2.05000008125415));
#9796=CARTESIAN_POINT('Ctrl Pts',(21.7765125446263,23.4244942638764,1.8000001625083));
#9797=CARTESIAN_POINT('Ctrl Pts',(21.9783757532306,23.8819784432268,1.3000001625083));
#9798=CARTESIAN_POINT('Ctrl Pts',(22.0793073823785,24.110720589217,1.05000010096086));
#9799=CARTESIAN_POINT('Ctrl Pts',(22.180239019485,24.3394627532372,0.800000019706719));
#9800=CARTESIAN_POINT('Origin',(14.9153859364598,26.831721005107,1.55));
#9801=CARTESIAN_POINT('',(14.6039042221009,26.1494606870319,2.3));
#9802=CARTESIAN_POINT('Origin',(9.92150748534229,26.9886983745528,1.8));
#9803=CARTESIAN_POINT('',(-4.78841816731967,27.9887478649412,1.8));
#9804=CARTESIAN_POINT('',(35.2741044367203,27.9886171598664,1.8));
#9805=CARTESIAN_POINT('',(-4.14885331028452,27.9520879280402,1.8));
#9806=CARTESIAN_POINT('Ctrl Pts',(-4.78841816731967,27.9887478649412,1.8));
#9807=CARTESIAN_POINT('Ctrl Pts',(-4.57557055146424,27.9769784233225,1.8));
#9808=CARTESIAN_POINT('Ctrl Pts',(-4.36357120582064,27.9648291710068,1.8));
#9809=CARTESIAN_POINT('Ctrl Pts',(-4.15241914799826,27.9522995229078,1.8));
#9810=CARTESIAN_POINT('Ctrl Pts',(-4.1512305354313,27.9522289912855,1.8));
#9811=CARTESIAN_POINT('Ctrl Pts',(-4.15004192286435,27.9521584596632,1.8));
#9812=CARTESIAN_POINT('Ctrl Pts',(-4.1488533102987,27.952087928041,1.8));
#9813=CARTESIAN_POINT('',(3.78946441844427,27.4335879738666,1.8));
#9814=CARTESIAN_POINT('Ctrl Pts',(-15.4312257154957,-17.9355077220488,0.800000000000001));
#9815=CARTESIAN_POINT('Ctrl Pts',(-15.4312257154957,-17.9355077220488,5.8));
#9816=CARTESIAN_POINT('Ctrl Pts',(-11.4328757155284,-17.935520766775,0.800000000000001));
#9817=CARTESIAN_POINT('Ctrl Pts',(-11.4328757155284,-17.935520766775,5.8));
#9818=CARTESIAN_POINT('Ctrl Pts',(-7.67483337142802,-17.8323748153103,0.800000000000001));
#9819=CARTESIAN_POINT('Ctrl Pts',(-7.67483337142802,-17.8323748153103,5.8));
#9820=CARTESIAN_POINT('Ctrl Pts',(-4.15256783992637,-17.623388561104,0.800000000000001));
#9821=CARTESIAN_POINT('Ctrl Pts',(-4.15256783992637,-17.623388561104,5.8));
#9822=CARTESIAN_POINT('Ctrl Pts',(-4.15137922690165,-17.6233180372376,0.800000000000001));
#9823=CARTESIAN_POINT('Ctrl Pts',(-4.15137922690165,-17.6233180372376,5.8));
#9824=CARTESIAN_POINT('Ctrl Pts',(-4.15019061387692,-17.6232475133712,0.800000000000001));
#9825=CARTESIAN_POINT('Ctrl Pts',(-4.15019061387692,-17.6232475133712,5.8));
#9826=CARTESIAN_POINT('Ctrl Pts',(-4.14900200085154,-17.6231769895047,0.800000000000001));
#9827=CARTESIAN_POINT('Ctrl Pts',(-4.14900200085154,-17.6231769895047,5.8));
#9828=CARTESIAN_POINT('',(-4.14900200085154,-17.6231769895047,0.800000000000001));
#9829=CARTESIAN_POINT('',(-15.4312257154958,-17.9355077220488,0.800000000000001));
#9830=CARTESIAN_POINT('Origin',(-4.14900200084454,-17.6231769895043,0.800000000000001));
#9831=CARTESIAN_POINT('',(-2.34561223451826,-17.5053984206983,0.800000000000001));
#9832=CARTESIAN_POINT('Ctrl Pts',(-2.34561223451081,-17.5053984206978,0.800000000000001));
#9833=CARTESIAN_POINT('Ctrl Pts',(-2.34561223451081,-17.5053984206978,5.8));
#9834=CARTESIAN_POINT('Ctrl Pts',(-2.34439551893596,-17.5053115020161,0.800000000000001));
#9835=CARTESIAN_POINT('Ctrl Pts',(-2.34439551893596,-17.5053115020161,5.8));
#9836=CARTESIAN_POINT('Ctrl Pts',(-2.34317880336125,-17.5052245833345,0.800000000000001));
#9837=CARTESIAN_POINT('Ctrl Pts',(-2.34317880336125,-17.5052245833345,5.8));
#9838=CARTESIAN_POINT('Ctrl Pts',(-2.34196208778652,-17.5051376646528,0.800000000000001));
#9839=CARTESIAN_POINT('Ctrl Pts',(-2.34196208778652,-17.5051376646528,5.8));
#9840=CARTESIAN_POINT('Ctrl Pts',(0.589136251492114,-17.2957483803228,0.800000000000001));
#9841=CARTESIAN_POINT('Ctrl Pts',(0.589136251492114,-17.2957483803228,5.8));
#9842=CARTESIAN_POINT('Ctrl Pts',(3.3497578642,-17.0091727349938,0.800000000000001));
#9843=CARTESIAN_POINT('Ctrl Pts',(3.3497578642,-17.0091727349938,5.8));
#9844=CARTESIAN_POINT('Ctrl Pts',(5.94303063612483,-16.6431720936731,0.800000000000001));
#9845=CARTESIAN_POINT('Ctrl Pts',(5.94303063612483,-16.6431720936731,5.8));
#9846=CARTESIAN_POINT('Ctrl Pts',(10.5290377328391,-15.9959275937229,0.800000000000001));
#9847=CARTESIAN_POINT('Ctrl Pts',(10.5290377328391,-15.9959275937229,5.8));
#9848=CARTESIAN_POINT('Ctrl Pts',(14.5913653365419,-15.1023864131531,0.800000000000001));
#9849=CARTESIAN_POINT('Ctrl Pts',(14.5913653365419,-15.1023864131531,5.8));
#9850=CARTESIAN_POINT('Ctrl Pts',(18.1580487333301,-13.9222679415898,0.800000000000001));
#9851=CARTESIAN_POINT('Ctrl Pts',(18.1580487333301,-13.9222679415898,5.8));
#9852=CARTESIAN_POINT('Ctrl Pts',(19.3469031247485,-13.5289083771902,0.800000000000001));
#9853=CARTESIAN_POINT('Ctrl Pts',(19.3469031247485,-13.5289083771902,5.8));
#9854=CARTESIAN_POINT('Ctrl Pts',(20.4811569390051,-13.1041679637209,0.800000000000001));
#9855=CARTESIAN_POINT('Ctrl Pts',(20.4811569390051,-13.1041679637209,5.8));
#9856=CARTESIAN_POINT('Ctrl Pts',(21.5604770999337,-12.644256632109,0.800000000000001));
#9857=CARTESIAN_POINT('Ctrl Pts',(21.5604770999337,-12.644256632109,5.8));
#9858=CARTESIAN_POINT('Ctrl Pts',(21.5651624794361,-12.6422601354215,0.800000000000001));
#9859=CARTESIAN_POINT('Ctrl Pts',(21.5651624794361,-12.6422601354215,5.8));
#9860=CARTESIAN_POINT('Ctrl Pts',(21.5698478589385,-12.640263638734,0.800000000000001));
#9861=CARTESIAN_POINT('Ctrl Pts',(21.5698478589385,-12.640263638734,5.8));
#9862=CARTESIAN_POINT('Ctrl Pts',(21.5745332384409,-12.6382671420465,0.800000000000001));
#9863=CARTESIAN_POINT('Ctrl Pts',(21.5745332384409,-12.6382671420465,5.8));
#9864=CARTESIAN_POINT('',(21.5745332384409,-12.6382671420465,0.800000000000001));
#9865=CARTESIAN_POINT('Origin',(21.5745332384408,-12.6382671420465,0.800000000000001));
#9866=CARTESIAN_POINT('',(23.241108413298,-11.8774157291724,0.800000000000001));
#9867=CARTESIAN_POINT('Ctrl Pts',(23.2411084132982,-11.8774157291723,0.800000000000001));
#9868=CARTESIAN_POINT('Ctrl Pts',(23.2411084132982,-11.8774157291723,5.));
#9869=CARTESIAN_POINT('Ctrl Pts',(23.2459031523631,-11.8750701875241,0.800000000000001));
#9870=CARTESIAN_POINT('Ctrl Pts',(23.2459031523631,-11.8750701875241,5.));
#9871=CARTESIAN_POINT('Ctrl Pts',(23.250697891428,-11.872724645876,0.800000000000001));
#9872=CARTESIAN_POINT('Ctrl Pts',(23.250697891428,-11.872724645876,5.));
#9873=CARTESIAN_POINT('Ctrl Pts',(23.2554926304929,-11.8703791042278,0.800000000000001));
#9874=CARTESIAN_POINT('Ctrl Pts',(23.2554926304929,-11.8703791042278,5.));
#9875=CARTESIAN_POINT('Ctrl Pts',(25.7455277174599,-10.6522771548192,0.800000000000001));
#9876=CARTESIAN_POINT('Ctrl Pts',(25.7455277174599,-10.6522771548192,5.));
#9877=CARTESIAN_POINT('Ctrl Pts',(27.9087540554236,-9.20996937449659,0.800000000000001));
#9878=CARTESIAN_POINT('Ctrl Pts',(27.9087540554236,-9.20996937449659,5.));
#9879=CARTESIAN_POINT('Ctrl Pts',(29.713362930039,-7.4918542147485,0.800000000000001));
#9880=CARTESIAN_POINT('Ctrl Pts',(29.713362930039,-7.4918542147485,5.));
#9881=CARTESIAN_POINT('Ctrl Pts',(30.032730857519,-7.18779338170093,0.800000000000001));
#9882=CARTESIAN_POINT('Ctrl Pts',(30.032730857519,-7.18779338170093,5.));
#9883=CARTESIAN_POINT('Ctrl Pts',(30.3405403883267,-6.87482087231558,0.800000000000001));
#9884=CARTESIAN_POINT('Ctrl Pts',(30.3405403883267,-6.87482087231558,5.));
#9885=CARTESIAN_POINT('Ctrl Pts',(30.6360236276966,-6.55276298408215,0.800000000000001));
#9886=CARTESIAN_POINT('Ctrl Pts',(30.6360236276966,-6.55276298408215,5.));
#9887=CARTESIAN_POINT('Ctrl Pts',(32.1220346395708,-4.93310574262086,0.800000000000001));
#9888=CARTESIAN_POINT('Ctrl Pts',(32.1220346395708,-4.93310574262086,5.));
#9889=CARTESIAN_POINT('Ctrl Pts',(33.2920198465593,-3.07932249692353,0.800000000000001));
#9890=CARTESIAN_POINT('Ctrl Pts',(33.2920198465593,-3.07932249692353,5.));
#9891=CARTESIAN_POINT('Ctrl Pts',(34.0581853582568,-1.06674062888261,0.800000000000001));
#9892=CARTESIAN_POINT('Ctrl Pts',(34.0581853582568,-1.06674062888261,5.));
#9893=CARTESIAN_POINT('Ctrl Pts',(34.8059599743152,0.897531595177547,0.800000000000001));
#9894=CARTESIAN_POINT('Ctrl Pts',(34.8059599743152,0.897531595177547,5.));
#9895=CARTESIAN_POINT('Ctrl Pts',(35.1688426126728,3.00773426496262,0.800000000000001));
#9896=CARTESIAN_POINT('Ctrl Pts',(35.1688426126728,3.00773426496262,5.));
#9897=CARTESIAN_POINT('Ctrl Pts',(35.1688496486162,5.16432719394531,0.800000000000001));
#9898=CARTESIAN_POINT('Ctrl Pts',(35.1688496486162,5.16432719394531,5.));
#9899=CARTESIAN_POINT('',(35.1688496486162,5.16432719394531,0.800000000000001));
#9900=CARTESIAN_POINT('Ctrl Pts',(-15.4311033707208,19.5644922777515,0.800000000000001));
#9901=CARTESIAN_POINT('Ctrl Pts',(-15.4311033707208,19.5644922777515,-0.080000000000006));
#9902=CARTESIAN_POINT('Ctrl Pts',(-7.63838142261543,19.5644668537832,0.800000000000001));
#9903=CARTESIAN_POINT('Ctrl Pts',(-7.63838142261543,19.5644668537832,-0.080000000000006));
#9904=CARTESIAN_POINT('Ctrl Pts',(-0.902801951785305,19.1520385454786,0.800000000000001));
#9905=CARTESIAN_POINT('Ctrl Pts',(-0.902801951785305,19.1520385454786,-0.080000000000006));
#9906=CARTESIAN_POINT('Ctrl Pts',(4.72729454623307,18.3573993863166,0.800000000000001));
#9907=CARTESIAN_POINT('Ctrl Pts',(4.72729454623307,18.3573993863166,-0.080000000000006));
#9908=CARTESIAN_POINT('Ctrl Pts',(8.91493503641134,17.7663503484965,0.800000000000001));
#9909=CARTESIAN_POINT('Ctrl Pts',(8.91493503641134,17.7663503484965,-0.080000000000006));
#9910=CARTESIAN_POINT('Ctrl Pts',(12.4931207180468,16.9616079693259,0.800000000000001));
#9911=CARTESIAN_POINT('Ctrl Pts',(12.4931207180468,16.9616079693259,-0.080000000000006));
#9912=CARTESIAN_POINT('Ctrl Pts',(15.4252354437272,15.991429774966,0.800000000000001));
#9913=CARTESIAN_POINT('Ctrl Pts',(15.4252354437272,15.991429774966,-0.080000000000006));
#9914=CARTESIAN_POINT('Ctrl Pts',(19.7310935770699,14.566707327243,0.800000000000001));
#9915=CARTESIAN_POINT('Ctrl Pts',(19.7310935770699,14.566707327243,-0.080000000000006));
#9916=CARTESIAN_POINT('Ctrl Pts',(22.6019449962939,12.7693575562152,0.800000000000001));
#9917=CARTESIAN_POINT('Ctrl Pts',(22.6019449962939,12.7693575562152,-0.080000000000006));
#9918=CARTESIAN_POINT('Ctrl Pts',(24.2254340164987,10.9998348745015,0.800000000000001));
#9919=CARTESIAN_POINT('Ctrl Pts',(24.2254340164987,10.9998348745015,-0.080000000000006));
#9920=CARTESIAN_POINT('Ctrl Pts',(25.0367768916479,10.1155112958657,0.800000000000001));
#9921=CARTESIAN_POINT('Ctrl Pts',(25.0367768916479,10.1155112958657,-0.080000000000006));
#9922=CARTESIAN_POINT('Ctrl Pts',(25.5643748537472,9.25392017828154,0.800000000000001));
#9923=CARTESIAN_POINT('Ctrl Pts',(25.5643748537472,9.25392017828154,-0.080000000000006));
#9924=CARTESIAN_POINT('Ctrl Pts',(25.9274472803142,8.30017413878265,0.800000000000001));
#9925=CARTESIAN_POINT('Ctrl Pts',(25.9274472803142,8.30017413878265,-0.080000000000006));
#9926=CARTESIAN_POINT('Ctrl Pts',(26.2813010979061,7.37064423677125,0.800000000000001));
#9927=CARTESIAN_POINT('Ctrl Pts',(26.2813010979061,7.37064423677125,-0.080000000000006));
#9928=CARTESIAN_POINT('Ctrl Pts',(26.4688535899753,6.37241066391508,0.800000000000001));
#9929=CARTESIAN_POINT('Ctrl Pts',(26.4688535899753,6.37241066391508,-0.080000000000006));
#9930=CARTESIAN_POINT('Ctrl Pts',(26.4688496486626,5.16435557793308,0.800000000000001));
#9931=CARTESIAN_POINT('Ctrl Pts',(26.4688496486626,5.16435557793308,-0.080000000000006));
#9932=CARTESIAN_POINT('',(26.4688496486626,5.16435557793308,0.800000000000001));
#9933=CARTESIAN_POINT('',(26.4688496486626,5.16435557793308,0.800000000000001));
#9934=CARTESIAN_POINT('',(-15.4311033707208,19.5644922777515,0.800000000000001));
#9935=CARTESIAN_POINT('Ctrl Pts',(-15.4311033707208,19.5644922777515,0.800000000000001));
#9936=CARTESIAN_POINT('Ctrl Pts',(-7.63838142261543,19.5644668537832,0.800000000000001));
#9937=CARTESIAN_POINT('Ctrl Pts',(-0.902801951785305,19.1520385454786,0.800000000000001));
#9938=CARTESIAN_POINT('Ctrl Pts',(4.72729454623307,18.3573993863166,0.800000000000001));
#9939=CARTESIAN_POINT('Ctrl Pts',(8.91493503641134,17.7663503484965,0.800000000000001));
#9940=CARTESIAN_POINT('Ctrl Pts',(12.4931207180468,16.9616079693259,0.800000000000001));
#9941=CARTESIAN_POINT('Ctrl Pts',(15.4252354437272,15.991429774966,0.800000000000001));
#9942=CARTESIAN_POINT('Ctrl Pts',(19.7310935770699,14.566707327243,0.800000000000001));
#9943=CARTESIAN_POINT('Ctrl Pts',(22.6019449962939,12.7693575562152,0.800000000000001));
#9944=CARTESIAN_POINT('Ctrl Pts',(24.2254340164987,10.9998348745015,0.800000000000001));
#9945=CARTESIAN_POINT('Ctrl Pts',(25.0367768916479,10.1155112958657,0.800000000000001));
#9946=CARTESIAN_POINT('Ctrl Pts',(25.5643748537472,9.25392017828154,0.800000000000001));
#9947=CARTESIAN_POINT('Ctrl Pts',(25.9274472803142,8.30017413878265,0.800000000000001));
#9948=CARTESIAN_POINT('Ctrl Pts',(26.2813010979061,7.37064423677125,0.800000000000001));
#9949=CARTESIAN_POINT('Ctrl Pts',(26.4688535899753,6.37241066391508,0.800000000000001));
#9950=CARTESIAN_POINT('Ctrl Pts',(26.4688496486626,5.16435557793308,0.800000000000001));
#9951=CARTESIAN_POINT('',(-15.4311033707208,19.5644922777515,0.800000000000001));
#9952=CARTESIAN_POINT('Ctrl Pts',(-57.3311503508913,5.16462897772325,0.800000000000001));
#9953=CARTESIAN_POINT('Ctrl Pts',(-57.3311503508913,5.16462897772325,-0.080000000000006));
#9954=CARTESIAN_POINT('Ctrl Pts',(-57.3311464095786,6.37268406370526,0.800000000000001));
#9955=CARTESIAN_POINT('Ctrl Pts',(-57.3311464095786,6.37268406370526,-0.080000000000006));
#9956=CARTESIAN_POINT('Ctrl Pts',(-57.1435874039847,7.37091641274991,0.800000000000001));
#9957=CARTESIAN_POINT('Ctrl Pts',(-57.1435874039847,7.37091641274991,-0.080000000000006));
#9958=CARTESIAN_POINT('Ctrl Pts',(-56.7897275211669,8.30044400582603,0.800000000000001));
#9959=CARTESIAN_POINT('Ctrl Pts',(-56.7897275211669,8.30044400582603,-0.080000000000006));
#9960=CARTESIAN_POINT('Ctrl Pts',(-56.4266488713627,9.25418767623719,0.800000000000001));
#9961=CARTESIAN_POINT('Ctrl Pts',(-56.4266488713627,9.25418767623719,-0.080000000000006));
#9962=CARTESIAN_POINT('Ctrl Pts',(-55.8990452873455,10.1157753511974,0.800000000000001));
#9963=CARTESIAN_POINT('Ctrl Pts',(-55.8990452873455,10.1157753511974,-0.080000000000006));
#9964=CARTESIAN_POINT('Ctrl Pts',(-55.0876966419538,11.0000936357578,0.800000000000001));
#9965=CARTESIAN_POINT('Ctrl Pts',(-55.0876966419538,11.0000936357578,-0.080000000000006));
#9966=CARTESIAN_POINT('Ctrl Pts',(-53.4641960755514,12.7696057240793,0.800000000000001));
#9967=CARTESIAN_POINT('Ctrl Pts',(-53.4641960755514,12.7696057240793,-0.080000000000006));
#9968=CARTESIAN_POINT('Ctrl Pts',(-50.593332928583,14.5669367626064,0.800000000000001));
#9969=CARTESIAN_POINT('Ctrl Pts',(-50.593332928583,14.5669367626064,-0.080000000000006));
#9970=CARTESIAN_POINT('Ctrl Pts',(-46.2874654989402,15.9916311143394,0.800000000000001));
#9971=CARTESIAN_POINT('Ctrl Pts',(-46.2874654989402,15.9916311143394,-0.080000000000006));
#9972=CARTESIAN_POINT('Ctrl Pts',(-43.3553444428564,16.9617901764698,0.800000000000001));
#9973=CARTESIAN_POINT('Ctrl Pts',(-43.3553444428564,16.9617901764698,-0.080000000000006));
#9974=CARTESIAN_POINT('Ctrl Pts',(-39.7771535103091,17.7665092077661,0.800000000000001));
#9975=CARTESIAN_POINT('Ctrl Pts',(-39.7771535103091,17.7665092077661,-0.080000000000006));
#9976=CARTESIAN_POINT('Ctrl Pts',(-35.5895091635927,18.3575309209905,0.800000000000001));
#9977=CARTESIAN_POINT('Ctrl Pts',(-35.5895091635927,18.3575309209905,-0.080000000000006));
#9978=CARTESIAN_POINT('Ctrl Pts',(-29.9594074806302,19.1521333434482,0.800000000000001));
#9979=CARTESIAN_POINT('Ctrl Pts',(-29.9594074806302,19.1521333434482,-0.080000000000006));
#9980=CARTESIAN_POINT('Ctrl Pts',(-23.2238253188262,19.5645177017198,0.800000000000001));
#9981=CARTESIAN_POINT('Ctrl Pts',(-23.2238253188262,19.5645177017198,-0.080000000000006));
#9982=CARTESIAN_POINT('Ctrl Pts',(-15.4311033707209,19.5644922777515,0.800000000000001));
#9983=CARTESIAN_POINT('Ctrl Pts',(-15.4311033707209,19.5644922777515,-0.080000000000006));
#9984=CARTESIAN_POINT('',(-57.3311503508913,5.16462897772325,0.800000000000001));
#9985=CARTESIAN_POINT('Ctrl Pts',(-57.3311503508913,5.16462897772325,0.800000000000001));
#9986=CARTESIAN_POINT('Ctrl Pts',(-57.3311464095786,6.37268406370526,0.800000000000001));
#9987=CARTESIAN_POINT('Ctrl Pts',(-57.1435874039847,7.37091641274991,0.800000000000001));
#9988=CARTESIAN_POINT('Ctrl Pts',(-56.7897275211669,8.30044400582603,0.800000000000001));
#9989=CARTESIAN_POINT('Ctrl Pts',(-56.4266488713627,9.25418767623719,0.800000000000001));
#9990=CARTESIAN_POINT('Ctrl Pts',(-55.8990452873455,10.1157753511974,0.800000000000001));
#9991=CARTESIAN_POINT('Ctrl Pts',(-55.0876966419538,11.0000936357578,0.800000000000001));
#9992=CARTESIAN_POINT('Ctrl Pts',(-53.4641960755514,12.7696057240793,0.800000000000001));
#9993=CARTESIAN_POINT('Ctrl Pts',(-50.593332928583,14.5669367626064,0.800000000000001));
#9994=CARTESIAN_POINT('Ctrl Pts',(-46.2874654989402,15.9916311143394,0.800000000000001));
#9995=CARTESIAN_POINT('Ctrl Pts',(-43.3553444428564,16.9617901764698,0.800000000000001));
#9996=CARTESIAN_POINT('Ctrl Pts',(-39.7771535103091,17.7665092077661,0.800000000000001));
#9997=CARTESIAN_POINT('Ctrl Pts',(-35.5895091635927,18.3575309209905,0.800000000000001));
#9998=CARTESIAN_POINT('Ctrl Pts',(-29.9594074806302,19.1521333434482,0.800000000000001));
#9999=CARTESIAN_POINT('Ctrl Pts',(-23.2238253188262,19.5645177017198,0.800000000000001));
#10000=CARTESIAN_POINT('Ctrl Pts',(-15.4311033707209,19.5644922777515,0.800000000000001));
#10001=CARTESIAN_POINT('',(-57.3311503508913,5.16462897772325,0.800000000000001));
#10002=CARTESIAN_POINT('Ctrl Pts',(-15.4311973315079,-9.23550772209517,
0.800000000000001));
#10003=CARTESIAN_POINT('Ctrl Pts',(-15.4311973315079,-9.23550772209517,
-0.080000000000006));
#10004=CARTESIAN_POINT('Ctrl Pts',(-23.2239192796133,-9.23548229812685,
0.800000000000001));
#10005=CARTESIAN_POINT('Ctrl Pts',(-23.2239192796133,-9.23548229812685,
-0.080000000000006));
#10006=CARTESIAN_POINT('Ctrl Pts',(-29.9594987504434,-8.82305398982227,
0.800000000000001));
#10007=CARTESIAN_POINT('Ctrl Pts',(-29.9594987504434,-8.82305398982227,
-0.080000000000006));
#10008=CARTESIAN_POINT('Ctrl Pts',(-35.5895952484618,-8.02841483066025,
0.800000000000001));
#10009=CARTESIAN_POINT('Ctrl Pts',(-35.5895952484618,-8.02841483066025,
-0.080000000000006));
#10010=CARTESIAN_POINT('Ctrl Pts',(-39.7772357386401,-7.43736579284014,
0.800000000000001));
#10011=CARTESIAN_POINT('Ctrl Pts',(-39.7772357386401,-7.43736579284014,
-0.080000000000006));
#10012=CARTESIAN_POINT('Ctrl Pts',(-43.3554214202755,-6.63262341366959,
0.800000000000001));
#10013=CARTESIAN_POINT('Ctrl Pts',(-43.3554214202755,-6.63262341366959,
-0.080000000000006));
#10014=CARTESIAN_POINT('Ctrl Pts',(-46.287536145956,-5.66244521930968,0.800000000000001));
#10015=CARTESIAN_POINT('Ctrl Pts',(-46.287536145956,-5.66244521930968,-0.080000000000006));
#10016=CARTESIAN_POINT('Ctrl Pts',(-50.5933942792986,-4.23772277158664,
0.800000000000001));
#10017=CARTESIAN_POINT('Ctrl Pts',(-50.5933942792986,-4.23772277158664,
-0.080000000000006));
#10018=CARTESIAN_POINT('Ctrl Pts',(-53.4642456985226,-2.4403730005589,0.800000000000001));
#10019=CARTESIAN_POINT('Ctrl Pts',(-53.4642456985226,-2.4403730005589,-0.080000000000006));
#10020=CARTESIAN_POINT('Ctrl Pts',(-55.0877347187274,-0.670850318845125,
0.800000000000001));
#10021=CARTESIAN_POINT('Ctrl Pts',(-55.0877347187274,-0.670850318845125,
-0.080000000000006));
#10022=CARTESIAN_POINT('Ctrl Pts',(-55.8990775938767,0.213473259790665,
0.800000000000001));
#10023=CARTESIAN_POINT('Ctrl Pts',(-55.8990775938767,0.213473259790665,
-0.080000000000006));
#10024=CARTESIAN_POINT('Ctrl Pts',(-56.426675555976,1.0750643773748,0.800000000000001));
#10025=CARTESIAN_POINT('Ctrl Pts',(-56.426675555976,1.0750643773748,-0.080000000000006));
#10026=CARTESIAN_POINT('Ctrl Pts',(-56.7897479825429,2.02881041687369,0.800000000000001));
#10027=CARTESIAN_POINT('Ctrl Pts',(-56.7897479825429,2.02881041687369,-0.080000000000006));
#10028=CARTESIAN_POINT('Ctrl Pts',(-57.1436018001348,2.95834031888509,0.800000000000001));
#10029=CARTESIAN_POINT('Ctrl Pts',(-57.1436018001348,2.95834031888509,-0.080000000000006));
#10030=CARTESIAN_POINT('Ctrl Pts',(-57.3311542922041,3.95657389174126,0.800000000000001));
#10031=CARTESIAN_POINT('Ctrl Pts',(-57.3311542922041,3.95657389174126,-0.080000000000006));
#10032=CARTESIAN_POINT('Ctrl Pts',(-57.3311503508913,5.16462897772326,0.800000000000001));
#10033=CARTESIAN_POINT('Ctrl Pts',(-57.3311503508913,5.16462897772326,-0.080000000000006));
#10034=CARTESIAN_POINT('',(-15.4311973315079,-9.23550772209517,0.800000000000001));
#10035=CARTESIAN_POINT('Ctrl Pts',(-15.4311973315079,-9.23550772209517,
0.800000000000001));
#10036=CARTESIAN_POINT('Ctrl Pts',(-23.2239192796133,-9.23548229812685,
0.800000000000001));
#10037=CARTESIAN_POINT('Ctrl Pts',(-29.9594987504434,-8.82305398982227,
0.800000000000001));
#10038=CARTESIAN_POINT('Ctrl Pts',(-35.5895952484618,-8.02841483066025,
0.800000000000001));
#10039=CARTESIAN_POINT('Ctrl Pts',(-39.7772357386401,-7.43736579284014,
0.800000000000001));
#10040=CARTESIAN_POINT('Ctrl Pts',(-43.3554214202755,-6.63262341366959,
0.800000000000001));
#10041=CARTESIAN_POINT('Ctrl Pts',(-46.287536145956,-5.66244521930968,0.800000000000001));
#10042=CARTESIAN_POINT('Ctrl Pts',(-50.5933942792986,-4.23772277158664,
0.800000000000001));
#10043=CARTESIAN_POINT('Ctrl Pts',(-53.4642456985226,-2.4403730005589,0.800000000000001));
#10044=CARTESIAN_POINT('Ctrl Pts',(-55.0877347187274,-0.670850318845125,
0.800000000000001));
#10045=CARTESIAN_POINT('Ctrl Pts',(-55.8990775938767,0.213473259790665,
0.800000000000001));
#10046=CARTESIAN_POINT('Ctrl Pts',(-56.426675555976,1.0750643773748,0.800000000000001));
#10047=CARTESIAN_POINT('Ctrl Pts',(-56.7897479825429,2.02881041687369,0.800000000000001));
#10048=CARTESIAN_POINT('Ctrl Pts',(-57.1436018001348,2.95834031888509,0.800000000000001));
#10049=CARTESIAN_POINT('Ctrl Pts',(-57.3311542922041,3.95657389174126,0.800000000000001));
#10050=CARTESIAN_POINT('Ctrl Pts',(-57.3311503508913,5.16462897772326,0.800000000000001));
#10051=CARTESIAN_POINT('',(-15.4311973315079,-9.23550772209517,0.800000000000001));
#10052=CARTESIAN_POINT('Ctrl Pts',(26.4688496486626,5.16435557793309,0.800000000000001));
#10053=CARTESIAN_POINT('Ctrl Pts',(26.4688496486626,5.16435557793309,-0.080000000000006));
#10054=CARTESIAN_POINT('Ctrl Pts',(26.4688457073499,3.95630049195108,0.800000000000001));
#10055=CARTESIAN_POINT('Ctrl Pts',(26.4688457073499,3.95630049195108,-0.080000000000006));
#10056=CARTESIAN_POINT('Ctrl Pts',(26.2812867017559,2.95806814290643,0.800000000000001));
#10057=CARTESIAN_POINT('Ctrl Pts',(26.2812867017559,2.95806814290643,-0.080000000000006));
#10058=CARTESIAN_POINT('Ctrl Pts',(25.9274268189382,2.02854054983031,0.800000000000001));
#10059=CARTESIAN_POINT('Ctrl Pts',(25.9274268189382,2.02854054983031,-0.080000000000006));
#10060=CARTESIAN_POINT('Ctrl Pts',(25.5643481691339,1.07479687941915,0.800000000000001));
#10061=CARTESIAN_POINT('Ctrl Pts',(25.5643481691339,1.07479687941915,-0.080000000000006));
#10062=CARTESIAN_POINT('Ctrl Pts',(25.0367445851167,0.213209204458904,0.800000000000001));
#10063=CARTESIAN_POINT('Ctrl Pts',(25.0367445851167,0.213209204458904,-0.080000000000006));
#10064=CARTESIAN_POINT('Ctrl Pts',(24.2253959397251,-0.671109080101451,
0.800000000000001));
#10065=CARTESIAN_POINT('Ctrl Pts',(24.2253959397251,-0.671109080101451,
-0.080000000000006));
#10066=CARTESIAN_POINT('Ctrl Pts',(22.6018953733226,-2.44062116842297,0.800000000000001));
#10067=CARTESIAN_POINT('Ctrl Pts',(22.6018953733226,-2.44062116842297,-0.080000000000006));
#10068=CARTESIAN_POINT('Ctrl Pts',(19.7310322263542,-4.23795220695002,0.800000000000001));
#10069=CARTESIAN_POINT('Ctrl Pts',(19.7310322263542,-4.23795220695002,-0.080000000000006));
#10070=CARTESIAN_POINT('Ctrl Pts',(15.4251647967114,-5.66264655868306,0.800000000000001));
#10071=CARTESIAN_POINT('Ctrl Pts',(15.4251647967114,-5.66264655868306,-0.080000000000006));
#10072=CARTESIAN_POINT('Ctrl Pts',(12.4930437406276,-6.63280562081346,0.800000000000001));
#10073=CARTESIAN_POINT('Ctrl Pts',(12.4930437406276,-6.63280562081346,-0.080000000000006));
#10074=CARTESIAN_POINT('Ctrl Pts',(8.91485280808035,-7.43752465210973,0.800000000000001));
#10075=CARTESIAN_POINT('Ctrl Pts',(8.91485280808035,-7.43752465210973,-0.080000000000006));
#10076=CARTESIAN_POINT('Ctrl Pts',(4.72720846136395,-8.02854636533417,0.800000000000001));
#10077=CARTESIAN_POINT('Ctrl Pts',(4.72720846136395,-8.02854636533417,-0.080000000000006));
#10078=CARTESIAN_POINT('Ctrl Pts',(-0.902893221598514,-8.8231487877919,
0.800000000000001));
#10079=CARTESIAN_POINT('Ctrl Pts',(-0.902893221598514,-8.8231487877919,
-0.080000000000006));
#10080=CARTESIAN_POINT('Ctrl Pts',(-7.6384753834025,-9.2355331460635,0.800000000000001));
#10081=CARTESIAN_POINT('Ctrl Pts',(-7.6384753834025,-9.2355331460635,-0.080000000000006));
#10082=CARTESIAN_POINT('Ctrl Pts',(-15.4311973315079,-9.23550772209517,
0.800000000000001));
#10083=CARTESIAN_POINT('Ctrl Pts',(-15.4311973315079,-9.23550772209517,
-0.080000000000006));
#10084=CARTESIAN_POINT('Ctrl Pts',(26.4688496486626,5.16435557793309,0.800000000000001));
#10085=CARTESIAN_POINT('Ctrl Pts',(26.4688457073499,3.95630049195108,0.800000000000001));
#10086=CARTESIAN_POINT('Ctrl Pts',(26.2812867017559,2.95806814290643,0.800000000000001));
#10087=CARTESIAN_POINT('Ctrl Pts',(25.9274268189382,2.02854054983031,0.800000000000001));
#10088=CARTESIAN_POINT('Ctrl Pts',(25.5643481691339,1.07479687941915,0.800000000000001));
#10089=CARTESIAN_POINT('Ctrl Pts',(25.0367445851167,0.213209204458904,0.800000000000001));
#10090=CARTESIAN_POINT('Ctrl Pts',(24.2253959397251,-0.671109080101451,
0.800000000000001));
#10091=CARTESIAN_POINT('Ctrl Pts',(22.6018953733226,-2.44062116842297,0.800000000000001));
#10092=CARTESIAN_POINT('Ctrl Pts',(19.7310322263542,-4.23795220695002,0.800000000000001));
#10093=CARTESIAN_POINT('Ctrl Pts',(15.4251647967114,-5.66264655868306,0.800000000000001));
#10094=CARTESIAN_POINT('Ctrl Pts',(12.4930437406276,-6.63280562081346,0.800000000000001));
#10095=CARTESIAN_POINT('Ctrl Pts',(8.91485280808035,-7.43752465210973,0.800000000000001));
#10096=CARTESIAN_POINT('Ctrl Pts',(4.72720846136395,-8.02854636533417,0.800000000000001));
#10097=CARTESIAN_POINT('Ctrl Pts',(-0.902893221598514,-8.8231487877919,
0.800000000000001));
#10098=CARTESIAN_POINT('Ctrl Pts',(-7.6384753834025,-9.2355331460635,0.800000000000001));
#10099=CARTESIAN_POINT('Ctrl Pts',(-15.4311973315079,-9.23550772209517,
0.800000000000001));
#10100=CARTESIAN_POINT('Ctrl Pts',(35.1688496486162,5.16432719394531,0.800000000000001));
#10101=CARTESIAN_POINT('Ctrl Pts',(35.1688496486162,5.16432719394531,5.));
#10102=CARTESIAN_POINT('Ctrl Pts',(35.1688566845595,7.32092012292801,0.800000000000001));
#10103=CARTESIAN_POINT('Ctrl Pts',(35.1688566845595,7.32092012292801,5.));
#10104=CARTESIAN_POINT('Ctrl Pts',(34.8059878153974,9.43112516049721,0.800000000000001));
#10105=CARTESIAN_POINT('Ctrl Pts',(34.8059878153974,9.43112516049721,5.));
#10106=CARTESIAN_POINT('Ctrl Pts',(34.0582260163386,11.3954022637858,0.800000000000001));
#10107=CARTESIAN_POINT('Ctrl Pts',(34.0582260163386,11.3954022637858,5.));
#10108=CARTESIAN_POINT('Ctrl Pts',(33.2920736368641,13.4079891310557,0.800000000000001));
#10109=CARTESIAN_POINT('Ctrl Pts',(33.2920736368641,13.4079891310557,5.));
#10110=CARTESIAN_POINT('Ctrl Pts',(32.1221005259374,15.261780010931,0.800000000000001));
#10111=CARTESIAN_POINT('Ctrl Pts',(32.1221005259374,15.261780010931,5.));
#10112=CARTESIAN_POINT('Ctrl Pts',(30.6361000824469,16.8814469486609,0.800000000000001));
#10113=CARTESIAN_POINT('Ctrl Pts',(30.6361000824469,16.8814469486609,5.));
#10114=CARTESIAN_POINT('Ctrl Pts',(30.3406189445287,17.2035067649317,0.800000000000001));
#10115=CARTESIAN_POINT('Ctrl Pts',(30.3406189445287,17.2035067649317,5.));
#10116=CARTESIAN_POINT('Ctrl Pts',(30.0328114558902,17.5164812827844,0.800000000000001));
#10117=CARTESIAN_POINT('Ctrl Pts',(30.0328114558902,17.5164812827844,5.));
#10118=CARTESIAN_POINT('Ctrl Pts',(29.7134455124306,17.8205441997187,0.800000000000001));
#10119=CARTESIAN_POINT('Ctrl Pts',(29.7134455124306,17.8205441997187,5.));
#10120=CARTESIAN_POINT('Ctrl Pts',(27.9088478486489,19.5386711346018,0.800000000000001));
#10121=CARTESIAN_POINT('Ctrl Pts',(27.9088478486489,19.5386711346018,5.));
#10122=CARTESIAN_POINT('Ctrl Pts',(25.7456309218684,20.9809930300638,0.800000000000001));
#10123=CARTESIAN_POINT('Ctrl Pts',(25.7456309218684,20.9809930300638,5.));
#10124=CARTESIAN_POINT('Ctrl Pts',(23.2556037831363,22.1991112270615,0.800000000000001));
#10125=CARTESIAN_POINT('Ctrl Pts',(23.2556037831363,22.1991112270615,5.));
#10126=CARTESIAN_POINT('Ctrl Pts',(23.2508090593764,22.2014567999954,0.800000000000001));
#10127=CARTESIAN_POINT('Ctrl Pts',(23.2508090593764,22.2014567999954,5.));
#10128=CARTESIAN_POINT('Ctrl Pts',(23.2460143356165,22.2038023729294,0.800000000000001));
#10129=CARTESIAN_POINT('Ctrl Pts',(23.2460143356165,22.2038023729294,5.));
#10130=CARTESIAN_POINT('Ctrl Pts',(23.2412196118566,22.2061479458634,0.800000000000001));
#10131=CARTESIAN_POINT('Ctrl Pts',(23.2412196118566,22.2061479458634,5.));
#10132=CARTESIAN_POINT('',(23.2412196118566,22.2061479458634,0.800000000000001));
#10133=CARTESIAN_POINT('Ctrl Pts',(21.5746494016311,22.9670102332159,0.800000000000001));
#10134=CARTESIAN_POINT('Ctrl Pts',(21.5746494016311,22.9670102332159,5.8));
#10135=CARTESIAN_POINT('Ctrl Pts',(21.5699640351563,22.9690067604756,0.800000000000001));
#10136=CARTESIAN_POINT('Ctrl Pts',(21.5699640351563,22.9690067604756,5.8));
#10137=CARTESIAN_POINT('Ctrl Pts',(21.5652786686813,22.9710032877354,0.800000000000001));
#10138=CARTESIAN_POINT('Ctrl Pts',(21.5652786686813,22.9710032877354,5.8));
#10139=CARTESIAN_POINT('Ctrl Pts',(21.5605933022064,22.9729998149952,0.800000000000001));
#10140=CARTESIAN_POINT('Ctrl Pts',(21.5605933022064,22.9729998149952,5.8));
#10141=CARTESIAN_POINT('Ctrl Pts',(20.4812761422472,23.4329181892204,0.800000000000001));
#10142=CARTESIAN_POINT('Ctrl Pts',(20.4812761422472,23.4329181892204,5.8));
#10143=CARTESIAN_POINT('Ctrl Pts',(19.3470250994692,23.8576660037487,0.800000000000001));
#10144=CARTESIAN_POINT('Ctrl Pts',(19.3470250994692,23.8576660037487,5.8));
#10145=CARTESIAN_POINT('Ctrl Pts',(18.1581732747687,24.2510333254799,0.800000000000001));
#10146=CARTESIAN_POINT('Ctrl Pts',(18.1581732747687,24.2510333254799,5.8));
#10147=CARTESIAN_POINT('Ctrl Pts',(14.5914975783939,25.4311750698222,0.800000000000001));
#10148=CARTESIAN_POINT('Ctrl Pts',(14.5914975783939,25.4311750698222,5.8));
#10149=CARTESIAN_POINT('Ctrl Pts',(10.5291758051827,26.3247427572826,0.800000000000001));
#10150=CARTESIAN_POINT('Ctrl Pts',(10.5291758051827,26.3247427572826,5.8));
#10151=CARTESIAN_POINT('Ctrl Pts',(5.9431729318718,26.972017181166,0.800000000000001));
#10152=CARTESIAN_POINT('Ctrl Pts',(5.9431729318718,26.972017181166,5.8));
#10153=CARTESIAN_POINT('Ctrl Pts',(3.34990254817635,27.3380347437255,0.800000000000001));
#10154=CARTESIAN_POINT('Ctrl Pts',(3.34990254817635,27.3380347437255,5.8));
#10155=CARTESIAN_POINT('Ctrl Pts',(0.589282805448966,27.6246284022553,0.800000000000001));
#10156=CARTESIAN_POINT('Ctrl Pts',(0.589282805448966,27.6246284022553,5.8));
#10157=CARTESIAN_POINT('Ctrl Pts',(-2.34181416749093,27.8340368121577,0.800000000000001));
#10158=CARTESIAN_POINT('Ctrl Pts',(-2.34181416749093,27.8340368121577,5.8));
#10159=CARTESIAN_POINT('Ctrl Pts',(-2.34303088250009,27.8341237387786,0.800000000000001));
#10160=CARTESIAN_POINT('Ctrl Pts',(-2.34303088250009,27.8341237387786,5.8));
#10161=CARTESIAN_POINT('Ctrl Pts',(-2.34424759750925,27.8342106653995,0.800000000000001));
#10162=CARTESIAN_POINT('Ctrl Pts',(-2.34424759750925,27.8342106653995,5.8));
#10163=CARTESIAN_POINT('Ctrl Pts',(-2.34546431251881,27.8342975920204,0.800000000000001));
#10164=CARTESIAN_POINT('Ctrl Pts',(-2.34546431251881,27.8342975920204,5.8));
#10165=CARTESIAN_POINT('',(-2.34546431251881,27.8342975920204,0.800000000000001));
#10166=CARTESIAN_POINT('',(21.5746494016312,22.9670102332159,0.800000000000001));
#10167=CARTESIAN_POINT('Origin',(-2.34546431251881,27.8342975920204,0.800000000000001));
#10168=CARTESIAN_POINT('',(-4.14885331028452,27.9520879280402,0.800000000000001));
#10169=CARTESIAN_POINT('Ctrl Pts',(-4.1488533102987,27.952087928041,0.800000000000001));
#10170=CARTESIAN_POINT('Ctrl Pts',(-4.1488533102987,27.952087928041,5.8));
#10171=CARTESIAN_POINT('Ctrl Pts',(-4.15004192286435,27.9521584596632,0.800000000000001));
#10172=CARTESIAN_POINT('Ctrl Pts',(-4.15004192286435,27.9521584596632,5.8));
#10173=CARTESIAN_POINT('Ctrl Pts',(-4.1512305354313,27.9522289912855,0.800000000000001));
#10174=CARTESIAN_POINT('Ctrl Pts',(-4.1512305354313,27.9522289912855,5.8));
#10175=CARTESIAN_POINT('Ctrl Pts',(-4.15241914799826,27.9522995229078,0.800000000000001));
#10176=CARTESIAN_POINT('Ctrl Pts',(-4.15241914799826,27.9522995229078,5.8));
#10177=CARTESIAN_POINT('Ctrl Pts',(-7.22768258798608,28.1347839803741,0.800000000000001));
#10178=CARTESIAN_POINT('Ctrl Pts',(-7.22768258798608,28.1347839803741,5.8));
#10179=CARTESIAN_POINT('Ctrl Pts',(-10.4826695735718,28.2365802971836,0.800000000000001));
#10180=CARTESIAN_POINT('Ctrl Pts',(-10.4826695735718,28.2365802971836,5.8));
#10181=CARTESIAN_POINT('Ctrl Pts',(-13.9204150106843,28.2594959842967,0.800000000000001));
#10182=CARTESIAN_POINT('Ctrl Pts',(-13.9204150106843,28.2594959842967,5.8));
#10183=CARTESIAN_POINT('Ctrl Pts',(-14.0546366737945,28.2603906932541,0.800000000000001));
#10184=CARTESIAN_POINT('Ctrl Pts',(-14.0546366737945,28.2603906932541,5.8));
#10185=CARTESIAN_POINT('Ctrl Pts',(-14.1888583369046,28.2612854022114,0.800000000000001));
#10186=CARTESIAN_POINT('Ctrl Pts',(-14.1888583369046,28.2612854022114,5.8));
#10187=CARTESIAN_POINT('Ctrl Pts',(-14.3230800000148,28.2621801111687,0.800000000000001));
#10188=CARTESIAN_POINT('Ctrl Pts',(-14.3230800000148,28.2621801111687,5.8));
#10189=CARTESIAN_POINT('Ctrl Pts',(-14.3244124842416,28.262188993383,0.800000000000001));
#10190=CARTESIAN_POINT('Ctrl Pts',(-14.3244124842416,28.262188993383,5.8));
#10191=CARTESIAN_POINT('Ctrl Pts',(-14.3257449684685,28.2621978755973,0.800000000000001));
#10192=CARTESIAN_POINT('Ctrl Pts',(-14.3257449684685,28.2621978755973,5.8));
#10193=CARTESIAN_POINT('Ctrl Pts',(-14.3270774526941,28.2622067578116,0.800000000000001));
#10194=CARTESIAN_POINT('Ctrl Pts',(-14.3270774526941,28.2622067578116,5.8));
#10195=CARTESIAN_POINT('Ctrl Pts',(-4.78841816731972,27.9887478649412,0.800000000000001));
#10196=CARTESIAN_POINT('Ctrl Pts',(-4.78841816731972,27.9887478649412,1.13333333333333));
#10197=CARTESIAN_POINT('Ctrl Pts',(-4.78841816731969,27.9887478649412,1.46666666666667));
#10198=CARTESIAN_POINT('Ctrl Pts',(-4.78841816731967,27.9887478649412,1.8));
#10199=CARTESIAN_POINT('',(-14.3270774526941,28.2622067578116,0.800000000000001));
#10200=CARTESIAN_POINT('Ctrl Pts',(-53.5905827554857,-10.7921972705643,
0.800000000000001));
#10201=CARTESIAN_POINT('Ctrl Pts',(-53.5905827554857,-10.7921972705643,
5.));
#10202=CARTESIAN_POINT('Ctrl Pts',(-55.9911938463647,-9.61782129360083,
0.800000000000001));
#10203=CARTESIAN_POINT('Ctrl Pts',(-55.9911938463647,-9.61782129360083,
5.));
#10204=CARTESIAN_POINT('Ctrl Pts',(-58.0476533075686,-8.24161779437322,
0.800000000000001));
#10205=CARTESIAN_POINT('Ctrl Pts',(-58.0476533075686,-8.24161779437322,
5.));
#10206=CARTESIAN_POINT('Ctrl Pts',(-59.7482957595717,-6.62246485960273,
0.800000000000001));
#10207=CARTESIAN_POINT('Ctrl Pts',(-59.7482957595717,-6.62246485960273,
5.));
#10208=CARTESIAN_POINT('Ctrl Pts',(-60.0487092660635,-6.33644623757663,
0.800000000000001));
#10209=CARTESIAN_POINT('Ctrl Pts',(-60.0487092660635,-6.33644623757663,
5.));
#10210=CARTESIAN_POINT('Ctrl Pts',(-60.3375293379152,-6.04273125611176,
0.800000000000001));
#10211=CARTESIAN_POINT('Ctrl Pts',(-60.3375293379152,-6.04273125611176,
5.));
#10212=CARTESIAN_POINT('Ctrl Pts',(-60.614170982476,-5.74120555518945,0.800000000000001));
#10213=CARTESIAN_POINT('Ctrl Pts',(-60.614170982476,-5.74120555518945,5.));
#10214=CARTESIAN_POINT('Ctrl Pts',(-62.0039484785733,-4.22641686781706,
0.800000000000001));
#10215=CARTESIAN_POINT('Ctrl Pts',(-62.0039484785733,-4.22641686781706,
5.));
#10216=CARTESIAN_POINT('Ctrl Pts',(-63.0902482817261,-2.50139723658316,
0.800000000000001));
#10217=CARTESIAN_POINT('Ctrl Pts',(-63.0902482817261,-2.50139723658316,
5.));
#10218=CARTESIAN_POINT('Ctrl Pts',(-63.7990399963571,-0.639489690887642,
0.800000000000001));
#10219=CARTESIAN_POINT('Ctrl Pts',(-63.7990399963571,-0.639489690887642,
5.));
#10220=CARTESIAN_POINT('Ctrl Pts',(-64.4910534307626,1.1783434025945,0.800000000000001));
#10221=CARTESIAN_POINT('Ctrl Pts',(-64.4910534307626,1.1783434025945,5.));
#10222=CARTESIAN_POINT('Ctrl Pts',(-64.8311569477836,3.14262220752214,0.800000000000001));
#10223=CARTESIAN_POINT('Ctrl Pts',(-64.8311569477836,3.14262220752214,5.));
#10224=CARTESIAN_POINT('Ctrl Pts',(-64.8311503508514,5.16465344667823,0.800000000000001));
#10225=CARTESIAN_POINT('Ctrl Pts',(-64.8311503508514,5.16465344667823,5.));
#10226=CARTESIAN_POINT('',(-64.8311503508514,5.16465344667823,0.800000000000001));
#10227=CARTESIAN_POINT('',(-53.5905827554857,-10.7921972705643,0.800000000000001));
#10228=CARTESIAN_POINT('',(-53.5905827554857,-10.7921972705643,0.800000000000001));
#10229=CARTESIAN_POINT('Ctrl Pts',(-60.1793824174502,-6.19859563746951,
0.800000000000001));
#10230=CARTESIAN_POINT('Ctrl Pts',(-60.0384881751395,-6.34172386964305,
0.800000000000001));
#10231=CARTESIAN_POINT('Ctrl Pts',(-59.8947700201041,-6.48300919181667,
0.800000000000001));
#10232=CARTESIAN_POINT('Ctrl Pts',(-59.7482957595717,-6.62246485960273,
0.800000000000001));
#10233=CARTESIAN_POINT('Ctrl Pts',(-58.0476533075686,-8.24161779437322,
0.800000000000001));
#10234=CARTESIAN_POINT('Ctrl Pts',(-55.9911938463647,-9.61782129360083,
0.800000000000001));
#10235=CARTESIAN_POINT('Ctrl Pts',(-53.5905827554857,-10.7921972705643,
0.800000000000001));
#10236=CARTESIAN_POINT('Ctrl Pts',(-64.8311503508514,5.16465344667822,0.800000000000001));
#10237=CARTESIAN_POINT('Ctrl Pts',(-64.8311503508514,5.16465344667822,5.));
#10238=CARTESIAN_POINT('Ctrl Pts',(-64.8311437539192,7.18668468583431,0.800000000000001));
#10239=CARTESIAN_POINT('Ctrl Pts',(-64.8311437539192,7.18668468583431,5.));
#10240=CARTESIAN_POINT('Ctrl Pts',(-64.4910274198789,9.1509612715261,0.800000000000001));
#10241=CARTESIAN_POINT('Ctrl Pts',(-64.4910274198789,9.1509612715261,5.));
#10242=CARTESIAN_POINT('Ctrl Pts',(-63.7990021240279,10.9687898495441,0.800000000000001));
#10243=CARTESIAN_POINT('Ctrl Pts',(-63.7990021240279,10.9687898495441,5.));
#10244=CARTESIAN_POINT('Ctrl Pts',(-63.0901982603635,12.8306927702953,0.800000000000001));
#10245=CARTESIAN_POINT('Ctrl Pts',(-63.0901982603635,12.8306927702953,5.));
#10246=CARTESIAN_POINT('Ctrl Pts',(-62.0038872013863,14.5557053133268,0.800000000000001));
#10247=CARTESIAN_POINT('Ctrl Pts',(-62.0038872013863,14.5557053133268,5.));
#10248=CARTESIAN_POINT('Ctrl Pts',(-60.6140998212396,16.0704849322929,0.800000000000001));
#10249=CARTESIAN_POINT('Ctrl Pts',(-60.6140998212396,16.0704849322929,5.));
#10250=CARTESIAN_POINT('Ctrl Pts',(-60.3374562092131,16.3720088281069,0.800000000000001));
#10251=CARTESIAN_POINT('Ctrl Pts',(-60.3374562092131,16.3720088281069,5.));
#10252=CARTESIAN_POINT('Ctrl Pts',(-60.0486342208613,16.6657219249988,0.800000000000001));
#10253=CARTESIAN_POINT('Ctrl Pts',(-60.0486342208613,16.6657219249988,5.));
#10254=CARTESIAN_POINT('Ctrl Pts',(-59.7482188480887,16.9517385868042,0.800000000000001));
#10255=CARTESIAN_POINT('Ctrl Pts',(-59.7482188480887,16.9517385868042,5.));
#10256=CARTESIAN_POINT('Ctrl Pts',(-58.0475658310604,18.5708804247553,0.800000000000001));
#10257=CARTESIAN_POINT('Ctrl Pts',(-58.0475658310604,18.5708804247553,5.));
#10258=CARTESIAN_POINT('Ctrl Pts',(-55.9910973900974,19.9470705054432,0.800000000000001));
#10259=CARTESIAN_POINT('Ctrl Pts',(-55.9910973900974,19.9470705054432,5.));
#10260=CARTESIAN_POINT('Ctrl Pts',(-53.590478636402,21.1214308182631,0.800000000000001));
#10261=CARTESIAN_POINT('Ctrl Pts',(-53.590478636402,21.1214308182631,5.));
#10262=CARTESIAN_POINT('',(-53.590478636402,21.1214308182631,0.800000000000001));
#10263=CARTESIAN_POINT('Ctrl Pts',(-53.590478636402,21.1214308182631,0.800000000000001));
#10264=CARTESIAN_POINT('Ctrl Pts',(-55.9910973900974,19.9470705054432,0.800000000000001));
#10265=CARTESIAN_POINT('Ctrl Pts',(-58.0475658310604,18.5708804247553,0.800000000000001));
#10266=CARTESIAN_POINT('Ctrl Pts',(-59.7482188480887,16.9517385868042,0.800000000000001));
#10267=CARTESIAN_POINT('Ctrl Pts',(-60.0486342208613,16.6657219249988,0.800000000000001));
#10268=CARTESIAN_POINT('Ctrl Pts',(-60.3374562092131,16.3720088281069,0.800000000000001));
#10269=CARTESIAN_POINT('Ctrl Pts',(-60.6140998212396,16.0704849322929,0.800000000000001));
#10270=CARTESIAN_POINT('Ctrl Pts',(-60.6229267034512,16.0608641935639,0.800000000000001));
#10271=CARTESIAN_POINT('Ctrl Pts',(-60.6317413439343,16.0512349743895,0.800000000000001));
#10272=CARTESIAN_POINT('Ctrl Pts',(-60.6405437237222,16.0415972935599,0.800000000000001));
#10273=CARTESIAN_POINT('',(-53.590478636402,21.1214308182631,0.800000000000001));
#10274=CARTESIAN_POINT('Ctrl Pts',(-16.5350725356658,28.2622139614558,0.800000000000001));
#10275=CARTESIAN_POINT('Ctrl Pts',(-16.5350725356658,28.2622139614558,5.8));
#10276=CARTESIAN_POINT('Ctrl Pts',(-16.5364050199478,28.2622050879361,0.800000000000001));
#10277=CARTESIAN_POINT('Ctrl Pts',(-16.5364050199478,28.2622050879361,5.8));
#10278=CARTESIAN_POINT('Ctrl Pts',(-16.5377375042312,28.2621962144164,0.800000000000001));
#10279=CARTESIAN_POINT('Ctrl Pts',(-16.5377375042312,28.2621962144164,5.8));
#10280=CARTESIAN_POINT('Ctrl Pts',(-16.5390699885147,28.2621873408966,0.800000000000001));
#10281=CARTESIAN_POINT('Ctrl Pts',(-16.5390699885147,28.2621873408966,5.8));
#10282=CARTESIAN_POINT('Ctrl Pts',(-16.6732916574603,28.261293507743,0.800000000000001));
#10283=CARTESIAN_POINT('Ctrl Pts',(-16.6732916574603,28.261293507743,5.8));
#10284=CARTESIAN_POINT('Ctrl Pts',(-16.8075133264056,28.2603996745894,0.800000000000001));
#10285=CARTESIAN_POINT('Ctrl Pts',(-16.8075133264056,28.2603996745894,5.8));
#10286=CARTESIAN_POINT('Ctrl Pts',(-16.9417349953509,28.2595058414357,0.800000000000001));
#10287=CARTESIAN_POINT('Ctrl Pts',(-16.9417349953509,28.2595058414357,5.8));
#10288=CARTESIAN_POINT('Ctrl Pts',(-20.3794805819163,28.2366125858,0.800000000000001));
#10289=CARTESIAN_POINT('Ctrl Pts',(-20.3794805819163,28.2366125858,5.8));
#10290=CARTESIAN_POINT('Ctrl Pts',(-23.6344682316592,28.1348375079607,0.800000000000001));
#10291=CARTESIAN_POINT('Ctrl Pts',(-23.6344682316592,28.1348375079607,5.8));
#10292=CARTESIAN_POINT('Ctrl Pts',(-26.7097328623024,27.9523731167603,0.800000000000001));
#10293=CARTESIAN_POINT('Ctrl Pts',(-26.7097328623024,27.9523731167603,5.8));
#10294=CARTESIAN_POINT('Ctrl Pts',(-26.7109214753186,27.9523025928944,0.800000000000001));
#10295=CARTESIAN_POINT('Ctrl Pts',(-26.7109214753186,27.9523025928944,5.8));
#10296=CARTESIAN_POINT('Ctrl Pts',(-26.7121100883348,27.9522320690285,0.800000000000001));
#10297=CARTESIAN_POINT('Ctrl Pts',(-26.7121100883348,27.9522320690285,5.8));
#10298=CARTESIAN_POINT('Ctrl Pts',(-26.7132987013514,27.9521615451626,0.800000000000001));
#10299=CARTESIAN_POINT('Ctrl Pts',(-26.7132987013514,27.9521615451626,5.8));
#10300=CARTESIAN_POINT('',(-26.7132987013514,27.9521615451626,0.800000000000001));
#10301=CARTESIAN_POINT('',(-16.5350725356646,28.2622139614558,0.800000000000001));
#10302=CARTESIAN_POINT('Origin',(-26.7132987013917,27.9521615451602,0.800000000000001));
#10303=CARTESIAN_POINT('',(-28.516688467737,27.8343829763527,0.800000000000001));
#10304=CARTESIAN_POINT('Ctrl Pts',(-28.516688467737,27.8343829763527,0.800000000000001));
#10305=CARTESIAN_POINT('Ctrl Pts',(-28.516688467737,27.8343829763527,5.8));
#10306=CARTESIAN_POINT('Ctrl Pts',(-28.5179051833052,27.8342960576716,0.800000000000001));
#10307=CARTESIAN_POINT('Ctrl Pts',(-28.5179051833052,27.8342960576716,5.8));
#10308=CARTESIAN_POINT('Ctrl Pts',(-28.5191218988738,27.8342091389904,0.800000000000001));
#10309=CARTESIAN_POINT('Ctrl Pts',(-28.5191218988738,27.8342091389904,5.8));
#10310=CARTESIAN_POINT('Ctrl Pts',(-28.5203386144425,27.8341222203091,0.800000000000001));
#10311=CARTESIAN_POINT('Ctrl Pts',(-28.5203386144425,27.8341222203091,5.8));
#10312=CARTESIAN_POINT('Ctrl Pts',(-31.4514369537209,27.6247329359791,0.800000000000001));
#10313=CARTESIAN_POINT('Ctrl Pts',(-31.4514369537209,27.6247329359791,5.8));
#10314=CARTESIAN_POINT('Ctrl Pts',(-34.2120585664288,27.3381572906502,0.800000000000001));
#10315=CARTESIAN_POINT('Ctrl Pts',(-34.2120585664288,27.3381572906502,5.8));
#10316=CARTESIAN_POINT('Ctrl Pts',(-36.8053313383537,26.9721566493294,0.800000000000001));
#10317=CARTESIAN_POINT('Ctrl Pts',(-36.8053313383537,26.9721566493294,5.8));
#10318=CARTESIAN_POINT('Ctrl Pts',(-41.391338435068,26.3249121493793,0.800000000000001));
#10319=CARTESIAN_POINT('Ctrl Pts',(-41.391338435068,26.3249121493793,5.8));
#10320=CARTESIAN_POINT('Ctrl Pts',(-45.4536660387707,25.4313709688095,0.800000000000001));
#10321=CARTESIAN_POINT('Ctrl Pts',(-45.4536660387707,25.4313709688095,5.8));
#10322=CARTESIAN_POINT('Ctrl Pts',(-49.0203494355589,24.2512524972461,0.800000000000001));
#10323=CARTESIAN_POINT('Ctrl Pts',(-49.0203494355589,24.2512524972461,5.8));
#10324=CARTESIAN_POINT('Ctrl Pts',(-50.2092038269773,23.8578929328465,0.800000000000001));
#10325=CARTESIAN_POINT('Ctrl Pts',(-50.2092038269773,23.8578929328465,5.8));
#10326=CARTESIAN_POINT('Ctrl Pts',(-51.3434576412339,23.4331525193772,0.800000000000001));
#10327=CARTESIAN_POINT('Ctrl Pts',(-51.3434576412339,23.4331525193772,5.8));
#10328=CARTESIAN_POINT('Ctrl Pts',(-52.4227778021626,22.9732411877653,0.800000000000001));
#10329=CARTESIAN_POINT('Ctrl Pts',(-52.4227778021626,22.9732411877653,5.8));
#10330=CARTESIAN_POINT('Ctrl Pts',(-52.4274631816647,22.971244691078,0.800000000000001));
#10331=CARTESIAN_POINT('Ctrl Pts',(-52.4274631816647,22.971244691078,5.8));
#10332=CARTESIAN_POINT('Ctrl Pts',(-52.4321485611668,22.9692481943906,0.800000000000001));
#10333=CARTESIAN_POINT('Ctrl Pts',(-52.4321485611668,22.9692481943906,5.8));
#10334=CARTESIAN_POINT('Ctrl Pts',(-52.4368339406686,22.9672516977033,0.800000000000001));
#10335=CARTESIAN_POINT('Ctrl Pts',(-52.4368339406686,22.9672516977033,5.8));
#10336=CARTESIAN_POINT('',(-52.4368339406686,22.9672516977033,0.800000000000001));
#10337=CARTESIAN_POINT('Origin',(-53.590478636402,21.1214308182631,0.800000000000001));
#10338=CARTESIAN_POINT('',(-51.9523694042914,21.8692865060812,0.800000000000001));
#10339=CARTESIAN_POINT('',(-26.2376056981672,33.608999537151,0.8));
#10340=CARTESIAN_POINT('',(-51.9523694042914,21.8692865060812,0.800000000000001));
#10341=CARTESIAN_POINT('Origin',(-51.9524784032093,-11.5400636471188,0.800000000000001));
#10342=CARTESIAN_POINT('',(-51.9524784032093,-11.5400636471188,0.800000000000001));
#10343=CARTESIAN_POINT('',(-35.8523394536654,-18.8904821729511,0.8));
#10344=CARTESIAN_POINT('',(-51.9524784032093,-11.5400636471188,0.800000000000001));
#10345=CARTESIAN_POINT('Ctrl Pts',(-28.4349720597303,-16.3081031036281,
0.800000000000001));
#10346=CARTESIAN_POINT('Ctrl Pts',(-28.4349720597303,-16.3081031036281,
5.2));
#10347=CARTESIAN_POINT('Ctrl Pts',(-31.3418538886966,-16.1004247131831,
0.800000000000001));
#10348=CARTESIAN_POINT('Ctrl Pts',(-31.3418538886966,-16.1004247131831,
5.2));
#10349=CARTESIAN_POINT('Ctrl Pts',(-34.0753692287593,-15.8164695402309,
0.800000000000001));
#10350=CARTESIAN_POINT('Ctrl Pts',(-34.0753692287593,-15.8164695402309,
5.2));
#10351=CARTESIAN_POINT('Ctrl Pts',(-36.6377662705642,-15.4548094813925,
0.800000000000001));
#10352=CARTESIAN_POINT('Ctrl Pts',(-36.6377662705642,-15.4548094813925,
5.2));
#10353=CARTESIAN_POINT('Ctrl Pts',(-41.1694011285656,-14.8152086300644,
0.800000000000001));
#10354=CARTESIAN_POINT('Ctrl Pts',(-41.1694011285656,-14.8152086300644,
5.2));
#10355=CARTESIAN_POINT('Ctrl Pts',(-45.1635165422886,-13.9342557583813,
0.800000000000001));
#10356=CARTESIAN_POINT('Ctrl Pts',(-45.1635165422886,-13.9342557583813,
5.2));
#10357=CARTESIAN_POINT('Ctrl Pts',(-48.6435170347849,-12.7827931076837,
0.800000000000001));
#10358=CARTESIAN_POINT('Ctrl Pts',(-48.6435170347849,-12.7827931076837,
5.2));
#10359=CARTESIAN_POINT('Ctrl Pts',(-49.8038815791629,-12.3988516579839,
0.800000000000001));
#10360=CARTESIAN_POINT('Ctrl Pts',(-49.8038815791629,-12.3988516579839,
5.2));
#10361=CARTESIAN_POINT('Ctrl Pts',(-50.9069837177937,-11.9855695964503,
0.800000000000001));
#10362=CARTESIAN_POINT('Ctrl Pts',(-50.9069837177937,-11.9855695964503,
5.2));
#10363=CARTESIAN_POINT('Ctrl Pts',(-51.9524784032093,-11.5400636471188,
0.800000000000001));
#10364=CARTESIAN_POINT('Ctrl Pts',(-51.9524784032093,-11.5400636471188,
5.2));
#10365=CARTESIAN_POINT('',(-28.4349720597303,-16.3081031036281,0.800000000000001));
#10366=CARTESIAN_POINT('Ctrl Pts',(-51.9524784032093,-11.5400636471188,
0.800000000000001));
#10367=CARTESIAN_POINT('Ctrl Pts',(-50.9069837177937,-11.9855695964503,
0.800000000000001));
#10368=CARTESIAN_POINT('Ctrl Pts',(-49.8038815791629,-12.3988516579839,
0.800000000000001));
#10369=CARTESIAN_POINT('Ctrl Pts',(-48.6435170347849,-12.7827931076837,
0.800000000000001));
#10370=CARTESIAN_POINT('Ctrl Pts',(-45.1635165422886,-13.9342557583813,
0.800000000000001));
#10371=CARTESIAN_POINT('Ctrl Pts',(-41.1694011285656,-14.8152086300644,
0.800000000000001));
#10372=CARTESIAN_POINT('Ctrl Pts',(-36.6377662705642,-15.4548094813925,
0.800000000000001));
#10373=CARTESIAN_POINT('Ctrl Pts',(-34.0753692287593,-15.8164695402309,
0.800000000000001));
#10374=CARTESIAN_POINT('Ctrl Pts',(-31.3418538886966,-16.1004247131831,
0.800000000000001));
#10375=CARTESIAN_POINT('Ctrl Pts',(-28.4349720597303,-16.3081031036281,
0.800000000000001));
#10376=CARTESIAN_POINT('',(-28.4349720597303,-16.3081031036281,0.800000000000001));
#10377=CARTESIAN_POINT('Origin',(-26.6387992443679,-16.4254221067566,0.800000000000001));
#10378=CARTESIAN_POINT('',(-26.6387992443679,-16.4254221067566,0.800000000000001));
#10379=CARTESIAN_POINT('',(-11.3943899641379,-17.4211274669222,0.8));
#10380=CARTESIAN_POINT('',(-26.6387992443679,-16.4254221067566,0.800000000000001));
#10381=CARTESIAN_POINT('Ctrl Pts',(-15.431221800463,-16.7355077220552,0.800000000000001));
#10382=CARTESIAN_POINT('Ctrl Pts',(-15.431221800463,-16.7355077220552,5.2));
#10383=CARTESIAN_POINT('Ctrl Pts',(-19.4089250677018,-16.7354947446896,
0.800000000000001));
#10384=CARTESIAN_POINT('Ctrl Pts',(-19.4089250677018,-16.7354947446896,
5.2));
#10385=CARTESIAN_POINT('Ctrl Pts',(-23.1436166205704,-16.6328243398648,
0.800000000000001));
#10386=CARTESIAN_POINT('Ctrl Pts',(-23.1436166205704,-16.6328243398648,
5.2));
#10387=CARTESIAN_POINT('Ctrl Pts',(-26.6387992443679,-16.4254221067566,
0.800000000000001));
#10388=CARTESIAN_POINT('Ctrl Pts',(-26.6387992443679,-16.4254221067566,
5.2));
#10389=CARTESIAN_POINT('',(-15.4312218004629,-16.7355077220552,0.800000000000001));
#10390=CARTESIAN_POINT('Ctrl Pts',(-26.6387992443679,-16.4254221067566,
0.800000000000001));
#10391=CARTESIAN_POINT('Ctrl Pts',(-23.1436166205704,-16.6328243398648,
0.800000000000001));
#10392=CARTESIAN_POINT('Ctrl Pts',(-19.4089250677018,-16.7354947446896,
0.800000000000001));
#10393=CARTESIAN_POINT('Ctrl Pts',(-15.431221800463,-16.7355077220552,0.800000000000001));
#10394=CARTESIAN_POINT('',(-15.4312218004629,-16.7355077220552,0.800000000000001));
#10395=CARTESIAN_POINT('Ctrl Pts',(-4.22364233347102,-16.4254952368186,
0.800000000000001));
#10396=CARTESIAN_POINT('Ctrl Pts',(-4.22364233347102,-16.4254952368186,
5.2));
#10397=CARTESIAN_POINT('Ctrl Pts',(-7.71882631050502,-16.6328746636647,
0.800000000000001));
#10398=CARTESIAN_POINT('Ctrl Pts',(-7.71882631050502,-16.6328746636647,
5.2));
#10399=CARTESIAN_POINT('Ctrl Pts',(-11.4535185332241,-16.7355206994208,
0.800000000000001));
#10400=CARTESIAN_POINT('Ctrl Pts',(-11.4535185332241,-16.7355206994208,
5.2));
#10401=CARTESIAN_POINT('Ctrl Pts',(-15.4312218004629,-16.7355077220552,
0.800000000000001));
#10402=CARTESIAN_POINT('Ctrl Pts',(-15.4312218004629,-16.7355077220552,
5.2));
#10403=CARTESIAN_POINT('',(-4.22364233347102,-16.4254952368186,0.800000000000001));
#10404=CARTESIAN_POINT('Ctrl Pts',(-15.4312218004629,-16.7355077220552,
0.800000000000001));
#10405=CARTESIAN_POINT('Ctrl Pts',(-11.4535185332241,-16.7355206994208,
0.800000000000001));
#10406=CARTESIAN_POINT('Ctrl Pts',(-7.71882631050502,-16.6328746636647,
0.800000000000001));
#10407=CARTESIAN_POINT('Ctrl Pts',(-4.22364233347102,-16.4254952368186,
0.800000000000001));
#10408=CARTESIAN_POINT('',(-4.22364233347102,-16.4254952368186,0.800000000000001));
#10409=CARTESIAN_POINT('Origin',(-2.4274687526338,-16.3081879538184,0.800000000000001));
#10410=CARTESIAN_POINT('',(-2.4274687526338,-16.3081879538184,0.800000000000001));
#10411=CARTESIAN_POINT('',(3.95908225302636,-15.8910852003822,0.8));
#10412=CARTESIAN_POINT('',(-2.4274687526338,-16.3081879538184,0.800000000000001));
#10413=CARTESIAN_POINT('Ctrl Pts',(21.0900687020625,-11.5403019504249,0.800000000000001));
#10414=CARTESIAN_POINT('Ctrl Pts',(21.0900687020625,-11.5403019504249,5.2));
#10415=CARTESIAN_POINT('Ctrl Pts',(20.0445711097185,-11.985801077837,0.800000000000001));
#10416=CARTESIAN_POINT('Ctrl Pts',(20.0445711097185,-11.985801077837,5.2));
#10417=CARTESIAN_POINT('Ctrl Pts',(18.9414662744232,-12.39907594156,0.800000000000001));
#10418=CARTESIAN_POINT('Ctrl Pts',(18.9414662744232,-12.39907594156,5.2));
#10419=CARTESIAN_POINT('Ctrl Pts',(17.781099224831,-12.7830098198096,0.800000000000001));
#10420=CARTESIAN_POINT('Ctrl Pts',(17.781099224831,-12.7830098198096,5.2));
#10421=CARTESIAN_POINT('Ctrl Pts',(14.301091219052,-13.9344497632893,0.800000000000001));
#10422=CARTESIAN_POINT('Ctrl Pts',(14.301091219052,-13.9344497632893,5.2));
#10423=CARTESIAN_POINT('Ctrl Pts',(10.3069700571483,-14.8153765731322,0.800000000000001));
#10424=CARTESIAN_POINT('Ctrl Pts',(10.3069700571483,-14.8153765731322,5.2));
#10425=CARTESIAN_POINT('Ctrl Pts',(5.77533102581297,-15.4549478552815,0.800000000000001));
#10426=CARTESIAN_POINT('Ctrl Pts',(5.77533102581297,-15.4549478552815,5.2));
#10427=CARTESIAN_POINT('Ctrl Pts',(3.21293162421092,-15.8165911943314,0.800000000000001));
#10428=CARTESIAN_POINT('Ctrl Pts',(3.21293162421092,-15.8165911943314,5.2));
#10429=CARTESIAN_POINT('Ctrl Pts',(0.479414431383429,-16.1005285309407,
0.800000000000001));
#10430=CARTESIAN_POINT('Ctrl Pts',(0.479414431383429,-16.1005285309407,
5.2));
#10431=CARTESIAN_POINT('Ctrl Pts',(-2.4274687526338,-16.3081879538184,0.800000000000001));
#10432=CARTESIAN_POINT('Ctrl Pts',(-2.4274687526338,-16.3081879538184,5.2));
#10433=CARTESIAN_POINT('',(21.0900687020625,-11.5403019504249,0.800000000000001));
#10434=CARTESIAN_POINT('Ctrl Pts',(-2.4274687526338,-16.3081879538184,0.800000000000001));
#10435=CARTESIAN_POINT('Ctrl Pts',(0.479414431383429,-16.1005285309407,
0.800000000000001));
#10436=CARTESIAN_POINT('Ctrl Pts',(3.21293162421092,-15.8165911943314,0.800000000000001));
#10437=CARTESIAN_POINT('Ctrl Pts',(5.77533102581297,-15.4549478552815,0.800000000000001));
#10438=CARTESIAN_POINT('Ctrl Pts',(10.3069700571483,-14.8153765731322,0.800000000000001));
#10439=CARTESIAN_POINT('Ctrl Pts',(14.301091219052,-13.9344497632893,0.800000000000001));
#10440=CARTESIAN_POINT('Ctrl Pts',(17.781099224831,-12.7830098198096,0.800000000000001));
#10441=CARTESIAN_POINT('Ctrl Pts',(18.9414662744232,-12.39907594156,0.800000000000001));
#10442=CARTESIAN_POINT('Ctrl Pts',(20.0445711097185,-11.985801077837,0.800000000000001));
#10443=CARTESIAN_POINT('Ctrl Pts',(21.0900687020625,-11.5403019504249,0.800000000000001));
#10444=CARTESIAN_POINT('',(21.0900687020625,-11.5403019504249,0.800000000000001));
#10445=CARTESIAN_POINT('Origin',(22.728177934173,-10.7924462626068,0.800000000000001));
#10446=CARTESIAN_POINT('',(22.728177934173,-10.7924462626068,0.800000000000001));
#10447=CARTESIAN_POINT('',(24.5317516548755,-9.96905009403214,0.8));
#10448=CARTESIAN_POINT('',(22.728177934173,-10.7924462626068,0.800000000000001));
#10449=CARTESIAN_POINT('Ctrl Pts',(33.9688496486226,5.16433110897811,0.800000000000001));
#10450=CARTESIAN_POINT('Ctrl Pts',(33.9688496486226,5.16433110897811,5.));
#10451=CARTESIAN_POINT('Ctrl Pts',(33.9688430516904,3.14229986982202,0.800000000000001));
#10452=CARTESIAN_POINT('Ctrl Pts',(33.9688430516904,3.14229986982202,5.));
#10453=CARTESIAN_POINT('Ctrl Pts',(33.6287267176501,1.17802328413024,0.800000000000001));
#10454=CARTESIAN_POINT('Ctrl Pts',(33.6287267176501,1.17802328413024,5.));
#10455=CARTESIAN_POINT('Ctrl Pts',(32.9367014217991,-0.639805293887725,
0.800000000000001));
#10456=CARTESIAN_POINT('Ctrl Pts',(32.9367014217991,-0.639805293887725,
5.));
#10457=CARTESIAN_POINT('Ctrl Pts',(32.2278975581346,-2.50170821463892,0.800000000000001));
#10458=CARTESIAN_POINT('Ctrl Pts',(32.2278975581346,-2.50170821463892,5.));
#10459=CARTESIAN_POINT('Ctrl Pts',(31.1415864991575,-4.22672075767051,0.800000000000001));
#10460=CARTESIAN_POINT('Ctrl Pts',(31.1415864991575,-4.22672075767051,5.));
#10461=CARTESIAN_POINT('Ctrl Pts',(29.7517991190108,-5.74150037663653,0.800000000000001));
#10462=CARTESIAN_POINT('Ctrl Pts',(29.7517991190108,-5.74150037663653,5.));
#10463=CARTESIAN_POINT('Ctrl Pts',(29.4751555069842,-6.04302427245056,0.800000000000001));
#10464=CARTESIAN_POINT('Ctrl Pts',(29.4751555069842,-6.04302427245056,5.));
#10465=CARTESIAN_POINT('Ctrl Pts',(29.1863335186324,-6.33673736934243,0.800000000000001));
#10466=CARTESIAN_POINT('Ctrl Pts',(29.1863335186324,-6.33673736934243,5.));
#10467=CARTESIAN_POINT('Ctrl Pts',(28.8859181458598,-6.62275403114789,0.800000000000001));
#10468=CARTESIAN_POINT('Ctrl Pts',(28.8859181458598,-6.62275403114789,5.));
#10469=CARTESIAN_POINT('Ctrl Pts',(27.1852651288315,-8.24189586909895,0.800000000000001));
#10470=CARTESIAN_POINT('Ctrl Pts',(27.1852651288315,-8.24189586909895,5.));
#10471=CARTESIAN_POINT('Ctrl Pts',(25.1287966878685,-9.61808594978688,0.800000000000001));
#10472=CARTESIAN_POINT('Ctrl Pts',(25.1287966878685,-9.61808594978688,5.));
#10473=CARTESIAN_POINT('Ctrl Pts',(22.728177934173,-10.7924462626068,0.800000000000001));
#10474=CARTESIAN_POINT('Ctrl Pts',(22.728177934173,-10.7924462626068,5.));
#10475=CARTESIAN_POINT('Ctrl Pts',(22.728177934173,-10.7924462626068,0.800000000000001));
#10476=CARTESIAN_POINT('Ctrl Pts',(25.1287966878685,-9.61808594978688,0.800000000000001));
#10477=CARTESIAN_POINT('Ctrl Pts',(27.1852651288315,-8.24189586909895,0.800000000000001));
#10478=CARTESIAN_POINT('Ctrl Pts',(28.8859181458598,-6.62275403114789,0.800000000000001));
#10479=CARTESIAN_POINT('Ctrl Pts',(29.032393316345,-6.48329931911734,0.800000000000001));
#10480=CARTESIAN_POINT('Ctrl Pts',(29.1761123932718,-6.34201493471555,0.8));
#10481=CARTESIAN_POINT('Ctrl Pts',(29.317007569499,-6.19888762188768,0.8));
#10482=CARTESIAN_POINT('',(33.9688496486226,5.16433110897811,0.800000000000001));
#10483=CARTESIAN_POINT('Ctrl Pts',(22.7282820532568,21.1211818262207,0.800000000000001));
#10484=CARTESIAN_POINT('Ctrl Pts',(22.7282820532568,21.1211818262207,5.));
#10485=CARTESIAN_POINT('Ctrl Pts',(25.1288931441359,19.9468058492572,0.800000000000001));
#10486=CARTESIAN_POINT('Ctrl Pts',(25.1288931441359,19.9468058492572,5.));
#10487=CARTESIAN_POINT('Ctrl Pts',(27.1853526053397,18.5706023500296,0.800000000000001));
#10488=CARTESIAN_POINT('Ctrl Pts',(27.1853526053397,18.5706023500296,5.));
#10489=CARTESIAN_POINT('Ctrl Pts',(28.8859950573428,16.9514494152591,0.800000000000001));
#10490=CARTESIAN_POINT('Ctrl Pts',(28.8859950573428,16.9514494152591,5.));
#10491=CARTESIAN_POINT('Ctrl Pts',(29.1864085638347,16.665430793233,0.800000000000001));
#10492=CARTESIAN_POINT('Ctrl Pts',(29.1864085638347,16.665430793233,5.));
#10493=CARTESIAN_POINT('Ctrl Pts',(29.4752286356863,16.3717158117681,0.800000000000001));
#10494=CARTESIAN_POINT('Ctrl Pts',(29.4752286356863,16.3717158117681,5.));
#10495=CARTESIAN_POINT('Ctrl Pts',(29.7518702802471,16.0701901108458,0.800000000000001));
#10496=CARTESIAN_POINT('Ctrl Pts',(29.7518702802471,16.0701901108458,5.));
#10497=CARTESIAN_POINT('Ctrl Pts',(31.1416477763444,14.5554014234734,0.800000000000001));
#10498=CARTESIAN_POINT('Ctrl Pts',(31.1416477763444,14.5554014234734,5.));
#10499=CARTESIAN_POINT('Ctrl Pts',(32.2279475794973,12.8303817922395,0.800000000000001));
#10500=CARTESIAN_POINT('Ctrl Pts',(32.2279475794973,12.8303817922395,5.));
#10501=CARTESIAN_POINT('Ctrl Pts',(32.9367392941283,10.968474246544,0.800000000000001));
#10502=CARTESIAN_POINT('Ctrl Pts',(32.9367392941283,10.968474246544,5.));
#10503=CARTESIAN_POINT('Ctrl Pts',(33.6287527285338,9.15064115306184,0.800000000000001));
#10504=CARTESIAN_POINT('Ctrl Pts',(33.6287527285338,9.15064115306184,5.));
#10505=CARTESIAN_POINT('Ctrl Pts',(33.9688562455547,7.1863623481342,0.800000000000001));
#10506=CARTESIAN_POINT('Ctrl Pts',(33.9688562455547,7.1863623481342,5.));
#10507=CARTESIAN_POINT('Ctrl Pts',(33.9688496486226,5.16433110897811,0.800000000000001));
#10508=CARTESIAN_POINT('Ctrl Pts',(33.9688496486226,5.16433110897811,5.));
#10509=CARTESIAN_POINT('',(22.7282820532568,21.1211818262207,0.800000000000001));
#10510=CARTESIAN_POINT('',(22.7282820532568,21.1211818262207,0.800000000000001));
#10511=CARTESIAN_POINT('Ctrl Pts',(29.7783139942357,16.0413022995655,0.8));
#10512=CARTESIAN_POINT('Ctrl Pts',(29.7695116773344,16.0509400378309,0.8));
#10513=CARTESIAN_POINT('Ctrl Pts',(29.7606970996827,16.0605693145212,0.800000000000001));
#10514=CARTESIAN_POINT('Ctrl Pts',(29.7518702802471,16.0701901108458,0.800000000000001));
#10515=CARTESIAN_POINT('Ctrl Pts',(29.4752286356863,16.3717158117681,0.800000000000001));
#10516=CARTESIAN_POINT('Ctrl Pts',(29.1864085638347,16.665430793233,0.800000000000001));
#10517=CARTESIAN_POINT('Ctrl Pts',(28.8859950573428,16.9514494152591,0.800000000000001));
#10518=CARTESIAN_POINT('Ctrl Pts',(27.1853526053397,18.5706023500296,0.800000000000001));
#10519=CARTESIAN_POINT('Ctrl Pts',(25.1288931441359,19.9468058492572,0.800000000000001));
#10520=CARTESIAN_POINT('Ctrl Pts',(22.7282820532568,21.1211818262207,0.800000000000001));
#10521=CARTESIAN_POINT('Origin',(21.0901777009805,21.8690482027751,0.800000000000001));
#10522=CARTESIAN_POINT('',(21.0901777009805,21.8690482027751,0.800000000000001));
#10523=CARTESIAN_POINT('',(13.2791978951762,25.4351025610272,0.8));
#10524=CARTESIAN_POINT('',(21.0901777009805,21.8690482027751,0.800000000000001));
#10525=CARTESIAN_POINT('Ctrl Pts',(-2.42732864249851,26.6370876592844,-0.7));
#10526=CARTESIAN_POINT('Ctrl Pts',(-2.42732864249851,26.6370876592844,5.));
#10527=CARTESIAN_POINT('Ctrl Pts',(0.479553186467774,26.4294092688395,-0.7));
#10528=CARTESIAN_POINT('Ctrl Pts',(0.479553186467774,26.4294092688395,5.));
#10529=CARTESIAN_POINT('Ctrl Pts',(3.21306852653045,26.1454540958872,-0.7));
#10530=CARTESIAN_POINT('Ctrl Pts',(3.21306852653045,26.1454540958872,5.));
#10531=CARTESIAN_POINT('Ctrl Pts',(5.77546556833541,25.7837940370488,-0.7));
#10532=CARTESIAN_POINT('Ctrl Pts',(5.77546556833541,25.7837940370488,5.));
#10533=CARTESIAN_POINT('Ctrl Pts',(10.3071004263367,25.1441931857208,-0.7));
#10534=CARTESIAN_POINT('Ctrl Pts',(10.3071004263367,25.1441931857208,5.));
#10535=CARTESIAN_POINT('Ctrl Pts',(14.3012158400598,24.2632403140377,-0.7));
#10536=CARTESIAN_POINT('Ctrl Pts',(14.3012158400598,24.2632403140377,5.));
#10537=CARTESIAN_POINT('Ctrl Pts',(17.7812163325561,23.11177766334,-0.7));
#10538=CARTESIAN_POINT('Ctrl Pts',(17.7812163325561,23.11177766334,5.));
#10539=CARTESIAN_POINT('Ctrl Pts',(18.9415808769341,22.7278362136402,-0.7));
#10540=CARTESIAN_POINT('Ctrl Pts',(18.9415808769341,22.7278362136402,5.));
#10541=CARTESIAN_POINT('Ctrl Pts',(20.0446830155649,22.3145541521066,-0.7));
#10542=CARTESIAN_POINT('Ctrl Pts',(20.0446830155649,22.3145541521066,5.));
#10543=CARTESIAN_POINT('Ctrl Pts',(21.0901777009805,21.8690482027751,-0.7));
#10544=CARTESIAN_POINT('Ctrl Pts',(21.0901777009805,21.8690482027751,5.));
#10545=CARTESIAN_POINT('',(4.23940687374984,25.9887184114047,0.8));
#10546=CARTESIAN_POINT('Ctrl Pts',(21.0901777009805,21.8690482027751,0.800000000000001));
#10547=CARTESIAN_POINT('Ctrl Pts',(20.0446830155649,22.3145541521066,0.800000000000001));
#10548=CARTESIAN_POINT('Ctrl Pts',(18.9415808769341,22.7278362136402,0.800000000000001));
#10549=CARTESIAN_POINT('Ctrl Pts',(17.7812163325561,23.11177766334,0.800000000000001));
#10550=CARTESIAN_POINT('Ctrl Pts',(14.3012158400598,24.2632403140377,0.800000000000001));
#10551=CARTESIAN_POINT('Ctrl Pts',(10.3071004263367,25.1441931857208,0.800000000000001));
#10552=CARTESIAN_POINT('Ctrl Pts',(5.77546556833541,25.7837940370488,0.800000000000001));
#10553=CARTESIAN_POINT('Ctrl Pts',(5.27010757694666,25.8551209227415,0.800000000000001));
#10554=CARTESIAN_POINT('Ctrl Pts',(4.75809376078979,25.9234253958147,0.800000000000001));
#10555=CARTESIAN_POINT('Ctrl Pts',(4.23940687374984,25.9887184114047,0.800000000000001));
#10556=CARTESIAN_POINT('',(-2.42732864249851,26.6370876592844,0.8));
#10557=CARTESIAN_POINT('',(-2.42732864249851,26.6370876592844,0.800000000000001));
#10558=CARTESIAN_POINT('Ctrl Pts',(-2.42732864249851,26.6370876592844,0.8));
#10559=CARTESIAN_POINT('Ctrl Pts',(-0.228895440541727,26.4800234593113,
0.8));
#10560=CARTESIAN_POINT('Ctrl Pts',(2.01057417105446,26.2692869240098,0.8));
#10561=CARTESIAN_POINT('Ctrl Pts',(4.23940687374984,25.9887184114047,0.8));
#10562=CARTESIAN_POINT('Origin',(-4.22350145786094,26.7544066624129,0.800000000000001));
#10563=CARTESIAN_POINT('',(-4.22350145786094,26.7544066624129,0.8));
#10564=CARTESIAN_POINT('',(2.81133951460246,26.2949182863511,0.8));
#10565=CARTESIAN_POINT('',(-4.22350145786094,26.7544066624129,0.800000000000001));
#10566=CARTESIAN_POINT('Ctrl Pts',(-14.3310789092166,27.0622067708601,-0.7));
#10567=CARTESIAN_POINT('Ctrl Pts',(-14.3310789092166,27.0622067708601,5.));
#10568=CARTESIAN_POINT('Ctrl Pts',(-14.1968572461065,27.0613120619027,-0.7));
#10569=CARTESIAN_POINT('Ctrl Pts',(-14.1968572461065,27.0613120619027,5.));
#10570=CARTESIAN_POINT('Ctrl Pts',(-14.0626355829963,27.0604173529454,-0.7));
#10571=CARTESIAN_POINT('Ctrl Pts',(-14.0626355829963,27.0604173529454,5.));
#10572=CARTESIAN_POINT('Ctrl Pts',(-13.9284139198862,27.059522643988,-0.7));
#10573=CARTESIAN_POINT('Ctrl Pts',(-13.9284139198862,27.059522643988,5.));
#10574=CARTESIAN_POINT('Ctrl Pts',(-10.5093117571602,27.0367312311851,-0.7));
#10575=CARTESIAN_POINT('Ctrl Pts',(-10.5093117571602,27.0367312311851,5.));
#10576=CARTESIAN_POINT('Ctrl Pts',(-7.27511969046041,26.9354880261521,-0.7));
#10577=CARTESIAN_POINT('Ctrl Pts',(-7.27511969046041,26.9354880261521,5.));
#10578=CARTESIAN_POINT('Ctrl Pts',(-4.22350145786095,26.7544066624129,-0.7));
#10579=CARTESIAN_POINT('Ctrl Pts',(-4.22350145786095,26.7544066624129,5.));
#10580=CARTESIAN_POINT('',(-14.3310789092166,27.0622067708601,0.8));
#10581=CARTESIAN_POINT('Ctrl Pts',(-14.3310789092166,27.0622067708601,0.8));
#10582=CARTESIAN_POINT('Ctrl Pts',(-14.1968572461065,27.0613120619027,0.8));
#10583=CARTESIAN_POINT('Ctrl Pts',(-14.0626355829963,27.0604173529454,0.8));
#10584=CARTESIAN_POINT('Ctrl Pts',(-13.9284139198862,27.059522643988,0.8));
#10585=CARTESIAN_POINT('Ctrl Pts',(-10.5093117571602,27.0367312311851,0.8));
#10586=CARTESIAN_POINT('Ctrl Pts',(-7.27511969046041,26.9354880261521,0.8));
#10587=CARTESIAN_POINT('Ctrl Pts',(-4.22350145786095,26.7544066624129,0.8));
#10588=CARTESIAN_POINT('',(-14.3310789092166,27.0622067708601,0.800000000000001));
#10589=CARTESIAN_POINT('Origin',(-16.5310789092049,27.0622139484202,0.800000000000001));
#10590=CARTESIAN_POINT('',(-16.5310789092049,27.0622139484202,0.8));
#10591=CARTESIAN_POINT('',(-3.3047855921488,27.0621707972768,0.8));
#10592=CARTESIAN_POINT('',(-16.5310789092049,27.0622139484202,0.800000000000001));
#10593=CARTESIAN_POINT('Ctrl Pts',(-26.6386583687578,26.754479792475,-0.7));
#10594=CARTESIAN_POINT('Ctrl Pts',(-26.6386583687578,26.754479792475,5.));
#10595=CARTESIAN_POINT('Ctrl Pts',(-23.5870389546576,26.9355412442345,-0.7));
#10596=CARTESIAN_POINT('Ctrl Pts',(-23.5870389546576,26.9355412442345,5.));
#10597=CARTESIAN_POINT('Ctrl Pts',(-20.3528462274092,27.0367633459853,-0.7));
#10598=CARTESIAN_POINT('Ctrl Pts',(-20.3528462274092,27.0367633459853,5.));
#10599=CARTESIAN_POINT('Ctrl Pts',(-16.9337439160408,27.0595324489593,-0.7));
#10600=CARTESIAN_POINT('Ctrl Pts',(-16.9337439160408,27.0595324489593,5.));
#10601=CARTESIAN_POINT('Ctrl Pts',(-16.7995222470955,27.0604262821129,-0.7));
#10602=CARTESIAN_POINT('Ctrl Pts',(-16.7995222470955,27.0604262821129,5.));
#10603=CARTESIAN_POINT('Ctrl Pts',(-16.6653005781502,27.0613201152665,-0.7));
#10604=CARTESIAN_POINT('Ctrl Pts',(-16.6653005781502,27.0613201152665,5.));
#10605=CARTESIAN_POINT('Ctrl Pts',(-16.5310789092049,27.0622139484202,-0.7));
#10606=CARTESIAN_POINT('Ctrl Pts',(-16.5310789092049,27.0622139484202,5.));
#10607=CARTESIAN_POINT('',(-26.6386583687578,26.754479792475,0.8));
#10608=CARTESIAN_POINT('Ctrl Pts',(-26.6386583687578,26.754479792475,0.8));
#10609=CARTESIAN_POINT('Ctrl Pts',(-23.5870389546576,26.9355412442345,0.8));
#10610=CARTESIAN_POINT('Ctrl Pts',(-20.3528462274092,27.0367633459853,0.8));
#10611=CARTESIAN_POINT('Ctrl Pts',(-16.9337439160408,27.0595324489593,0.8));
#10612=CARTESIAN_POINT('Ctrl Pts',(-16.7995222470955,27.0604262821129,0.8));
#10613=CARTESIAN_POINT('Ctrl Pts',(-16.6653005781502,27.0613201152665,0.8));
#10614=CARTESIAN_POINT('Ctrl Pts',(-16.5310789092049,27.0622139484202,0.8));
#10615=CARTESIAN_POINT('',(-26.6386583687578,26.754479792475,0.800000000000001));
#10616=CARTESIAN_POINT('Origin',(-28.434831949595,26.6371725094747,0.800000000000001));
#10617=CARTESIAN_POINT('',(-28.434831949595,26.6371725094747,0.8));
#10618=CARTESIAN_POINT('',(-9.3266859156849,27.8851168720488,0.8));
#10619=CARTESIAN_POINT('',(-28.434831949595,26.6371725094747,0.800000000000001));
#10620=CARTESIAN_POINT('Ctrl Pts',(-51.9523694042914,21.8692865060812,-0.700000000000002));
#10621=CARTESIAN_POINT('Ctrl Pts',(-51.9523694042914,21.8692865060812,5.));
#10622=CARTESIAN_POINT('Ctrl Pts',(-50.9068718119474,22.3147856334933,-0.700000000000002));
#10623=CARTESIAN_POINT('Ctrl Pts',(-50.9068718119474,22.3147856334933,5.));
#10624=CARTESIAN_POINT('Ctrl Pts',(-49.803766976652,22.7280604972163,-0.700000000000002));
#10625=CARTESIAN_POINT('Ctrl Pts',(-49.803766976652,22.7280604972163,5.));
#10626=CARTESIAN_POINT('Ctrl Pts',(-48.6433999270598,23.1119943754659,-0.700000000000002));
#10627=CARTESIAN_POINT('Ctrl Pts',(-48.6433999270598,23.1119943754659,5.));
#10628=CARTESIAN_POINT('Ctrl Pts',(-45.1633919212808,24.2634343189456,-0.700000000000002));
#10629=CARTESIAN_POINT('Ctrl Pts',(-45.1633919212808,24.2634343189456,5.));
#10630=CARTESIAN_POINT('Ctrl Pts',(-41.1692707593772,25.1443611287886,-0.700000000000002));
#10631=CARTESIAN_POINT('Ctrl Pts',(-41.1692707593772,25.1443611287886,5.));
#10632=CARTESIAN_POINT('Ctrl Pts',(-36.6376317280418,25.7839324109378,-0.700000000000002));
#10633=CARTESIAN_POINT('Ctrl Pts',(-36.6376317280418,25.7839324109378,5.));
#10634=CARTESIAN_POINT('Ctrl Pts',(-34.0752323264398,26.1455757499878,-0.700000000000002));
#10635=CARTESIAN_POINT('Ctrl Pts',(-34.0752323264398,26.1455757499878,5.));
#10636=CARTESIAN_POINT('Ctrl Pts',(-31.3417151336122,26.429513086597,-0.700000000000002));
#10637=CARTESIAN_POINT('Ctrl Pts',(-31.3417151336122,26.429513086597,5.));
#10638=CARTESIAN_POINT('Ctrl Pts',(-28.434831949595,26.6371725094747,-0.700000000000002));
#10639=CARTESIAN_POINT('Ctrl Pts',(-28.434831949595,26.6371725094747,5.));
#10640=CARTESIAN_POINT('',(-35.1015716963461,25.9888467624224,0.8));
#10641=CARTESIAN_POINT('Ctrl Pts',(-35.1015716963461,25.9888467624224,0.8));
#10642=CARTESIAN_POINT('Ctrl Pts',(-32.8727371629735,26.2694007317663,0.8));
#10643=CARTESIAN_POINT('Ctrl Pts',(-30.6332661763576,26.4801226544017,0.8));
#10644=CARTESIAN_POINT('Ctrl Pts',(-28.434831949595,26.6371725094747,0.8));
#10645=CARTESIAN_POINT('Ctrl Pts',(-35.1015716963462,25.9888467624224,0.800000000000001));
#10646=CARTESIAN_POINT('Ctrl Pts',(-35.6202590094156,25.9235571312941,0.800000000000001));
#10647=CARTESIAN_POINT('Ctrl Pts',(-36.132273271252,25.8552559991405,0.800000000000001));
#10648=CARTESIAN_POINT('Ctrl Pts',(-36.6376317280418,25.7839324109378,0.800000000000001));
#10649=CARTESIAN_POINT('Ctrl Pts',(-41.1692707593772,25.1443611287886,0.800000000000001));
#10650=CARTESIAN_POINT('Ctrl Pts',(-45.1633919212808,24.2634343189456,0.800000000000001));
#10651=CARTESIAN_POINT('Ctrl Pts',(-48.6433999270598,23.1119943754659,0.800000000000001));
#10652=CARTESIAN_POINT('Ctrl Pts',(-49.803766976652,22.7280604972163,0.800000000000001));
#10653=CARTESIAN_POINT('Ctrl Pts',(-50.9068718119474,22.3147856334933,0.800000000000001));
#10654=CARTESIAN_POINT('Ctrl Pts',(-51.9523694042914,21.8692865060812,0.800000000000001));
#10655=CARTESIAN_POINT('Origin',(-14.3270774526958,28.2622067578116,0.800000000000001));
#10656=CARTESIAN_POINT('Origin',(23.2412196118557,22.2061479458639,0.800000000000001));
#10657=CARTESIAN_POINT('Ctrl Pts',(-26.7134473919297,-17.6231033723847,
0.800000000000001));
#10658=CARTESIAN_POINT('Ctrl Pts',(-26.7134473919297,-17.6231033723847,
5.8));
#10659=CARTESIAN_POINT('Ctrl Pts',(-26.712258779363,-17.623173904007,0.800000000000001));
#10660=CARTESIAN_POINT('Ctrl Pts',(-26.712258779363,-17.623173904007,5.8));
#10661=CARTESIAN_POINT('Ctrl Pts',(-26.7110701667967,-17.6232444356292,
0.800000000000001));
#10662=CARTESIAN_POINT('Ctrl Pts',(-26.7110701667967,-17.6232444356292,
5.8));
#10663=CARTESIAN_POINT('Ctrl Pts',(-26.7098815542305,-17.6233149672515,
0.800000000000001));
#10664=CARTESIAN_POINT('Ctrl Pts',(-26.7098815542305,-17.6233149672515,
5.8));
#10665=CARTESIAN_POINT('Ctrl Pts',(-23.1876173864505,-17.8323242044285,
0.800000000000001));
#10666=CARTESIAN_POINT('Ctrl Pts',(-23.1876173864505,-17.8323242044285,
5.8));
#10667=CARTESIAN_POINT('Ctrl Pts',(-19.429575715463,-17.9354946773227,0.800000000000001));
#10668=CARTESIAN_POINT('Ctrl Pts',(-19.429575715463,-17.9354946773227,5.8));
#10669=CARTESIAN_POINT('Ctrl Pts',(-15.4312257154958,-17.9355077220488,
0.800000000000001));
#10670=CARTESIAN_POINT('Ctrl Pts',(-15.4312257154958,-17.9355077220488,
5.8));
#10671=CARTESIAN_POINT('',(-26.7134473919309,-17.6231033723846,0.800000000000001));
#10672=CARTESIAN_POINT('Origin',(-28.516836389717,-17.5053130363636,0.800000000000001));
#10673=CARTESIAN_POINT('',(-28.516836389721,-17.5053130363633,0.800000000000001));
#10674=CARTESIAN_POINT('Ctrl Pts',(-52.4369501038573,-12.6380256775607,
0.800000000000001));
#10675=CARTESIAN_POINT('Ctrl Pts',(-52.4369501038573,-12.6380256775607,
5.8));
#10676=CARTESIAN_POINT('Ctrl Pts',(-52.4322647373831,-12.6400222048202,
0.800000000000001));
#10677=CARTESIAN_POINT('Ctrl Pts',(-52.4322647373831,-12.6400222048202,
5.8));
#10678=CARTESIAN_POINT('Ctrl Pts',(-52.4275793709091,-12.6420187320795,
0.800000000000001));
#10679=CARTESIAN_POINT('Ctrl Pts',(-52.4275793709091,-12.6420187320795,
5.8));
#10680=CARTESIAN_POINT('Ctrl Pts',(-52.422894004435,-12.6440152593389,0.800000000000001));
#10681=CARTESIAN_POINT('Ctrl Pts',(-52.422894004435,-12.6440152593389,5.8));
#10682=CARTESIAN_POINT('Ctrl Pts',(-51.343576844476,-13.103933633564,0.800000000000001));
#10683=CARTESIAN_POINT('Ctrl Pts',(-51.343576844476,-13.103933633564,5.8));
#10684=CARTESIAN_POINT('Ctrl Pts',(-50.209325801698,-13.5286814480924,0.800000000000001));
#10685=CARTESIAN_POINT('Ctrl Pts',(-50.209325801698,-13.5286814480924,5.8));
#10686=CARTESIAN_POINT('Ctrl Pts',(-49.0204739769976,-13.9220487698235,
0.800000000000001));
#10687=CARTESIAN_POINT('Ctrl Pts',(-49.0204739769976,-13.9220487698235,
5.8));
#10688=CARTESIAN_POINT('Ctrl Pts',(-45.4537982806228,-15.1021905141658,
0.800000000000001));
#10689=CARTESIAN_POINT('Ctrl Pts',(-45.4537982806228,-15.1021905141658,
5.8));
#10690=CARTESIAN_POINT('Ctrl Pts',(-41.3914765074116,-15.9957582016263,
0.800000000000001));
#10691=CARTESIAN_POINT('Ctrl Pts',(-41.3914765074116,-15.9957582016263,
5.8));
#10692=CARTESIAN_POINT('Ctrl Pts',(-36.8054736341006,-16.6430326255096,
0.800000000000001));
#10693=CARTESIAN_POINT('Ctrl Pts',(-36.8054736341006,-16.6430326255096,
5.8));
#10694=CARTESIAN_POINT('Ctrl Pts',(-34.2122032504052,-17.0090501880691,
0.800000000000001));
#10695=CARTESIAN_POINT('Ctrl Pts',(-34.2122032504052,-17.0090501880691,
5.8));
#10696=CARTESIAN_POINT('Ctrl Pts',(-31.4515835076778,-17.2956438465989,
0.800000000000001));
#10697=CARTESIAN_POINT('Ctrl Pts',(-31.4515835076778,-17.2956438465989,
5.8));
#10698=CARTESIAN_POINT('Ctrl Pts',(-28.5204865347379,-17.5050522565014,
0.800000000000001));
#10699=CARTESIAN_POINT('Ctrl Pts',(-28.5204865347379,-17.5050522565014,
5.8));
#10700=CARTESIAN_POINT('Ctrl Pts',(-28.5192698197318,-17.5051391831221,
0.800000000000001));
#10701=CARTESIAN_POINT('Ctrl Pts',(-28.5192698197318,-17.5051391831221,
5.8));
#10702=CARTESIAN_POINT('Ctrl Pts',(-28.5180531047256,-17.5052261097428,
0.800000000000001));
#10703=CARTESIAN_POINT('Ctrl Pts',(-28.5180531047256,-17.5052261097428,
5.8));
#10704=CARTESIAN_POINT('Ctrl Pts',(-28.516836389721,-17.5053130363633,0.800000000000001));
#10705=CARTESIAN_POINT('Ctrl Pts',(-28.516836389721,-17.5053130363633,5.8));
#10706=CARTESIAN_POINT('',(-52.4369501038606,-12.6380256775593,0.800000000000001));
#10707=CARTESIAN_POINT('Origin',(-54.1035203140843,-11.8771633902076,0.800000000000001));
#10708=CARTESIAN_POINT('',(-54.1035203140843,-11.8771633902076,0.800000000000001));
#10709=CARTESIAN_POINT('Ctrl Pts',(-66.031150350845,5.16465736171103,0.800000000000001));
#10710=CARTESIAN_POINT('Ctrl Pts',(-66.031150350845,5.16465736171103,5.));
#10711=CARTESIAN_POINT('Ctrl Pts',(-66.0311573867884,3.00806443272833,0.800000000000001));
#10712=CARTESIAN_POINT('Ctrl Pts',(-66.0311573867884,3.00806443272833,5.));
#10713=CARTESIAN_POINT('Ctrl Pts',(-65.6682885176262,0.897859395159125,
0.800000000000001));
#10714=CARTESIAN_POINT('Ctrl Pts',(-65.6682885176262,0.897859395159125,
5.));
#10715=CARTESIAN_POINT('Ctrl Pts',(-64.9205267185674,-1.06641770812945,
0.800000000000001));
#10716=CARTESIAN_POINT('Ctrl Pts',(-64.9205267185674,-1.06641770812945,
5.));
#10717=CARTESIAN_POINT('Ctrl Pts',(-64.1543743390929,-3.07900457539938,
0.800000000000001));
#10718=CARTESIAN_POINT('Ctrl Pts',(-64.1543743390929,-3.07900457539938,
5.));
#10719=CARTESIAN_POINT('Ctrl Pts',(-62.9844012281663,-4.93279545527467,
0.800000000000001));
#10720=CARTESIAN_POINT('Ctrl Pts',(-62.9844012281663,-4.93279545527467,
5.));
#10721=CARTESIAN_POINT('Ctrl Pts',(-61.4984007846757,-6.55246239300455,
0.800000000000001));
#10722=CARTESIAN_POINT('Ctrl Pts',(-61.4984007846757,-6.55246239300455,
5.));
#10723=CARTESIAN_POINT('Ctrl Pts',(-61.2029196467575,-6.87452220927541,
0.800000000000001));
#10724=CARTESIAN_POINT('Ctrl Pts',(-61.2029196467575,-6.87452220927541,
5.));
#10725=CARTESIAN_POINT('Ctrl Pts',(-60.895112158119,-7.18749672712812,0.800000000000001));
#10726=CARTESIAN_POINT('Ctrl Pts',(-60.895112158119,-7.18749672712812,5.));
#10727=CARTESIAN_POINT('Ctrl Pts',(-60.5757462146595,-7.49155964406238,
0.800000000000001));
#10728=CARTESIAN_POINT('Ctrl Pts',(-60.5757462146595,-7.49155964406238,
5.));
#10729=CARTESIAN_POINT('Ctrl Pts',(-58.7711485508778,-9.20968657894545,
0.800000000000001));
#10730=CARTESIAN_POINT('Ctrl Pts',(-58.7711485508778,-9.20968657894545,
5.));
#10731=CARTESIAN_POINT('Ctrl Pts',(-56.6079316240972,-10.6520084744075,
0.800000000000001));
#10732=CARTESIAN_POINT('Ctrl Pts',(-56.6079316240972,-10.6520084744075,
5.));
#10733=CARTESIAN_POINT('Ctrl Pts',(-54.1179044853651,-11.8701266714051,
0.800000000000001));
#10734=CARTESIAN_POINT('Ctrl Pts',(-54.1179044853651,-11.8701266714051,
5.));
#10735=CARTESIAN_POINT('Ctrl Pts',(-54.1131097616048,-11.8724722443393,
0.800000000000001));
#10736=CARTESIAN_POINT('Ctrl Pts',(-54.1131097616048,-11.8724722443393,
5.));
#10737=CARTESIAN_POINT('Ctrl Pts',(-54.1083150378445,-11.8748178172735,
0.800000000000001));
#10738=CARTESIAN_POINT('Ctrl Pts',(-54.1083150378445,-11.8748178172735,
5.));
#10739=CARTESIAN_POINT('Ctrl Pts',(-54.1035203140843,-11.8771633902076,
0.800000000000001));
#10740=CARTESIAN_POINT('Ctrl Pts',(-54.1035203140843,-11.8771633902076,
5.));
#10741=CARTESIAN_POINT('',(-66.031150350845,5.16465736171101,0.800000000000001));
#10742=CARTESIAN_POINT('Ctrl Pts',(-54.1034091155218,22.2064002848312,0.800000000000001));
#10743=CARTESIAN_POINT('Ctrl Pts',(-54.1034091155218,22.2064002848312,5.));
#10744=CARTESIAN_POINT('Ctrl Pts',(-54.1082038545886,22.2040547431821,0.800000000000001));
#10745=CARTESIAN_POINT('Ctrl Pts',(-54.1082038545886,22.2040547431821,5.));
#10746=CARTESIAN_POINT('Ctrl Pts',(-54.1129985936553,22.2017092015331,0.800000000000001));
#10747=CARTESIAN_POINT('Ctrl Pts',(-54.1129985936553,22.2017092015331,5.));
#10748=CARTESIAN_POINT('Ctrl Pts',(-54.117793332722,22.199363659884,0.800000000000001));
#10749=CARTESIAN_POINT('Ctrl Pts',(-54.117793332722,22.199363659884,5.));
#10750=CARTESIAN_POINT('Ctrl Pts',(-56.6078284196888,20.9812617104755,0.800000000000001));
#10751=CARTESIAN_POINT('Ctrl Pts',(-56.6078284196888,20.9812617104755,5.));
#10752=CARTESIAN_POINT('Ctrl Pts',(-58.7710547576525,19.5389539301529,0.800000000000001));
#10753=CARTESIAN_POINT('Ctrl Pts',(-58.7710547576525,19.5389539301529,5.));
#10754=CARTESIAN_POINT('Ctrl Pts',(-60.5756636322679,17.8208387704048,0.800000000000001));
#10755=CARTESIAN_POINT('Ctrl Pts',(-60.5756636322679,17.8208387704048,5.));
#10756=CARTESIAN_POINT('Ctrl Pts',(-60.8950315597478,17.5167779373573,0.800000000000001));
#10757=CARTESIAN_POINT('Ctrl Pts',(-60.8950315597478,17.5167779373573,5.));
#10758=CARTESIAN_POINT('Ctrl Pts',(-61.2028410905555,17.2038054279719,0.800000000000001));
#10759=CARTESIAN_POINT('Ctrl Pts',(-61.2028410905555,17.2038054279719,5.));
#10760=CARTESIAN_POINT('Ctrl Pts',(-61.4983243299254,16.8817475397385,0.800000000000001));
#10761=CARTESIAN_POINT('Ctrl Pts',(-61.4983243299254,16.8817475397385,5.));
#10762=CARTESIAN_POINT('Ctrl Pts',(-62.9843353417996,15.2620902982772,0.800000000000001));
#10763=CARTESIAN_POINT('Ctrl Pts',(-62.9843353417996,15.2620902982772,5.));
#10764=CARTESIAN_POINT('Ctrl Pts',(-64.1543205487882,13.4083070525799,0.800000000000001));
#10765=CARTESIAN_POINT('Ctrl Pts',(-64.1543205487882,13.4083070525799,5.));
#10766=CARTESIAN_POINT('Ctrl Pts',(-64.9204860604857,11.395725184539,0.800000000000001));
#10767=CARTESIAN_POINT('Ctrl Pts',(-64.9204860604857,11.395725184539,5.));
#10768=CARTESIAN_POINT('Ctrl Pts',(-65.668260676544,9.43145296047879,0.800000000000001));
#10769=CARTESIAN_POINT('Ctrl Pts',(-65.668260676544,9.43145296047879,5.));
#10770=CARTESIAN_POINT('Ctrl Pts',(-66.0311433149016,7.32125029069371,0.800000000000001));
#10771=CARTESIAN_POINT('Ctrl Pts',(-66.0311433149016,7.32125029069371,5.));
#10772=CARTESIAN_POINT('Ctrl Pts',(-66.031150350845,5.16465736171101,0.800000000000001));
#10773=CARTESIAN_POINT('Ctrl Pts',(-66.031150350845,5.16465736171101,5.));
#10774=CARTESIAN_POINT('',(-54.1034091155239,22.2064002848301,0.800000000000001));
#10775=CARTESIAN_POINT('Origin',(-52.4368339406701,22.9672516977027,0.800000000000001));
#10776=CARTESIAN_POINT('Ctrl Pts',(29.7741044367203,19.6707732469986,0.));
#10777=CARTESIAN_POINT('Ctrl Pts',(29.7741044367203,19.6707732469986,1.5));
#10778=CARTESIAN_POINT('Ctrl Pts',(29.7741044367203,13.7750061778858,0.));
#10779=CARTESIAN_POINT('Ctrl Pts',(29.7741044367203,13.7750061778858,1.5));
#10780=CARTESIAN_POINT('Ctrl Pts',(29.8194430495626,7.96462959698895,0.));
#10781=CARTESIAN_POINT('Ctrl Pts',(29.8194430495626,7.96462959698895,1.5));
#10782=CARTESIAN_POINT('Ctrl Pts',(29.7310580441767,2.7863894382894,0.));
#10783=CARTESIAN_POINT('Ctrl Pts',(29.7310580441767,2.7863894382894,1.5));
#10784=CARTESIAN_POINT('Ctrl Pts',(29.6611033798065,-1.31206652433434,0.));
#10785=CARTESIAN_POINT('Ctrl Pts',(29.6611033798065,-1.31206652433434,1.5));
#10786=CARTESIAN_POINT('Ctrl Pts',(29.4879469586549,-4.97816579925252,0.));
#10787=CARTESIAN_POINT('Ctrl Pts',(29.4879469586549,-4.97816579925252,1.5));
#10788=CARTESIAN_POINT('Ctrl Pts',(29.141703589574,-7.90035518624871,0.));
#10789=CARTESIAN_POINT('Ctrl Pts',(29.141703589574,-7.90035518624871,1.5));
#10790=CARTESIAN_POINT('Ctrl Pts',(28.8347748741453,-10.4907407788196,0.));
#10791=CARTESIAN_POINT('Ctrl Pts',(28.8347748741453,-10.4907407788196,1.5));
#10792=CARTESIAN_POINT('Ctrl Pts',(28.3987313940593,-12.4647879756348,0.));
#10793=CARTESIAN_POINT('Ctrl Pts',(28.3987313940593,-12.4647879756348,1.5));
#10794=CARTESIAN_POINT('Ctrl Pts',(27.8889639216486,-14.0025485108291,0.));
#10795=CARTESIAN_POINT('Ctrl Pts',(27.8889639216486,-14.0025485108291,1.5));
#10796=CARTESIAN_POINT('Ctrl Pts',(27.3497543150637,-15.6291239556743,0.));
#10797=CARTESIAN_POINT('Ctrl Pts',(27.3497543150637,-15.6291239556743,1.5));
#10798=CARTESIAN_POINT('Ctrl Pts',(26.7322276168575,-16.8441638916629,0.));
#10799=CARTESIAN_POINT('Ctrl Pts',(26.7322276168575,-16.8441638916629,1.5));
#10800=CARTESIAN_POINT('Ctrl Pts',(25.9970568936289,-18.0258777562419,0.));
#10801=CARTESIAN_POINT('Ctrl Pts',(25.9970568936289,-18.0258777562419,1.5));
#10802=CARTESIAN_POINT('Ctrl Pts',(25.2064551115429,-19.29669153831,0.));
#10803=CARTESIAN_POINT('Ctrl Pts',(25.2064551115429,-19.29669153831,1.5));
#10804=CARTESIAN_POINT('Ctrl Pts',(24.3248137714545,-20.4574724501144,0.));
#10805=CARTESIAN_POINT('Ctrl Pts',(24.3248137714545,-20.4574724501144,1.5));
#10806=CARTESIAN_POINT('Ctrl Pts',(23.2015667074325,-21.571651544039,0.));
#10807=CARTESIAN_POINT('Ctrl Pts',(23.2015667074325,-21.571651544039,1.5));
#10808=CARTESIAN_POINT('Ctrl Pts',(22.1469764438852,-22.6177281036284,0.));
#10809=CARTESIAN_POINT('Ctrl Pts',(22.1469764438852,-22.6177281036284,1.5));
#10810=CARTESIAN_POINT('Ctrl Pts',(20.8154874334843,-23.6706802031537,0.));
#10811=CARTESIAN_POINT('Ctrl Pts',(20.8154874334843,-23.6706802031537,1.5));
#10812=CARTESIAN_POINT('Ctrl Pts',(18.9988589630784,-24.6795232161966,0.));
#10813=CARTESIAN_POINT('Ctrl Pts',(18.9988589630784,-24.6795232161966,1.5));
#10814=CARTESIAN_POINT('Ctrl Pts',(16.6904407123132,-25.9614758341388,0.));
#10815=CARTESIAN_POINT('Ctrl Pts',(16.6904407123132,-25.9614758341388,1.5));
#10816=CARTESIAN_POINT('Ctrl Pts',(13.6480702739654,-27.1078445308286,0.));
#10817=CARTESIAN_POINT('Ctrl Pts',(13.6480702739654,-27.1078445308286,1.5));
#10818=CARTESIAN_POINT('Ctrl Pts',(10.2067132128537,-27.667977943844,0.));
#10819=CARTESIAN_POINT('Ctrl Pts',(10.2067132128537,-27.667977943844,1.5));
#10820=CARTESIAN_POINT('Ctrl Pts',(8.63130795046657,-27.9243992075585,0.));
#10821=CARTESIAN_POINT('Ctrl Pts',(8.63130795046657,-27.9243992075585,1.5));
#10822=CARTESIAN_POINT('Ctrl Pts',(6.97305733223189,-28.0617772149052,0.));
#10823=CARTESIAN_POINT('Ctrl Pts',(6.97305733223189,-28.0617772149052,1.5));
#10824=CARTESIAN_POINT('Ctrl Pts',(5.21960778029205,-28.0617772149052,0.));
#10825=CARTESIAN_POINT('Ctrl Pts',(5.21960778029205,-28.0617772149052,1.5));
#10826=CARTESIAN_POINT('Ctrl Pts',(-60.6363104837105,19.6710682134482,-5.53604126212395E-15));
#10827=CARTESIAN_POINT('Ctrl Pts',(-60.6363104837105,19.6710682134482,1.49999999999999));
#10828=CARTESIAN_POINT('Ctrl Pts',(-60.6363489539129,13.7753011444608,-5.53604361774446E-15));
#10829=CARTESIAN_POINT('Ctrl Pts',(-60.6363489539129,13.7753011444608,1.49999999999999));
#10830=CARTESIAN_POINT('Ctrl Pts',(-60.6817254797791,7.96492485952459,-5.54159831795717E-15));
#10831=CARTESIAN_POINT('Ctrl Pts',(-60.6817254797791,7.96492485952459,1.49999999999999));
#10832=CARTESIAN_POINT('Ctrl Pts',(-60.5933742626951,2.78668412421829,-5.53077634550006E-15));
#10833=CARTESIAN_POINT('Ctrl Pts',(-60.5933742626951,2.78668412421829,1.49999999999999));
#10834=CARTESIAN_POINT('Ctrl Pts',(-60.5234463409755,-1.31177229477621,
-5.52221100743444E-15));
#10835=CARTESIAN_POINT('Ctrl Pts',(-60.5234463409755,-1.31177229477621,
1.49999999999999));
#10836=CARTESIAN_POINT('Ctrl Pts',(-60.3503138413258,-4.97787269947146,
-5.50100692651235E-15));
#10837=CARTESIAN_POINT('Ctrl Pts',(-60.3503138413258,-4.97787269947146,
1.49999999999999));
#10838=CARTESIAN_POINT('Ctrl Pts',(-60.0040895396977,-7.90006434566236,
-5.45860551068979E-15));
#10839=CARTESIAN_POINT('Ctrl Pts',(-60.0040895396977,-7.90006434566236,
1.49999999999999));
#10840=CARTESIAN_POINT('Ctrl Pts',(-59.6971777266831,-10.4904519409048,
-5.42101861877233E-15));
#10841=CARTESIAN_POINT('Ctrl Pts',(-59.6971777266831,-10.4904519409048,
1.49999999999999));
#10842=CARTESIAN_POINT('Ctrl Pts',(-59.2611471273723,-12.4645019828855,
-5.36761948227442E-15));
#10843=CARTESIAN_POINT('Ctrl Pts',(-59.2611471273723,-12.4645019828855,
1.49999999999999));
#10844=CARTESIAN_POINT('Ctrl Pts',(-58.751389688944,-14.0022658443076,-5.30519158633859E-15));
#10845=CARTESIAN_POINT('Ctrl Pts',(-58.751389688944,-14.0022658443076,1.49999999999999));
#10846=CARTESIAN_POINT('Ctrl Pts',(-58.2121906958642,-15.6288448074904,
-5.23915810435062E-15));
#10847=CARTESIAN_POINT('Ctrl Pts',(-58.2121906958642,-15.6288448074904,
1.49999999999999));
#10848=CARTESIAN_POINT('Ctrl Pts',(-57.5946719258732,-16.8438887728486,
-5.16353338037876E-15));
#10849=CARTESIAN_POINT('Ctrl Pts',(-57.5946719258732,-16.8438887728486,
1.49999999999999));
#10850=CARTESIAN_POINT('Ctrl Pts',(-56.8595089134078,-18.0256074344315,
-5.07350140522347E-15));
#10851=CARTESIAN_POINT('Ctrl Pts',(-56.8595089134078,-18.0256074344315,
1.5));
#10852=CARTESIAN_POINT('Ctrl Pts',(-56.068915423468,-19.2964263751924,-4.97668111878729E-15));
#10853=CARTESIAN_POINT('Ctrl Pts',(-56.068915423468,-19.2964263751924,1.5));
#10854=CARTESIAN_POINT('Ctrl Pts',(-55.1872816575573,-20.45721303973,-4.86871165805782E-15));
#10855=CARTESIAN_POINT('Ctrl Pts',(-55.1872816575573,-20.45721303973,1.5));
#10856=CARTESIAN_POINT('Ctrl Pts',(-54.0640418636386,-21.5713994628795,
-4.73115401106191E-15));
#10857=CARTESIAN_POINT('Ctrl Pts',(-54.0640418636386,-21.5713994628795,
1.5));
#10858=CARTESIAN_POINT('Ctrl Pts',(-53.0094584258205,-22.6174829037056,
-4.60200436995007E-15));
#10859=CARTESIAN_POINT('Ctrl Pts',(-53.0094584258205,-22.6174829037056,
1.5));
#10860=CARTESIAN_POINT('Ctrl Pts',(-51.677976286018,-23.6704436912471,-4.43894441518329E-15));
#10861=CARTESIAN_POINT('Ctrl Pts',(-51.677976286018,-23.6704436912471,1.5));
#10862=CARTESIAN_POINT('Ctrl Pts',(-49.8613543984066,-24.6792985578686,
-4.21647199410976E-15));
#10863=CARTESIAN_POINT('Ctrl Pts',(-49.8613543984066,-24.6792985578686,
1.5));
#10864=CARTESIAN_POINT('Ctrl Pts',(-47.5529445125014,-25.9612662383387,
-3.93377280411892E-15));
#10865=CARTESIAN_POINT('Ctrl Pts',(-47.5529445125014,-25.9612662383387,
1.5));
#10866=CARTESIAN_POINT('Ctrl Pts',(-44.5105815543367,-27.1076547866376,
-3.56119034023173E-15));
#10867=CARTESIAN_POINT('Ctrl Pts',(-44.5105815543367,-27.1076547866376,
1.5));
#10868=CARTESIAN_POINT('Ctrl Pts',(-41.0692281481994,-27.6678106546839,
-3.13974587307076E-15));
#10869=CARTESIAN_POINT('Ctrl Pts',(-41.0692281481994,-27.6678106546839,
1.5));
#10870=CARTESIAN_POINT('Ctrl Pts',(-39.4938245590086,-27.9242421979985,
-2.94681447432924E-15));
#10871=CARTESIAN_POINT('Ctrl Pts',(-39.4938245590086,-27.9242421979985,
1.5));
#10872=CARTESIAN_POINT('Ctrl Pts',(-37.8355748372083,-28.0616310255182,
-2.7437373980384E-15));
#10873=CARTESIAN_POINT('Ctrl Pts',(-37.8355748372083,-28.0616310255182,
1.5));
#10874=CARTESIAN_POINT('Ctrl Pts',(-36.0821252853057,-28.0616424668724,
-2.5290017599146E-15));
#10875=CARTESIAN_POINT('Ctrl Pts',(-36.0821252853057,-28.0616424668724,
1.5));
#10876=CARTESIAN_POINT('Origin',(-36.9310030383396,50.3174900580694,26.027401490899));
#10877=CARTESIAN_POINT('',(-37.9309997758069,51.3174933205917,2.8));
#10878=CARTESIAN_POINT('',(-37.9309997758069,51.3174933205914,29.5000000000002));
#10879=CARTESIAN_POINT('',(-37.9309997758069,51.3174933205915,20.5887007454495));
#10880=CARTESIAN_POINT('',(-38.4309981445406,51.8174949518527,2.30000000000002));
#10881=CARTESIAN_POINT('',(-33.1817912070552,46.5682537628933,7.5492240632503));
#10882=CARTESIAN_POINT('',(-38.4309981445406,51.8174949518527,1.8));
#10883=CARTESIAN_POINT('',(-38.4309981445406,51.8174949518524,26.027401490899));
#10884=CARTESIAN_POINT('',(-36.6519995135699,50.0384847127809,1.8));
#10885=CARTESIAN_POINT('',(-38.0743893016059,51.4608837820183,1.8));
#10886=CARTESIAN_POINT('',(-36.6519995135699,50.0384847127809,1.57900443503069));
#10887=CARTESIAN_POINT('',(-36.6519995135701,50.0384847127809,13.4137007454494));
#10888=CARTESIAN_POINT('',(-35.4310079321385,48.8174851642867,2.8));
#10889=CARTESIAN_POINT('',(-31.2716673144259,44.6581174065605,6.9593541877415));
#10890=CARTESIAN_POINT('',(-35.4310079321386,48.8174851642864,24.8409973410726));
#10891=CARTESIAN_POINT('',(-35.4310079321385,48.8174851642864,26.027401490899));
#10892=CARTESIAN_POINT('',(-35.4310079321386,48.8174851642864,29.5000000000002));
#10893=CARTESIAN_POINT('',(-35.4310079321386,48.8174851642865,20.5887007454495));
#10894=CARTESIAN_POINT('',(-40.680990803842,54.0675022925268,29.5000000000001));
#10895=CARTESIAN_POINT('Origin',(-35.4309981445566,51.8174851642704,29.5000000000002));
#10896=CARTESIAN_POINT('',(-38.9309981445379,51.8174965831164,1.8));
#10897=CARTESIAN_POINT('',(-31.1309981445794,51.8174711354031,9.60000000000006));
#10898=CARTESIAN_POINT('',(-38.1072736096261,51.8174938956926,1.8));
#10899=CARTESIAN_POINT('Origin',(-40.783551616175,51.0385116714055,1.8));
#10900=CARTESIAN_POINT('',(-38.9309974235096,52.0384995834094,1.8));
#10901=CARTESIAN_POINT('',(-38.9310088243132,48.5440296609759,1.8));
#10902=CARTESIAN_POINT('',(-15.430890868059,52.0383462439296,1.8));
#10903=CARTESIAN_POINT('',(-15.4309039181683,50.0383462439722,1.8));
#10904=CARTESIAN_POINT('Origin',(-15.4310039489395,50.0383462446249,0.8));
#10905=CARTESIAN_POINT('',(-31.4309974646113,50.0384506454571,6.80000648407271));
#10906=CARTESIAN_POINT('Origin',(-38.9310169626092,46.0495536945444,1.8));
#10907=CARTESIAN_POINT('',(-39.9309974234936,52.038506108464,0.799999999999997));
#10908=CARTESIAN_POINT('',(-45.9822680037408,52.0385455933353,-5.25127058034377));
#10909=CARTESIAN_POINT('',(-37.9309492066333,66.817493320509,2.8));
#10910=CARTESIAN_POINT('',(-37.9310169626146,46.0495504320171,2.8));
#10911=CARTESIAN_POINT('',(-39.9309492066227,66.8174998455636,0.799999999999997));
#10912=CARTESIAN_POINT('',(-38.3059492066314,66.8174945439567,2.42499999999993));
#10913=CARTESIAN_POINT('',(-39.9310169626039,46.0495569570718,0.799999999999997));
#10914=CARTESIAN_POINT('Origin',(-37.9309736755883,59.3174933205488,15.1500000000001));
#10915=CARTESIAN_POINT('',(-37.9309541004243,65.3174933205173,29.4999999999999));
#10916=CARTESIAN_POINT('',(-37.9309614411108,63.0674933205287,29.4999999999999));
#10917=CARTESIAN_POINT('',(-37.9309492066333,66.8174933205093,27.9999999999998));
#10918=CARTESIAN_POINT('Origin',(-37.9309541004243,65.3174933205173,27.9999999999999));
#10919=CARTESIAN_POINT('',(-37.9309492066333,66.8174933205089,0.799999999999998));
#10920=CARTESIAN_POINT('',(-37.9309717180719,59.9174933205457,24.4999999999999));
#10921=CARTESIAN_POINT('Origin',(-37.9309638880063,62.3174933205329,24.4999999999999));
#10922=CARTESIAN_POINT('Origin',(-38.0562126479684,32.7816079517985,0.799999999999997));
#10923=CARTESIAN_POINT('',(-35.4309492066466,66.8174851641906,0.799999999999999));
#10924=CARTESIAN_POINT('',(-36.7435254058038,66.8174894465063,0.799999999999997));
#10925=CARTESIAN_POINT('',(-35.43094920647,66.8175392859263,0.799999999999998));
#10926=CARTESIAN_POINT('',(-35.4310298847833,42.0887615287727,0.799999999999998));
#10927=CARTESIAN_POINT('',(-45.9189175485582,77.3176009056271,0.799999999999996));
#10928=CARTESIAN_POINT('Origin',(-35.4189175487817,77.3175323925532,0.799999999999998));
#10929=CARTESIAN_POINT('',(-45.9188541821787,87.0288420860724,0.799999999999996));
#10930=CARTESIAN_POINT('',(-45.919062848285,55.0496300819505,0.799999999999996));
#10931=CARTESIAN_POINT('',(-53.7665084178372,92.788463387052,0.799999999999995));
#10932=CARTESIAN_POINT('',(-30.4259854076494,75.6581758554428,0.799999999999998));
#10933=CARTESIAN_POINT('',(-60.635856091137,89.3091934571301,0.799999999999995));
#10934=CARTESIAN_POINT('Origin',(-56.3200567256018,89.3091652963033,0.799999999999995));
#10935=CARTESIAN_POINT('',(-60.6360992835276,52.0386412103854,0.799999999999995));
#10936=CARTESIAN_POINT('',(-60.6360405134489,61.0454743723715,0.799999999999995));
#10937=CARTESIAN_POINT('',(-52.0960931395729,52.0385854863785,0.799999999999996));
#10938=CARTESIAN_POINT('Origin',(-36.431029884778,42.0887647913,1.8));
#10939=CARTESIAN_POINT('',(-35.4310677770201,30.4743801204662,2.8));
#10940=CARTESIAN_POINT('',(-36.6310677770137,30.4743840354989,1.6));
#10941=CARTESIAN_POINT('',(-35.4310298847833,42.0887615287727,2.8));
#10942=CARTESIAN_POINT('Origin',(-35.4309995199124,51.3959236703782,22.5548029817979));
#10943=CARTESIAN_POINT('',(-35.4310677770201,30.4743801204662,37.8826271047422));
#10944=CARTESIAN_POINT('',(-35.4310677770201,30.4743801204662,1.2));
#10945=CARTESIAN_POINT('',(-35.4310481393269,36.4935459990078,44.0385922078288));
#10946=CARTESIAN_POINT('',(-35.4310677770201,30.4743801204662,37.8826271047422));
#10947=CARTESIAN_POINT('',(-35.4310411452567,38.6373043352627,43.164695167924));
#10948=CARTESIAN_POINT('Origin',(-35.4310452234159,37.3873043352693,43.164695167924));
#10949=CARTESIAN_POINT('',(-35.4310411452567,38.6373043352627,34.9523060686967));
#10950=CARTESIAN_POINT('',(-35.4310411452567,38.6373043352627,44.0374287415502));
#10951=CARTESIAN_POINT('',(-35.4310411452567,38.6373043352627,34.9523060686967));
#10952=CARTESIAN_POINT('Origin',(-35.4310452234159,37.3873043352693,43.164695167924));
#10953=CARTESIAN_POINT('',(-32.9310481393402,36.4935378426894,44.0385922078288));
#10954=CARTESIAN_POINT('',(-35.4310481393269,36.4935459990078,44.0385922078288));
#10955=CARTESIAN_POINT('',(-32.93104114527,38.6372961789444,43.164695167924));
#10956=CARTESIAN_POINT('Origin',(-32.9310452234292,37.387296178951,43.164695167924));
#10957=CARTESIAN_POINT('',(-35.4310411452567,38.6373043352627,43.164695167924));
#10958=CARTESIAN_POINT('Origin',(-32.9309995199257,51.3959155140599,22.5548029817979));
#10959=CARTESIAN_POINT('',(-32.9310677770334,30.4743719641478,37.8826271047422));
#10960=CARTESIAN_POINT('',(-32.9310677770334,30.4743719641478,37.8826271047422));
#10961=CARTESIAN_POINT('',(-32.9310677770334,30.4743719641478,1.2));
#10962=CARTESIAN_POINT('',(-32.93100394866,50.0384604330814,1.8));
#10963=CARTESIAN_POINT('',(-32.93100394866,50.0384604330814,11.677401490899));
#10964=CARTESIAN_POINT('',(-32.9309974236054,52.0384604330814,1.8));
#10965=CARTESIAN_POINT('',(-32.9310001029874,51.2172007831517,1.8));
#10966=CARTESIAN_POINT('',(-32.9309974236054,52.0384604330814,0.799999999999998));
#10967=CARTESIAN_POINT('',(-32.9309974236054,52.0384604330814,11.677401490899));
#10968=CARTESIAN_POINT('',(-32.9309492065322,66.8175161582003,0.799999999999998));
#10969=CARTESIAN_POINT('',(-32.9310298847966,42.0887533724543,0.799999999999998));
#10970=CARTESIAN_POINT('',(-32.9309492065322,66.8175161582003,1.5));
#10971=CARTESIAN_POINT('',(-32.9309492065322,66.8175161582003,11.277401490899));
#10972=CARTESIAN_POINT('',(-32.9309312628182,72.317459063972,1.5));
#10973=CARTESIAN_POINT('',(-32.931029884782,42.088757833337,1.5));
#10974=CARTESIAN_POINT('',(-32.93104114527,38.6372961789444,34.9523060686967));
#10975=CARTESIAN_POINT('',(-32.93104114527,38.6372961789444,34.9523060686967));
#10976=CARTESIAN_POINT('',(-32.93104114527,38.6372961789444,44.0374287415502));
#10977=CARTESIAN_POINT('Origin',(-35.4310411452567,38.6373043352627,44.0374287415502));
#10978=CARTESIAN_POINT('',(-35.4310411452567,38.6373043352627,34.9523060686967));
#10979=CARTESIAN_POINT('Origin',(-66.1360992834105,52.038677098186,0.799999999999994));
#10980=CARTESIAN_POINT('',(-15.4309974238848,52.0383462446249,1.8));
#10981=CARTESIAN_POINT('',(-15.430890868059,52.0383462439296,1.8));
#10982=CARTESIAN_POINT('',(-15.4309974238848,52.0383462446249,0.8));
#10983=CARTESIAN_POINT('',(-15.4309974238848,52.0383462446249,0.8));
#10984=CARTESIAN_POINT('',(-52.0960931395729,52.0385854863785,0.799999999999996));
#10985=CARTESIAN_POINT('Origin',(-66.1360992834105,52.038677098186,0.799999999999994));
#10986=CARTESIAN_POINT('',(-60.6360992835276,52.0386412103854,1.49999999999999));
#10987=CARTESIAN_POINT('',(-60.6360992835276,52.0386412103854,0.399999999999995));
#10988=CARTESIAN_POINT('',(-53.4634020615001,52.038594408144,1.5));
#10989=CARTESIAN_POINT('Origin',(-15.4310039489395,50.0383462446249,0.8));
#10990=CARTESIAN_POINT('',(-15.4310039489395,50.0383462446249,1.8));
#10991=CARTESIAN_POINT('',(-15.4310039489395,50.0383462446249,0.8));
#10992=CARTESIAN_POINT('',(-15.4309039181683,50.0383462439722,1.8));
#10993=CARTESIAN_POINT('Origin',(-37.7309638880074,62.3174926680274,24.4999999999999));
#10994=CARTESIAN_POINT('',(-37.5309704130631,60.3174920155326,24.4999999999999));
#10995=CARTESIAN_POINT('',(-37.7309710655675,60.1174926680391,24.4999999999999));
#10996=CARTESIAN_POINT('Origin',(-37.5309638880084,62.317492015522,24.4999999999999));
#10997=CARTESIAN_POINT('Origin',(-35.4309638880196,62.3174851642146,24.4999999999999));
#10998=CARTESIAN_POINT('',(-35.4309704130743,60.3174851642252,24.4999999999999));
#10999=CARTESIAN_POINT('',(-35.4309704130743,60.3174851642252,24.4999999999999));
#11000=CARTESIAN_POINT('Origin',(-35.4309638880196,62.3174851642146,24.4999999999999));
#11001=CARTESIAN_POINT('Origin',(-35.4309541004376,65.3174851641989,27.9999999999999));
#11002=CARTESIAN_POINT('',(-35.4309541004376,65.317485164199,29.4999999999999));
#11003=CARTESIAN_POINT('',(-35.4309541004376,65.317485164199,29.4999999999999));
#11004=CARTESIAN_POINT('',(-35.4309492066466,66.817485164191,27.9999999999998));
#11005=CARTESIAN_POINT('Origin',(-35.4309541004376,65.3174851641989,27.9999999999999));
#11006=CARTESIAN_POINT('',(-35.4309492066466,66.817485164191,27.9999999999998));
#11007=CARTESIAN_POINT('Origin',(-35.4309492066466,66.8174851641906,0.799999999999999));
#11008=CARTESIAN_POINT('',(-35.4309492066466,66.8174851641907,6.96277296048278));
#11009=CARTESIAN_POINT('',(-35.4309492066466,66.8174851641906,0.799999999999999));
#11010=CARTESIAN_POINT('',(-35.4309492066466,66.8174851641908,11.6774014908989));
#11011=CARTESIAN_POINT('Origin',(-35.4309492066466,66.81748516419,29.4999999999998));
#11012=CARTESIAN_POINT('',(-35.4309492066466,66.81748516419,29.4999999999998));
#11013=CARTESIAN_POINT('Origin',(-35.4309736756016,59.3174851642305,15.1500000000001));
#11014=CARTESIAN_POINT('',(-35.4310411452567,38.6373043352627,34.9523060686967));
#11015=CARTESIAN_POINT('Origin',(-35.4309995199124,51.3959236703782,22.5548029817979));
#11016=CARTESIAN_POINT('',(-35.4309312628049,72.3174672202903,1.5));
#11017=CARTESIAN_POINT('',(-35.4310411452567,38.6373043352627,34.9523060686967));
#11018=CARTESIAN_POINT('',(-35.43094920647,66.8175392859263,1.5));
#11019=CARTESIAN_POINT('',(-35.4310298847687,42.0887659896554,1.5));
#11020=CARTESIAN_POINT('',(-35.43094920647,66.8175392859263,-2.4492935982947E-15));
#11021=CARTESIAN_POINT('Origin',(-35.4310677770201,30.4743801204662,-1.20029269559141E-15));
#11022=CARTESIAN_POINT('',(-35.4310677770201,30.4743801204662,37.8826271047422));
#11023=CARTESIAN_POINT('Origin',(-35.4310411452567,38.6373043352627,34.9523060686967));
#11024=CARTESIAN_POINT('',(-38.1108163839038,72.3174759634888,1.5));
#11025=CARTESIAN_POINT('Origin',(-35.4310677770201,30.4743801204662,37.8826271047422));
#11026=CARTESIAN_POINT('Origin',(-35.4189175487817,77.3175323925532,-2.44782434040015E-15));
#11027=CARTESIAN_POINT('',(-45.9189175485582,77.3176009056271,1.5));
#11028=CARTESIAN_POINT('Origin',(-35.4189175487817,77.3175323925532,1.5));
#11029=CARTESIAN_POINT('',(-45.9189175485582,77.3176009056271,-3.73370347949803E-15));
#11030=CARTESIAN_POINT('Origin',(-20.9309492067238,66.8174378575444,-6.73555739531044E-16));
#11031=CARTESIAN_POINT('',(-20.9309492067238,66.8174378575444,0.799999999999999));
#11032=CARTESIAN_POINT('',(-29.4934698841563,66.8174937284598,0.799999999999998));
#11033=CARTESIAN_POINT('',(-20.9309492067238,66.8174378575444,1.5));
#11034=CARTESIAN_POINT('',(-20.9309492067238,66.8174378575444,-6.73555739531044E-16));
#11035=CARTESIAN_POINT('',(-20.9309492067238,66.8174378575444,1.5));
#11036=CARTESIAN_POINT('Origin',(-45.9189175485582,77.3176009056271,-3.73370347949803E-15));
#11037=CARTESIAN_POINT('',(-45.9188541821787,87.0288420860724,1.5));
#11038=CARTESIAN_POINT('',(-45.9189175485582,77.3176009056271,1.5));
#11039=CARTESIAN_POINT('',(-45.9188541821787,87.0288420860724,-3.73369959942634E-15));
#11040=CARTESIAN_POINT('Origin',(-45.9188541821787,87.0288420860724,-3.73369959942634E-15));
#11041=CARTESIAN_POINT('',(-53.7665084178372,92.788463387052,1.5));
#11042=CARTESIAN_POINT('',(-45.9188541821787,87.0288420860724,1.5));
#11043=CARTESIAN_POINT('',(-53.7665084178372,92.788463387052,-4.69476236469689E-15));
#11044=CARTESIAN_POINT('Origin',(-56.3200567256018,89.3091652963033,-5.00748045071848E-15));
#11045=CARTESIAN_POINT('',(-60.635856091137,89.3091934571301,1.49999999999999));
#11046=CARTESIAN_POINT('Origin',(-56.3200567256018,89.3091652963033,1.5));
#11047=CARTESIAN_POINT('',(-60.635856091137,89.3091934571301,-5.53601343860341E-15));
#11048=CARTESIAN_POINT('Origin',(-35.418950174055,72.3175323926596,-2.44782633812198E-15));
#11049=CARTESIAN_POINT('',(-35.418950174055,72.3175323926596,1.5));
#11050=CARTESIAN_POINT('',(-35.418950174055,72.3175323926596,-2.44782633812198E-15));
#11051=CARTESIAN_POINT('',(-15.4309312629113,72.3174019697437,1.5));
#11052=CARTESIAN_POINT('',(-15.4309312629113,72.3174019697437,1.5));
#11053=CARTESIAN_POINT('',(-15.4309312629113,72.3174019697437,0.));
#11054=CARTESIAN_POINT('Origin',(-35.4189175487817,77.3175323925532,-2.44782434040015E-15));
#11055=CARTESIAN_POINT('',(-40.4189175486753,77.3175650178265,1.5));
#11056=CARTESIAN_POINT('',(-40.4189175486753,77.3175650178265,-3.06014773997057E-15));
#11057=CARTESIAN_POINT('Origin',(-35.4189175487817,77.3175323925532,1.5));
#11058=CARTESIAN_POINT('Origin',(-40.4188492248942,87.7885548727124,-3.06014355634558E-15));
#11059=CARTESIAN_POINT('',(-40.4188492248942,87.7885548727124,1.5));
#11060=CARTESIAN_POINT('',(-40.4188492248942,87.7885548727124,-3.06014355634558E-15));
#11061=CARTESIAN_POINT('',(-40.4189175486753,77.3175650178265,1.5));
#11062=CARTESIAN_POINT('Origin',(-44.418849224809,87.7885809729311,-3.55000227600191E-15));
#11063=CARTESIAN_POINT('',(-42.052145567396,91.013284648928,1.5));
#11064=CARTESIAN_POINT('',(-42.052145567396,91.013284648928,-3.26016595855752E-15));
#11065=CARTESIAN_POINT('Origin',(-44.418849224809,87.7885809729311,1.5));
#11066=CARTESIAN_POINT('Origin',(-50.5122846608353,97.2224263706012,-4.29623666549177E-15));
#11067=CARTESIAN_POINT('',(-50.5122846608363,97.2224263705998,1.5));
#11068=CARTESIAN_POINT('',(-50.5122846608363,97.2224263705998,-4.2962366654919E-15));
#11069=CARTESIAN_POINT('',(-42.052145567396,91.013284648928,1.5));
#11070=CARTESIAN_POINT('Origin',(-56.3200567256018,89.3091652963033,-5.00748045071848E-15));
#11071=CARTESIAN_POINT('Origin',(-56.3200567256018,89.3091652963033,1.5));
#11072=CARTESIAN_POINT('Origin',(-60.635856091137,89.3091934571301,-5.53601343860341E-15));
#11073=CARTESIAN_POINT('',(-60.635856091137,89.3091934571301,1.49999999999999));
#11074=CARTESIAN_POINT('Origin',(6.06899696143156,50.3173497693943,26.027401490899));
#11075=CARTESIAN_POINT('',(7.0690002239536,51.3173465068619,2.8));
#11076=CARTESIAN_POINT('',(7.06900022395359,51.3173465068616,29.5000000000002));
#11077=CARTESIAN_POINT('',(7.06900022395359,51.3173465068617,20.5887007454495));
#11078=CARTESIAN_POINT('',(4.56899206764858,48.8173546631932,29.5000000000002));
#11079=CARTESIAN_POINT('',(9.81900919588898,54.0673375348967,29.5000000000001));
#11080=CARTESIAN_POINT('',(4.56899206764858,48.8173546631932,24.8409973410726));
#11081=CARTESIAN_POINT('',(4.56899206764858,48.8173546631933,20.5887007454495));
#11082=CARTESIAN_POINT('',(4.56899206764856,48.8173546631935,2.8));
#11083=CARTESIAN_POINT('',(4.56899206764856,48.8173546631932,26.027401490899));
#11084=CARTESIAN_POINT('',(5.78999161614277,50.0383462446249,1.57900443503069));
#11085=CARTESIAN_POINT('',(0.4096243099225,44.6580140454808,6.9593541877415));
#11086=CARTESIAN_POINT('',(5.78999161614277,50.0383462446249,1.8));
#11087=CARTESIAN_POINT('',(5.78999161614289,50.0383462446249,13.4137007454494));
#11088=CARTESIAN_POINT('',(7.56900185521457,51.8173448755956,1.8));
#11089=CARTESIAN_POINT('',(7.21239068538016,51.4607360326609,1.8));
#11090=CARTESIAN_POINT('',(7.56900185521457,51.8173448755955,2.30000000000003));
#11091=CARTESIAN_POINT('',(7.56900185521457,51.8173448755953,26.027401490899));
#11092=CARTESIAN_POINT('',(2.31976066625528,46.5681379381101,7.5492240632503));
#11093=CARTESIAN_POINT('Origin',(4.56900185523056,51.8173546631772,29.5000000000002));
#11094=CARTESIAN_POINT('',(8.06900185521194,51.8173432443319,1.8));
#11095=CARTESIAN_POINT('',(7.24527732030013,51.8173459317557,1.8));
#11096=CARTESIAN_POINT('',(0.269001855253393,51.817368692045,9.60000000000006));
#11097=CARTESIAN_POINT('Origin',(9.92155024389042,51.0383462446249,1.8));
#11098=CARTESIAN_POINT('',(35.2741044367203,50.0383462446249,1.8));
#11099=CARTESIAN_POINT('',(-15.4311039797106,50.0383462446249,1.8));
#11100=CARTESIAN_POINT('',(35.2741044367203,52.0383462446249,1.8));
#11101=CARTESIAN_POINT('',(35.2741044367203,19.6707732469986,1.8));
#11102=CARTESIAN_POINT('',(8.06900257624027,52.0383462446249,1.8));
#11103=CARTESIAN_POINT('',(-15.4311039797106,52.0383462446249,1.8));
#11104=CARTESIAN_POINT('',(8.06899117543664,48.5438763221915,1.8));
#11105=CARTESIAN_POINT('Origin',(-15.4310039489395,50.0383462446249,0.8));
#11106=CARTESIAN_POINT('',(0.568989567072959,50.0383462446249,6.80000648407271));
#11107=CARTESIAN_POINT('',(29.7741044367203,50.0383462446249,1.5));
#11108=CARTESIAN_POINT('',(29.7741044367203,50.0383462446249,0.4));
#11109=CARTESIAN_POINT('',(35.2741044367203,50.0383462446249,1.5));
#11110=CARTESIAN_POINT('',(-2.75114697828972,50.0383462446249,1.5));
#11111=CARTESIAN_POINT('',(35.2741044367203,50.0383462446249,0.8));
#11112=CARTESIAN_POINT('Origin',(8.06898303714063,46.04940035576,1.8));
#11113=CARTESIAN_POINT('',(9.06900257624559,52.0383462446249,0.8));
#11114=CARTESIAN_POINT('',(15.1202731566216,52.0383462446249,-5.25127058034377));
#11115=CARTESIAN_POINT('',(9.06905079311655,66.8173399817245,0.8));
#11116=CARTESIAN_POINT('',(9.06898303713531,46.0493970932326,0.8));
#11117=CARTESIAN_POINT('',(7.0690507931272,66.8173465067791,2.8));
#11118=CARTESIAN_POINT('',(7.44405079312527,66.8173452833314,2.42499999999993));
#11119=CARTESIAN_POINT('',(7.06898303714595,46.0494036182873,2.8));
#11120=CARTESIAN_POINT('Origin',(7.06902632417223,59.317346506819,15.1500000000001));
#11121=CARTESIAN_POINT('',(7.06905079312719,66.8173465067795,27.9999999999998));
#11122=CARTESIAN_POINT('',(7.0690507931272,66.8173465067791,0.800000000000001));
#11123=CARTESIAN_POINT('',(7.0690458993362,65.3173465067875,29.4999999999999));
#11124=CARTESIAN_POINT('Origin',(7.0690458993362,65.3173465067874,27.9999999999999));
#11125=CARTESIAN_POINT('',(7.06903855864971,63.0673465067989,29.4999999999999));
#11126=CARTESIAN_POINT('',(7.06902828168863,59.9173465068159,24.4999999999999));
#11127=CARTESIAN_POINT('Origin',(7.06903611175421,62.3173465068031,24.4999999999999));
#11128=CARTESIAN_POINT('Origin',(7.19409214844727,32.7814603214425,0.8));
#11129=CARTESIAN_POINT('',(4.5690507931405,66.8173546630974,0.800000000000001));
#11130=CARTESIAN_POINT('',(5.88162699229764,66.8173503807817,0.8));
#11131=CARTESIAN_POINT('',(29.7741044367203,52.0383462446249,0.8));
#11132=CARTESIAN_POINT('',(21.2340982925838,52.0383462446249,0.8));
#11133=CARTESIAN_POINT('',(29.7741044367203,89.308898492163,0.8));
#11134=CARTESIAN_POINT('',(29.7741044367203,61.0451794068027,0.8));
#11135=CARTESIAN_POINT('',(22.9047794659932,92.7882132448799,0.8));
#11136=CARTESIAN_POINT('Origin',(25.4583050710932,89.308898492163,0.8));
#11137=CARTESIAN_POINT('',(15.057087648658,87.0286431503958,0.8));
#11138=CARTESIAN_POINT('',(-0.43585531976017,75.6580780118238,0.8));
#11139=CARTESIAN_POINT('',(15.0570876486579,77.3174019697437,0.8));
#11140=CARTESIAN_POINT('',(15.0570876486579,55.0494311455931,0.8));
#11141=CARTESIAN_POINT('',(4.56905079331702,66.8174087848331,0.800000000000001));
#11142=CARTESIAN_POINT('Origin',(4.55708764865795,77.3174019697437,0.8));
#11143=CARTESIAN_POINT('',(4.56897011500382,42.0886310276795,0.800000000000001));
#11144=CARTESIAN_POINT('Origin',(5.5689701149985,42.0886277651522,1.8));
#11145=CARTESIAN_POINT('',(4.56893222276709,30.474249619373,2.8));
#11146=CARTESIAN_POINT('',(4.56897011500382,42.0886310276795,2.8));
#11147=CARTESIAN_POINT('',(5.7689322227607,30.4742457043402,1.6));
#11148=CARTESIAN_POINT('Origin',(4.56900047987464,51.3957931692851,22.5548029817979));
#11149=CARTESIAN_POINT('',(4.56895885453041,38.6371738341695,34.9523060686967));
#11150=CARTESIAN_POINT('',(4.56895885453041,38.6371738341695,34.9523060686967));
#11151=CARTESIAN_POINT('',(4.5689588545304,38.6371738341695,43.164695167924));
#11152=CARTESIAN_POINT('',(4.5689588545304,38.6371738341695,44.0374287415502));
#11153=CARTESIAN_POINT('',(4.56895186046025,36.4934154979146,44.0385922078288));
#11154=CARTESIAN_POINT('Origin',(4.56895477637124,37.3871738341762,43.164695167924));
#11155=CARTESIAN_POINT('',(4.56893222276708,30.474249619373,37.8826271047422));
#11156=CARTESIAN_POINT('',(4.56893222276708,30.474249619373,37.8826271047422));
#11157=CARTESIAN_POINT('',(4.56893222276709,30.474249619373,1.2));
#11158=CARTESIAN_POINT('Origin',(4.56895477637125,37.3871738341762,43.164695167924));
#11159=CARTESIAN_POINT('',(2.06895885454371,38.6371819904878,43.164695167924));
#11160=CARTESIAN_POINT('',(4.56895885453041,38.6371738341695,43.164695167924));
#11161=CARTESIAN_POINT('',(2.06895186047355,36.4934236542329,44.0385922078288));
#11162=CARTESIAN_POINT('Origin',(2.06895477638455,37.3871819904945,43.164695167924));
#11163=CARTESIAN_POINT('',(4.56895186046025,36.4934154979146,44.0385922078288));
#11164=CARTESIAN_POINT('Origin',(2.06900047988795,51.3958013256034,22.5548029817979));
#11165=CARTESIAN_POINT('',(2.06895885454371,38.6371819904878,34.9523060686967));
#11166=CARTESIAN_POINT('',(2.06895885454371,38.6371819904878,44.0374287415502));
#11167=CARTESIAN_POINT('',(2.06906873699559,72.3173448755155,1.5));
#11168=CARTESIAN_POINT('',(2.06895885454371,38.6371819904878,34.9523060686967));
#11169=CARTESIAN_POINT('',(2.06905079328149,66.8174019697437,1.5));
#11170=CARTESIAN_POINT('',(2.06897011503168,42.0886436448805,1.5));
#11171=CARTESIAN_POINT('',(2.06905079328149,66.8174019697437,0.8));
#11172=CARTESIAN_POINT('',(2.06905079328149,66.8174019697437,11.277401490899));
#11173=CARTESIAN_POINT('',(2.06900257620831,52.0383462446249,0.8));
#11174=CARTESIAN_POINT('',(2.06897011501713,42.0886391839978,0.800000000000001));
#11175=CARTESIAN_POINT('',(2.06900257620831,52.0383462446249,1.8));
#11176=CARTESIAN_POINT('',(2.06900257620831,52.0383462446249,11.677401490899));
#11177=CARTESIAN_POINT('',(2.06899605115366,50.0383462446249,1.8));
#11178=CARTESIAN_POINT('',(2.06899989682626,51.2170865946951,1.8));
#11179=CARTESIAN_POINT('',(2.06899605115366,50.0383462446249,11.677401490899));
#11180=CARTESIAN_POINT('',(2.06893222278039,30.4742577756913,37.8826271047422));
#11181=CARTESIAN_POINT('',(2.06893222278039,30.4742577756913,1.2));
#11182=CARTESIAN_POINT('',(2.06893222278039,30.4742577756913,37.8826271047422));
#11183=CARTESIAN_POINT('Origin',(4.5689588545304,38.6371738341695,44.0374287415502));
#11184=CARTESIAN_POINT('',(4.56895885453041,38.6371738341695,34.9523060686967));
#11185=CARTESIAN_POINT('Origin',(35.2741044367203,52.0383462446249,0.8));
#11186=CARTESIAN_POINT('',(21.2340982925838,52.0383462446249,0.8));
#11187=CARTESIAN_POINT('',(-15.4311039797106,52.0383462446249,1.8));
#11188=CARTESIAN_POINT('Origin',(35.2741044367203,52.0383462446249,0.8));
#11189=CARTESIAN_POINT('',(35.2741044367203,52.0383462446249,1.5));
#11190=CARTESIAN_POINT('',(35.2741044367203,52.0383462446249,0.8));
#11191=CARTESIAN_POINT('',(29.7741044367203,52.0383462446249,1.5));
#11192=CARTESIAN_POINT('',(22.6014072145402,52.0383462446249,1.5));
#11193=CARTESIAN_POINT('',(29.7741044367203,52.0383462446249,0.4));
#11194=CARTESIAN_POINT('Origin',(9.92155024389042,51.0383462446249,1.8));
#11195=CARTESIAN_POINT('',(-15.4311039797106,50.0383462446249,1.8));
#11196=CARTESIAN_POINT('Origin',(-15.4310039489395,50.0383462446249,0.8));
#11197=CARTESIAN_POINT('Origin',(35.2741044367203,19.6707732469986,0.));
#11198=CARTESIAN_POINT('',(35.2741044367203,89.308898492163,1.5));
#11199=CARTESIAN_POINT('',(35.2741044367203,89.308898492163,0.));
#11200=CARTESIAN_POINT('',(35.2741044367203,89.308898492163,1.5));
#11201=CARTESIAN_POINT('',(35.2741044367203,89.308898492163,1.5));
#11202=CARTESIAN_POINT('Origin',(9.92870999236002,32.7814603214425,1.5));
#11203=CARTESIAN_POINT('',(29.7741044367203,89.308898492163,1.5));
#11204=CARTESIAN_POINT('',(32.9117376613662,27.9886248671525,1.5));
#11205=CARTESIAN_POINT('Origin',(29.7741044367203,89.308898492163,0.));
#11206=CARTESIAN_POINT('Origin',(7.19409214844727,32.7814603214425,0.8));
#11207=CARTESIAN_POINT('',(-9.93094920678233,66.8174019697437,0.8));
#11208=CARTESIAN_POINT('',(-1.36842852916753,66.8174019697437,0.8));
#11209=CARTESIAN_POINT('',(-4.11837300764913,66.817383006055,0.8));
#11210=CARTESIAN_POINT('Origin',(35.2741044367203,27.9886171598664,0.8));
#11211=CARTESIAN_POINT('Origin',(7.19409214844727,32.7814603214425,0.8));
#11212=CARTESIAN_POINT('Origin',(6.86903611175528,62.3173471593086,24.4999999999999));
#11213=CARTESIAN_POINT('',(6.66902958670169,60.3173478118247,24.4999999999999));
#11214=CARTESIAN_POINT('',(6.86902893419516,60.1173471593203,24.4999999999999));
#11215=CARTESIAN_POINT('Origin',(6.66903611175635,62.317347811814,24.4999999999999));
#11216=CARTESIAN_POINT('Origin',(4.56903611176752,62.3173546631214,24.4999999999999));
#11217=CARTESIAN_POINT('',(4.56902958671286,60.317354663132,24.4999999999999));
#11218=CARTESIAN_POINT('',(4.56902958671286,60.317354663132,24.4999999999999));
#11219=CARTESIAN_POINT('Origin',(4.56903611176752,62.3173546631214,24.4999999999999));
#11220=CARTESIAN_POINT('Origin',(4.56904589934951,65.3173546631058,27.9999999999999));
#11221=CARTESIAN_POINT('',(4.5690507931405,66.8173546630978,27.9999999999998));
#11222=CARTESIAN_POINT('',(4.5690507931405,66.8173546630978,27.9999999999998));
#11223=CARTESIAN_POINT('',(4.56904589934951,65.3173546631058,29.4999999999999));
#11224=CARTESIAN_POINT('Origin',(4.56904589934951,65.3173546631058,27.9999999999999));
#11225=CARTESIAN_POINT('',(4.56904589934951,65.3173546631058,29.4999999999999));
#11226=CARTESIAN_POINT('Origin',(4.5690507931405,66.8173546630974,0.800000000000001));
#11227=CARTESIAN_POINT('',(4.5690507931405,66.8173546630975,6.96277296048278));
#11228=CARTESIAN_POINT('',(4.56905079314045,66.8173546630976,11.6774014908989));
#11229=CARTESIAN_POINT('',(4.5690507931405,66.8173546630974,0.800000000000001));
#11230=CARTESIAN_POINT('Origin',(4.5690507931405,66.8173546630968,29.4999999999998));
#11231=CARTESIAN_POINT('',(4.5690507931405,66.8173546630968,29.4999999999998));
#11232=CARTESIAN_POINT('Origin',(4.56902632418553,59.3173546631373,15.1500000000001));
#11233=CARTESIAN_POINT('',(4.56895885453041,38.6371738341695,34.9523060686967));
#11234=CARTESIAN_POINT('Origin',(4.56900047987464,51.3957931692851,22.5548029817979));
#11235=CARTESIAN_POINT('',(4.56905079331702,66.8174087848331,1.5));
#11236=CARTESIAN_POINT('',(4.56905079331702,66.8174087848331,0.));
#11237=CARTESIAN_POINT('',(4.56906873698228,72.3173367191972,1.5));
#11238=CARTESIAN_POINT('',(4.56897011501837,42.0886354885622,1.5));
#11239=CARTESIAN_POINT('',(4.56895885453041,38.6371738341695,34.9523060686967));
#11240=CARTESIAN_POINT('Origin',(4.56893222276709,30.474249619373,1.2490009027033E-15));
#11241=CARTESIAN_POINT('',(4.56893222276708,30.474249619373,37.8826271047422));
#11242=CARTESIAN_POINT('Origin',(4.56895885453041,38.6371738341695,34.9523060686967));
#11243=CARTESIAN_POINT('',(7.24895385808121,72.3173279759987,1.5));
#11244=CARTESIAN_POINT('Origin',(4.56893222276708,30.474249619373,37.8826271047422));
#11245=CARTESIAN_POINT('Origin',(9.92870999236002,32.7814603214425,1.5));
#11246=CARTESIAN_POINT('',(19.6505846409124,97.2221974623212,1.5));
#11247=CARTESIAN_POINT('Origin',(25.4583050710932,89.308898492163,1.5));
#11248=CARTESIAN_POINT('',(11.1904050326631,91.0131109436516,1.5));
#11249=CARTESIAN_POINT('',(11.1904050326631,91.0131109436516,1.5));
#11250=CARTESIAN_POINT('',(9.55708764865795,87.7883918248526,1.5));
#11251=CARTESIAN_POINT('Origin',(13.557087648658,87.7883918248526,1.5));
#11252=CARTESIAN_POINT('',(9.55708764865795,77.3174019697437,1.5));
#11253=CARTESIAN_POINT('',(9.55708764865795,77.3174019697437,1.5));
#11254=CARTESIAN_POINT('',(4.55708764865795,72.3174019697437,1.5));
#11255=CARTESIAN_POINT('Origin',(4.55708764865795,77.3174019697437,1.5));
#11256=CARTESIAN_POINT('',(-15.4309312629113,72.3174019697437,1.5));
#11257=CARTESIAN_POINT('',(-9.93094920678233,66.8174019697437,1.5));
#11258=CARTESIAN_POINT('',(-20.9309492067238,66.8174378575444,1.5));
#11259=CARTESIAN_POINT('',(-9.93094920678233,66.8174019697437,1.5));
#11260=CARTESIAN_POINT('',(15.0570876486579,77.3174019697437,1.5));
#11261=CARTESIAN_POINT('Origin',(4.55708764865795,77.3174019697437,1.5));
#11262=CARTESIAN_POINT('',(15.057087648658,87.0286431503958,1.5));
#11263=CARTESIAN_POINT('',(15.0570876486579,77.3174019697437,1.5));
#11264=CARTESIAN_POINT('',(22.9047794659932,92.7882132448799,1.5));
#11265=CARTESIAN_POINT('',(15.057087648658,87.0286431503958,1.5));
#11266=CARTESIAN_POINT('',(29.7741044367203,89.308898492163,1.5));
#11267=CARTESIAN_POINT('Origin',(25.4583050710932,89.308898492163,1.5));
#11268=CARTESIAN_POINT('',(29.7741044367203,89.308898492163,1.5));
#11269=CARTESIAN_POINT('Origin',(4.55708764865795,77.3174019697437,0.));
#11270=CARTESIAN_POINT('',(15.0570876486579,77.3174019697437,0.));
#11271=CARTESIAN_POINT('Origin',(-15.4309492067531,66.8174199136441,0.));
#11272=CARTESIAN_POINT('',(-9.93094920678233,66.8174019697437,0.));
#11273=CARTESIAN_POINT('Origin',(-9.93094920678233,66.8174019697437,0.));
#11274=CARTESIAN_POINT('Origin',(15.0570876486579,77.3174019697437,0.));
#11275=CARTESIAN_POINT('',(15.057087648658,87.0286431503958,0.));
#11276=CARTESIAN_POINT('Origin',(15.057087648658,87.0286431503958,0.));
#11277=CARTESIAN_POINT('',(22.9047794659932,92.7882132448799,0.));
#11278=CARTESIAN_POINT('Origin',(25.4583050710932,89.308898492163,0.));
#11279=CARTESIAN_POINT('',(29.7741044367203,89.308898492163,0.));
#11280=CARTESIAN_POINT('Origin',(4.55708764865795,72.3174019697437,0.));
#11281=CARTESIAN_POINT('',(4.55708764865795,72.3174019697437,0.));
#11282=CARTESIAN_POINT('Origin',(4.55708764865795,77.3174019697437,0.));
#11283=CARTESIAN_POINT('',(9.55708764865795,77.3174019697437,0.));
#11284=CARTESIAN_POINT('Origin',(9.55708764865795,87.7883918248526,0.));
#11285=CARTESIAN_POINT('',(9.55708764865795,87.7883918248526,0.));
#11286=CARTESIAN_POINT('Origin',(13.557087648658,87.7883918248526,0.));
#11287=CARTESIAN_POINT('',(11.1904050326631,91.0131109436516,0.));
#11288=CARTESIAN_POINT('Origin',(19.6505846409114,97.2221974623226,0.));
#11289=CARTESIAN_POINT('',(19.6505846409124,97.2221974623212,0.));
#11290=CARTESIAN_POINT('Origin',(25.4583050710932,89.308898492163,0.));
#11291=CARTESIAN_POINT('Origin',(29.7741044367203,89.308898492163,0.));
#11292=UNCERTAINTY_MEASURE_WITH_UNIT(LENGTH_MEASURE(0.01),#11296,
'DISTANCE_ACCURACY_VALUE',
'Maximum model space distance between geometric entities at asserted c
onnectivities');
#11293=UNCERTAINTY_MEASURE_WITH_UNIT(LENGTH_MEASURE(0.01),#11296,
'DISTANCE_ACCURACY_VALUE',
'Maximum model space distance between geometric entities at asserted c
onnectivities');
#11294=(
GEOMETRIC_REPRESENTATION_CONTEXT(3)
GLOBAL_UNCERTAINTY_ASSIGNED_CONTEXT((#11292))
GLOBAL_UNIT_ASSIGNED_CONTEXT((#11296,#11297,#11298))
REPRESENTATION_CONTEXT('','3D')
);
#11295=(
GEOMETRIC_REPRESENTATION_CONTEXT(3)
GLOBAL_UNCERTAINTY_ASSIGNED_CONTEXT((#11293))
GLOBAL_UNIT_ASSIGNED_CONTEXT((#11296,#11297,#11298))
REPRESENTATION_CONTEXT('','3D')
);
#11296=(
LENGTH_UNIT()
NAMED_UNIT(*)
SI_UNIT(.MILLI.,.METRE.)
);
#11297=(
NAMED_UNIT(*)
PLANE_ANGLE_UNIT()
SI_UNIT($,.RADIAN.)
);
#11298=(
NAMED_UNIT(*)
SI_UNIT($,.STERADIAN.)
SOLID_ANGLE_UNIT()
);
#11299=SHAPE_DEFINITION_REPRESENTATION(#11300,#11301);
#11300=PRODUCT_DEFINITION_SHAPE('',$,#11303);
#11301=SHAPE_REPRESENTATION('',(#4301),#11294);
#11302=PRODUCT_DEFINITION_CONTEXT('part definition',#11307,'design');
#11303=PRODUCT_DEFINITION('perch-1-02','perch-1-02',#11304,#11302);
#11304=PRODUCT_DEFINITION_FORMATION('',$,#11309);
#11305=PRODUCT_RELATED_PRODUCT_CATEGORY('perch-1-02','perch-1-02',(#11309));
#11306=APPLICATION_PROTOCOL_DEFINITION('international standard',
'automotive_design',2009,#11307);
#11307=APPLICATION_CONTEXT(
'Core Data for Automotive Mechanical Design Process');
#11308=PRODUCT_CONTEXT('part definition',#11307,'mechanical');
#11309=PRODUCT('perch-1-02','perch-1-02',$,(#11308));
#11310=PRESENTATION_STYLE_ASSIGNMENT((#11312));
#11311=PRESENTATION_STYLE_ASSIGNMENT((#11313));
#11312=SURFACE_STYLE_USAGE(.BOTH.,#11314);
#11313=SURFACE_STYLE_USAGE(.BOTH.,#11315);
#11314=SURFACE_SIDE_STYLE('',(#11316));
#11315=SURFACE_SIDE_STYLE('',(#11317));
#11316=SURFACE_STYLE_FILL_AREA(#11318);
#11317=SURFACE_STYLE_FILL_AREA(#11319);
#11318=FILL_AREA_STYLE('Steel - Satin',(#11320));
#11319=FILL_AREA_STYLE('Greenish beige - Colorfabb',(#11321));
#11320=FILL_AREA_STYLE_COLOUR('Steel - Satin',#11322);
#11321=FILL_AREA_STYLE_COLOUR('Greenish beige - Colorfabb',#11323);
#11322=COLOUR_RGB('Steel - Satin',0.627450980392157,0.627450980392157,0.627450980392157);
#11323=COLOUR_RGB('Greenish beige - Colorfabb',0.690196078431373,0.666666666666667,
0.494117647058824);
ENDSEC;
END-ISO-10303-21;
